SATNET-590-00001 [DTC]
1     1U 00000A   25274.57027601 .00000000  00000-0 0 000           1
2     1  85.0000   0.0000 0000000   0.0000   0.0000 14.92546055    07
SATNET-590-00002 [DTC]
1     2U 00000A   25274.57027601 .00000000  00000-0 0 000           2
2     2  85.0000   0.0000 0000000   0.0000  12.0000 14.92546055    01
SATNET-590-00003 [DTC]
1     3U 00000A   25274.57027601 .00000000  00000-0 0 000           3
2     3  85.0000   0.0000 0000000   0.0000  24.0000 14.92546055    05
SATNET-590-00004 [DTC]
1     4U 00000A   25274.57027601 .00000000  00000-0 0 000           4
2     4  85.0000   0.0000 0000000   0.0000  36.0000 14.92546055    09
SATNET-590-00005 [DTC]
1     5U 00000A   25274.57027601 .00000000  00000-0 0 000           5
2     5  85.0000   0.0000 0000000   0.0000  48.0000 14.92546055    03
SATNET-590-00006 [DTC]
1     6U 00000A   25274.57027601 .00000000  00000-0 0 000           6
2     6  85.0000   0.0000 0000000   0.0000  60.0000 14.92546055    08
SATNET-590-00007 [DTC]
1     7U 00000A   25274.57027601 .00000000  00000-0 0 000           7
2     7  85.0000   0.0000 0000000   0.0000  72.0000 14.92546055    02
SATNET-590-00008 [DTC]
1     8U 00000A   25274.57027601 .00000000  00000-0 0 000           8
2     8  85.0000   0.0000 0000000   0.0000  84.0000 14.92546055    06
SATNET-590-00009 [DTC]
1     9U 00000A   25274.57027601 .00000000  00000-0 0 000           9
2     9  85.0000   0.0000 0000000   0.0000  96.0000 14.92546055    00
SATNET-590-00010 [DTC]
1    10U 00000A   25274.57027601 .00000000  00000-0 0 000           1
2    10  85.0000   0.0000 0000000   0.0000 108.0000 14.92546055    06
SATNET-590-00011 [DTC]
1    11U 00000A   25274.57027601 .00000000  00000-0 0 000           2
2    11  85.0000   0.0000 0000000   0.0000 120.0000 14.92546055    01
SATNET-590-00012 [DTC]
1    12U 00000A   25274.57027601 .00000000  00000-0 0 000           3
2    12  85.0000   0.0000 0000000   0.0000 132.0000 14.92546055    05
SATNET-590-00013 [DTC]
1    13U 00000A   25274.57027601 .00000000  00000-0 0 000           4
2    13  85.0000   0.0000 0000000   0.0000 144.0000 14.92546055    09
SATNET-590-00014 [DTC]
1    14U 00000A   25274.57027601 .00000000  00000-0 0 000           5
2    14  85.0000   0.0000 0000000   0.0000 156.0000 14.92546055    03
SATNET-590-00015 [DTC]
1    15U 00000A   25274.57027601 .00000000  00000-0 0 000           6
2    15  85.0000   0.0000 0000000   0.0000 168.0000 14.92546055    07
SATNET-590-00016 [DTC]
1    16U 00000A   25274.57027601 .00000000  00000-0 0 000           7
2    16  85.0000   0.0000 0000000   0.0000 180.0000 14.92546055    02
SATNET-590-00017 [DTC]
1    17U 00000A   25274.57027601 .00000000  00000-0 0 000           8
2    17  85.0000   0.0000 0000000   0.0000 192.0000 14.92546055    06
SATNET-590-00018 [DTC]
1    18U 00000A   25274.57027601 .00000000  00000-0 0 000           9
2    18  85.0000   0.0000 0000000   0.0000 204.0000 14.92546055    01
SATNET-590-00019 [DTC]
1    19U 00000A   25274.57027601 .00000000  00000-0 0 000           0
2    19  85.0000   0.0000 0000000   0.0000 216.0000 14.92546055    05
SATNET-590-00020 [DTC]
1    20U 00000A   25274.57027601 .00000000  00000-0 0 000           2
2    20  85.0000   0.0000 0000000   0.0000 228.0000 14.92546055    00
SATNET-590-00021 [DTC]
1    21U 00000A   25274.57027601 .00000000  00000-0 0 000           3
2    21  85.0000   0.0000 0000000   0.0000 240.0000 14.92546055    05
SATNET-590-00022 [DTC]
1    22U 00000A   25274.57027601 .00000000  00000-0 0 000           4
2    22  85.0000   0.0000 0000000   0.0000 252.0000 14.92546055    09
SATNET-590-00023 [DTC]
1    23U 00000A   25274.57027601 .00000000  00000-0 0 000           5
2    23  85.0000   0.0000 0000000   0.0000 264.0000 14.92546055    03
SATNET-590-00024 [DTC]
1    24U 00000A   25274.57027601 .00000000  00000-0 0 000           6
2    24  85.0000   0.0000 0000000   0.0000 276.0000 14.92546055    07
SATNET-590-00025 [DTC]
1    25U 00000A   25274.57027601 .00000000  00000-0 0 000           7
2    25  85.0000   0.0000 0000000   0.0000 288.0000 14.92546055    01
SATNET-590-00026 [DTC]
1    26U 00000A   25274.57027601 .00000000  00000-0 0 000           8
2    26  85.0000   0.0000 0000000   0.0000 300.0000 14.92546055    07
SATNET-590-00027 [DTC]
1    27U 00000A   25274.57027601 .00000000  00000-0 0 000           9
2    27  85.0000   0.0000 0000000   0.0000 312.0000 14.92546055    01
SATNET-590-00028 [DTC]
1    28U 00000A   25274.57027601 .00000000  00000-0 0 000           0
2    28  85.0000   0.0000 0000000   0.0000 324.0000 14.92546055    05
SATNET-590-00029 [DTC]
1    29U 00000A   25274.57027601 .00000000  00000-0 0 000           1
2    29  85.0000   0.0000 0000000   0.0000 336.0000 14.92546055    09
SATNET-590-00030 [DTC]
1    30U 00000A   25274.57027601 .00000000  00000-0 0 000           3
2    30  85.0000   0.0000 0000000   0.0000 348.0000 14.92546055    04
SATNET-590-00031 [DTC]
1    31U 00000A   25274.57027601 .00000000  00000-0 0 000           4
2    31  85.0000  13.3000 0000000   0.0000   0.0000 14.92546055    07
SATNET-590-00032 [DTC]
1    32U 00000A   25274.57027601 .00000000  00000-0 0 000           5
2    32  85.0000  13.3000 0000000   0.0000  12.0000 14.92546055    01
SATNET-590-00033 [DTC]
1    33U 00000A   25274.57027601 .00000000  00000-0 0 000           6
2    33  85.0000  13.3000 0000000   0.0000  24.0000 14.92546055    05
SATNET-590-00034 [DTC]
1    34U 00000A   25274.57027601 .00000000  00000-0 0 000           7
2    34  85.0000  13.3000 0000000   0.0000  36.0000 14.92546055    09
SATNET-590-00035 [DTC]
1    35U 00000A   25274.57027601 .00000000  00000-0 0 000           8
2    35  85.0000  13.3000 0000000   0.0000  48.0000 14.92546055    03
SATNET-590-00036 [DTC]
1    36U 00000A   25274.57027601 .00000000  00000-0 0 000           9
2    36  85.0000  13.3000 0000000   0.0000  60.0000 14.92546055    08
SATNET-590-00037 [DTC]
1    37U 00000A   25274.57027601 .00000000  00000-0 0 000           0
2    37  85.0000  13.3000 0000000   0.0000  72.0000 14.92546055    02
SATNET-590-00038 [DTC]
1    38U 00000A   25274.57027601 .00000000  00000-0 0 000           1
2    38  85.0000  13.3000 0000000   0.0000  84.0000 14.92546055    06
SATNET-590-00039 [DTC]
1    39U 00000A   25274.57027601 .00000000  00000-0 0 000           2
2    39  85.0000  13.3000 0000000   0.0000  96.0000 14.92546055    00
SATNET-590-00040 [DTC]
1    40U 00000A   25274.57027601 .00000000  00000-0 0 000           4
2    40  85.0000  13.3000 0000000   0.0000 108.0000 14.92546055    06
SATNET-590-00041 [DTC]
1    41U 00000A   25274.57027601 .00000000  00000-0 0 000           5
2    41  85.0000  13.3000 0000000   0.0000 120.0000 14.92546055    01
SATNET-590-00042 [DTC]
1    42U 00000A   25274.57027601 .00000000  00000-0 0 000           6
2    42  85.0000  13.3000 0000000   0.0000 132.0000 14.92546055    05
SATNET-590-00043 [DTC]
1    43U 00000A   25274.57027601 .00000000  00000-0 0 000           7
2    43  85.0000  13.3000 0000000   0.0000 144.0000 14.92546055    09
SATNET-590-00044 [DTC]
1    44U 00000A   25274.57027601 .00000000  00000-0 0 000           8
2    44  85.0000  13.3000 0000000   0.0000 156.0000 14.92546055    03
SATNET-590-00045 [DTC]
1    45U 00000A   25274.57027601 .00000000  00000-0 0 000           9
2    45  85.0000  13.3000 0000000   0.0000 168.0000 14.92546055    07
SATNET-590-00046 [DTC]
1    46U 00000A   25274.57027601 .00000000  00000-0 0 000           0
2    46  85.0000  13.3000 0000000   0.0000 180.0000 14.92546055    02
SATNET-590-00047 [DTC]
1    47U 00000A   25274.57027601 .00000000  00000-0 0 000           1
2    47  85.0000  13.3000 0000000   0.0000 192.0000 14.92546055    06
SATNET-590-00048 [DTC]
1    48U 00000A   25274.57027601 .00000000  00000-0 0 000           2
2    48  85.0000  13.3000 0000000   0.0000 204.0000 14.92546055    01
SATNET-590-00049 [DTC]
1    49U 00000A   25274.57027601 .00000000  00000-0 0 000           3
2    49  85.0000  13.3000 0000000   0.0000 216.0000 14.92546055    05
SATNET-590-00050 [DTC]
1    50U 00000A   25274.57027601 .00000000  00000-0 0 000           5
2    50  85.0000  13.3000 0000000   0.0000 228.0000 14.92546055    00
SATNET-590-00051 [DTC]
1    51U 00000A   25274.57027601 .00000000  00000-0 0 000           6
2    51  85.0000  13.3000 0000000   0.0000 240.0000 14.92546055    05
SATNET-590-00052 [DTC]
1    52U 00000A   25274.57027601 .00000000  00000-0 0 000           7
2    52  85.0000  13.3000 0000000   0.0000 252.0000 14.92546055    09
SATNET-590-00053 [DTC]
1    53U 00000A   25274.57027601 .00000000  00000-0 0 000           8
2    53  85.0000  13.3000 0000000   0.0000 264.0000 14.92546055    03
SATNET-590-00054 [DTC]
1    54U 00000A   25274.57027601 .00000000  00000-0 0 000           9
2    54  85.0000  13.3000 0000000   0.0000 276.0000 14.92546055    07
SATNET-590-00055 [DTC]
1    55U 00000A   25274.57027601 .00000000  00000-0 0 000           0
2    55  85.0000  13.3000 0000000   0.0000 288.0000 14.92546055    01
SATNET-590-00056 [DTC]
1    56U 00000A   25274.57027601 .00000000  00000-0 0 000           1
2    56  85.0000  13.3000 0000000   0.0000 300.0000 14.92546055    07
SATNET-590-00057 [DTC]
1    57U 00000A   25274.57027601 .00000000  00000-0 0 000           2
2    57  85.0000  13.3000 0000000   0.0000 312.0000 14.92546055    01
SATNET-590-00058 [DTC]
1    58U 00000A   25274.57027601 .00000000  00000-0 0 000           3
2    58  85.0000  13.3000 0000000   0.0000 324.0000 14.92546055    05
SATNET-590-00059 [DTC]
1    59U 00000A   25274.57027601 .00000000  00000-0 0 000           4
2    59  85.0000  13.3000 0000000   0.0000 336.0000 14.92546055    09
SATNET-590-00060 [DTC]
1    60U 00000A   25274.57027601 .00000000  00000-0 0 000           6
2    60  85.0000  13.3000 0000000   0.0000 348.0000 14.92546055    04
SATNET-590-00061 [DTC]
1    61U 00000A   25274.57027601 .00000000  00000-0 0 000           7
2    61  85.0000  26.6000 0000000   0.0000   0.0000 14.92546055    07
SATNET-590-00062 [DTC]
1    62U 00000A   25274.57027601 .00000000  00000-0 0 000           8
2    62  85.0000  26.6000 0000000   0.0000  12.0000 14.92546055    01
SATNET-590-00063 [DTC]
1    63U 00000A   25274.57027601 .00000000  00000-0 0 000           9
2    63  85.0000  26.6000 0000000   0.0000  24.0000 14.92546055    05
SATNET-590-00064 [DTC]
1    64U 00000A   25274.57027601 .00000000  00000-0 0 000           0
2    64  85.0000  26.6000 0000000   0.0000  36.0000 14.92546055    09
SATNET-590-00065 [DTC]
1    65U 00000A   25274.57027601 .00000000  00000-0 0 000           1
2    65  85.0000  26.6000 0000000   0.0000  48.0000 14.92546055    03
SATNET-590-00066 [DTC]
1    66U 00000A   25274.57027601 .00000000  00000-0 0 000           2
2    66  85.0000  26.6000 0000000   0.0000  60.0000 14.92546055    08
SATNET-590-00067 [DTC]
1    67U 00000A   25274.57027601 .00000000  00000-0 0 000           3
2    67  85.0000  26.6000 0000000   0.0000  72.0000 14.92546055    02
SATNET-590-00068 [DTC]
1    68U 00000A   25274.57027601 .00000000  00000-0 0 000           4
2    68  85.0000  26.6000 0000000   0.0000  84.0000 14.92546055    06
SATNET-590-00069 [DTC]
1    69U 00000A   25274.57027601 .00000000  00000-0 0 000           5
2    69  85.0000  26.6000 0000000   0.0000  96.0000 14.92546055    00
SATNET-590-00070 [DTC]
1    70U 00000A   25274.57027601 .00000000  00000-0 0 000           7
2    70  85.0000  26.6000 0000000   0.0000 108.0000 14.92546055    06
SATNET-590-00071 [DTC]
1    71U 00000A   25274.57027601 .00000000  00000-0 0 000           8
2    71  85.0000  26.6000 0000000   0.0000 120.0000 14.92546055    01
SATNET-590-00072 [DTC]
1    72U 00000A   25274.57027601 .00000000  00000-0 0 000           9
2    72  85.0000  26.6000 0000000   0.0000 132.0000 14.92546055    05
SATNET-590-00073 [DTC]
1    73U 00000A   25274.57027601 .00000000  00000-0 0 000           0
2    73  85.0000  26.6000 0000000   0.0000 144.0000 14.92546055    09
SATNET-590-00074 [DTC]
1    74U 00000A   25274.57027601 .00000000  00000-0 0 000           1
2    74  85.0000  26.6000 0000000   0.0000 156.0000 14.92546055    03
SATNET-590-00075 [DTC]
1    75U 00000A   25274.57027601 .00000000  00000-0 0 000           2
2    75  85.0000  26.6000 0000000   0.0000 168.0000 14.92546055    07
SATNET-590-00076 [DTC]
1    76U 00000A   25274.57027601 .00000000  00000-0 0 000           3
2    76  85.0000  26.6000 0000000   0.0000 180.0000 14.92546055    02
SATNET-590-00077 [DTC]
1    77U 00000A   25274.57027601 .00000000  00000-0 0 000           4
2    77  85.0000  26.6000 0000000   0.0000 192.0000 14.92546055    06
SATNET-590-00078 [DTC]
1    78U 00000A   25274.57027601 .00000000  00000-0 0 000           5
2    78  85.0000  26.6000 0000000   0.0000 204.0000 14.92546055    01
SATNET-590-00079 [DTC]
1    79U 00000A   25274.57027601 .00000000  00000-0 0 000           6
2    79  85.0000  26.6000 0000000   0.0000 216.0000 14.92546055    05
SATNET-590-00080 [DTC]
1    80U 00000A   25274.57027601 .00000000  00000-0 0 000           8
2    80  85.0000  26.6000 0000000   0.0000 228.0000 14.92546055    00
SATNET-590-00081 [DTC]
1    81U 00000A   25274.57027601 .00000000  00000-0 0 000           9
2    81  85.0000  26.6000 0000000   0.0000 240.0000 14.92546055    05
SATNET-590-00082 [DTC]
1    82U 00000A   25274.57027601 .00000000  00000-0 0 000           0
2    82  85.0000  26.6000 0000000   0.0000 252.0000 14.92546055    09
SATNET-590-00083 [DTC]
1    83U 00000A   25274.57027601 .00000000  00000-0 0 000           1
2    83  85.0000  26.6000 0000000   0.0000 264.0000 14.92546055    03
SATNET-590-00084 [DTC]
1    84U 00000A   25274.57027601 .00000000  00000-0 0 000           2
2    84  85.0000  26.6000 0000000   0.0000 276.0000 14.92546055    07
SATNET-590-00085 [DTC]
1    85U 00000A   25274.57027601 .00000000  00000-0 0 000           3
2    85  85.0000  26.6000 0000000   0.0000 288.0000 14.92546055    01
SATNET-590-00086 [DTC]
1    86U 00000A   25274.57027601 .00000000  00000-0 0 000           4
2    86  85.0000  26.6000 0000000   0.0000 300.0000 14.92546055    07
SATNET-590-00087 [DTC]
1    87U 00000A   25274.57027601 .00000000  00000-0 0 000           5
2    87  85.0000  26.6000 0000000   0.0000 312.0000 14.92546055    01
SATNET-590-00088 [DTC]
1    88U 00000A   25274.57027601 .00000000  00000-0 0 000           6
2    88  85.0000  26.6000 0000000   0.0000 324.0000 14.92546055    05
SATNET-590-00089 [DTC]
1    89U 00000A   25274.57027601 .00000000  00000-0 0 000           7
2    89  85.0000  26.6000 0000000   0.0000 336.0000 14.92546055    09
SATNET-590-00090 [DTC]
1    90U 00000A   25274.57027601 .00000000  00000-0 0 000           9
2    90  85.0000  26.6000 0000000   0.0000 348.0000 14.92546055    04
SATNET-590-00091 [DTC]
1    91U 00000A   25274.57027601 .00000000  00000-0 0 000           0
2    91  85.0000  39.9000 0000000   0.0000   0.0000 14.92546055    07
SATNET-590-00092 [DTC]
1    92U 00000A   25274.57027601 .00000000  00000-0 0 000           1
2    92  85.0000  39.9000 0000000   0.0000  12.0000 14.92546055    01
SATNET-590-00093 [DTC]
1    93U 00000A   25274.57027601 .00000000  00000-0 0 000           2
2    93  85.0000  39.9000 0000000   0.0000  24.0000 14.92546055    05
SATNET-590-00094 [DTC]
1    94U 00000A   25274.57027601 .00000000  00000-0 0 000           3
2    94  85.0000  39.9000 0000000   0.0000  36.0000 14.92546055    09
SATNET-590-00095 [DTC]
1    95U 00000A   25274.57027601 .00000000  00000-0 0 000           4
2    95  85.0000  39.9000 0000000   0.0000  48.0000 14.92546055    03
SATNET-590-00096 [DTC]
1    96U 00000A   25274.57027601 .00000000  00000-0 0 000           5
2    96  85.0000  39.9000 0000000   0.0000  60.0000 14.92546055    08
SATNET-590-00097 [DTC]
1    97U 00000A   25274.57027601 .00000000  00000-0 0 000           6
2    97  85.0000  39.9000 0000000   0.0000  72.0000 14.92546055    02
SATNET-590-00098 [DTC]
1    98U 00000A   25274.57027601 .00000000  00000-0 0 000           7
2    98  85.0000  39.9000 0000000   0.0000  84.0000 14.92546055    06
SATNET-590-00099 [DTC]
1    99U 00000A   25274.57027601 .00000000  00000-0 0 000           8
2    99  85.0000  39.9000 0000000   0.0000  96.0000 14.92546055    00
SATNET-590-00100 [DTC]
1   100U 00000A   25274.57027601 .00000000  00000-0 0 000           1
2   100  85.0000  39.9000 0000000   0.0000 108.0000 14.92546055    07
SATNET-590-00101 [DTC]
1   101U 00000A   25274.57027601 .00000000  00000-0 0 000           2
2   101  85.0000  39.9000 0000000   0.0000 120.0000 14.92546055    02
SATNET-590-00102 [DTC]
1   102U 00000A   25274.57027601 .00000000  00000-0 0 000           3
2   102  85.0000  39.9000 0000000   0.0000 132.0000 14.92546055    06
SATNET-590-00103 [DTC]
1   103U 00000A   25274.57027601 .00000000  00000-0 0 000           4
2   103  85.0000  39.9000 0000000   0.0000 144.0000 14.92546055    00
SATNET-590-00104 [DTC]
1   104U 00000A   25274.57027601 .00000000  00000-0 0 000           5
2   104  85.0000  39.9000 0000000   0.0000 156.0000 14.92546055    04
SATNET-590-00105 [DTC]
1   105U 00000A   25274.57027601 .00000000  00000-0 0 000           6
2   105  85.0000  39.9000 0000000   0.0000 168.0000 14.92546055    08
SATNET-590-00106 [DTC]
1   106U 00000A   25274.57027601 .00000000  00000-0 0 000           7
2   106  85.0000  39.9000 0000000   0.0000 180.0000 14.92546055    03
SATNET-590-00107 [DTC]
1   107U 00000A   25274.57027601 .00000000  00000-0 0 000           8
2   107  85.0000  39.9000 0000000   0.0000 192.0000 14.92546055    07
SATNET-590-00108 [DTC]
1   108U 00000A   25274.57027601 .00000000  00000-0 0 000           9
2   108  85.0000  39.9000 0000000   0.0000 204.0000 14.92546055    02
SATNET-590-00109 [DTC]
1   109U 00000A   25274.57027601 .00000000  00000-0 0 000           0
2   109  85.0000  39.9000 0000000   0.0000 216.0000 14.92546055    06
SATNET-590-00110 [DTC]
1   110U 00000A   25274.57027601 .00000000  00000-0 0 000           2
2   110  85.0000  39.9000 0000000   0.0000 228.0000 14.92546055    01
SATNET-590-00111 [DTC]
1   111U 00000A   25274.57027601 .00000000  00000-0 0 000           3
2   111  85.0000  39.9000 0000000   0.0000 240.0000 14.92546055    06
SATNET-590-00112 [DTC]
1   112U 00000A   25274.57027601 .00000000  00000-0 0 000           4
2   112  85.0000  39.9000 0000000   0.0000 252.0000 14.92546055    00
SATNET-590-00113 [DTC]
1   113U 00000A   25274.57027601 .00000000  00000-0 0 000           5
2   113  85.0000  39.9000 0000000   0.0000 264.0000 14.92546055    04
SATNET-590-00114 [DTC]
1   114U 00000A   25274.57027601 .00000000  00000-0 0 000           6
2   114  85.0000  39.9000 0000000   0.0000 276.0000 14.92546055    08
SATNET-590-00115 [DTC]
1   115U 00000A   25274.57027601 .00000000  00000-0 0 000           7
2   115  85.0000  39.9000 0000000   0.0000 288.0000 14.92546055    02
SATNET-590-00116 [DTC]
1   116U 00000A   25274.57027601 .00000000  00000-0 0 000           8
2   116  85.0000  39.9000 0000000   0.0000 300.0000 14.92546055    08
SATNET-590-00117 [DTC]
1   117U 00000A   25274.57027601 .00000000  00000-0 0 000           9
2   117  85.0000  39.9000 0000000   0.0000 312.0000 14.92546055    02
SATNET-590-00118 [DTC]
1   118U 00000A   25274.57027601 .00000000  00000-0 0 000           0
2   118  85.0000  39.9000 0000000   0.0000 324.0000 14.92546055    06
SATNET-590-00119 [DTC]
1   119U 00000A   25274.57027601 .00000000  00000-0 0 000           1
2   119  85.0000  39.9000 0000000   0.0000 336.0000 14.92546055    00
SATNET-590-00120 [DTC]
1   120U 00000A   25274.57027601 .00000000  00000-0 0 000           3
2   120  85.0000  39.9000 0000000   0.0000 348.0000 14.92546055    05
SATNET-590-00121 [DTC]
1   121U 00000A   25274.57027601 .00000000  00000-0 0 000           4
2   121  85.0000  53.2000 0000000   0.0000   0.0000 14.92546055    00
SATNET-590-00122 [DTC]
1   122U 00000A   25274.57027601 .00000000  00000-0 0 000           5
2   122  85.0000  53.2000 0000000   0.0000  12.0000 14.92546055    04
SATNET-590-00123 [DTC]
1   123U 00000A   25274.57027601 .00000000  00000-0 0 000           6
2   123  85.0000  53.2000 0000000   0.0000  24.0000 14.92546055    08
SATNET-590-00124 [DTC]
1   124U 00000A   25274.57027601 .00000000  00000-0 0 000           7
2   124  85.0000  53.2000 0000000   0.0000  36.0000 14.92546055    02
SATNET-590-00125 [DTC]
1   125U 00000A   25274.57027601 .00000000  00000-0 0 000           8
2   125  85.0000  53.2000 0000000   0.0000  48.0000 14.92546055    06
SATNET-590-00126 [DTC]
1   126U 00000A   25274.57027601 .00000000  00000-0 0 000           9
2   126  85.0000  53.2000 0000000   0.0000  60.0000 14.92546055    01
SATNET-590-00127 [DTC]
1   127U 00000A   25274.57027601 .00000000  00000-0 0 000           0
2   127  85.0000  53.2000 0000000   0.0000  72.0000 14.92546055    05
SATNET-590-00128 [DTC]
1   128U 00000A   25274.57027601 .00000000  00000-0 0 000           1
2   128  85.0000  53.2000 0000000   0.0000  84.0000 14.92546055    09
SATNET-590-00129 [DTC]
1   129U 00000A   25274.57027601 .00000000  00000-0 0 000           2
2   129  85.0000  53.2000 0000000   0.0000  96.0000 14.92546055    03
SATNET-590-00130 [DTC]
1   130U 00000A   25274.57027601 .00000000  00000-0 0 000           4
2   130  85.0000  53.2000 0000000   0.0000 108.0000 14.92546055    09
SATNET-590-00131 [DTC]
1   131U 00000A   25274.57027601 .00000000  00000-0 0 000           5
2   131  85.0000  53.2000 0000000   0.0000 120.0000 14.92546055    04
SATNET-590-00132 [DTC]
1   132U 00000A   25274.57027601 .00000000  00000-0 0 000           6
2   132  85.0000  53.2000 0000000   0.0000 132.0000 14.92546055    08
SATNET-590-00133 [DTC]
1   133U 00000A   25274.57027601 .00000000  00000-0 0 000           7
2   133  85.0000  53.2000 0000000   0.0000 144.0000 14.92546055    02
SATNET-590-00134 [DTC]
1   134U 00000A   25274.57027601 .00000000  00000-0 0 000           8
2   134  85.0000  53.2000 0000000   0.0000 156.0000 14.92546055    06
SATNET-590-00135 [DTC]
1   135U 00000A   25274.57027601 .00000000  00000-0 0 000           9
2   135  85.0000  53.2000 0000000   0.0000 168.0000 14.92546055    00
SATNET-590-00136 [DTC]
1   136U 00000A   25274.57027601 .00000000  00000-0 0 000           0
2   136  85.0000  53.2000 0000000   0.0000 180.0000 14.92546055    05
SATNET-590-00137 [DTC]
1   137U 00000A   25274.57027601 .00000000  00000-0 0 000           1
2   137  85.0000  53.2000 0000000   0.0000 192.0000 14.92546055    09
SATNET-590-00138 [DTC]
1   138U 00000A   25274.57027601 .00000000  00000-0 0 000           2
2   138  85.0000  53.2000 0000000   0.0000 204.0000 14.92546055    04
SATNET-590-00139 [DTC]
1   139U 00000A   25274.57027601 .00000000  00000-0 0 000           3
2   139  85.0000  53.2000 0000000   0.0000 216.0000 14.92546055    08
SATNET-590-00140 [DTC]
1   140U 00000A   25274.57027601 .00000000  00000-0 0 000           5
2   140  85.0000  53.2000 0000000   0.0000 228.0000 14.92546055    03
SATNET-590-00141 [DTC]
1   141U 00000A   25274.57027601 .00000000  00000-0 0 000           6
2   141  85.0000  53.2000 0000000   0.0000 240.0000 14.92546055    08
SATNET-590-00142 [DTC]
1   142U 00000A   25274.57027601 .00000000  00000-0 0 000           7
2   142  85.0000  53.2000 0000000   0.0000 252.0000 14.92546055    02
SATNET-590-00143 [DTC]
1   143U 00000A   25274.57027601 .00000000  00000-0 0 000           8
2   143  85.0000  53.2000 0000000   0.0000 264.0000 14.92546055    06
SATNET-590-00144 [DTC]
1   144U 00000A   25274.57027601 .00000000  00000-0 0 000           9
2   144  85.0000  53.2000 0000000   0.0000 276.0000 14.92546055    00
SATNET-590-00145 [DTC]
1   145U 00000A   25274.57027601 .00000000  00000-0 0 000           0
2   145  85.0000  53.2000 0000000   0.0000 288.0000 14.92546055    04
SATNET-590-00146 [DTC]
1   146U 00000A   25274.57027601 .00000000  00000-0 0 000           1
2   146  85.0000  53.2000 0000000   0.0000 300.0000 14.92546055    00
SATNET-590-00147 [DTC]
1   147U 00000A   25274.57027601 .00000000  00000-0 0 000           2
2   147  85.0000  53.2000 0000000   0.0000 312.0000 14.92546055    04
SATNET-590-00148 [DTC]
1   148U 00000A   25274.57027601 .00000000  00000-0 0 000           3
2   148  85.0000  53.2000 0000000   0.0000 324.0000 14.92546055    08
SATNET-590-00149 [DTC]
1   149U 00000A   25274.57027601 .00000000  00000-0 0 000           4
2   149  85.0000  53.2000 0000000   0.0000 336.0000 14.92546055    02
SATNET-590-00150 [DTC]
1   150U 00000A   25274.57027601 .00000000  00000-0 0 000           6
2   150  85.0000  53.2000 0000000   0.0000 348.0000 14.92546055    07
SATNET-590-00151 [DTC]
1   151U 00000A   25274.57027601 .00000000  00000-0 0 000           7
2   151  85.0000  66.5000 0000000   0.0000   0.0000 14.92546055    00
SATNET-590-00152 [DTC]
1   152U 00000A   25274.57027601 .00000000  00000-0 0 000           8
2   152  85.0000  66.5000 0000000   0.0000  12.0000 14.92546055    04
SATNET-590-00153 [DTC]
1   153U 00000A   25274.57027601 .00000000  00000-0 0 000           9
2   153  85.0000  66.5000 0000000   0.0000  24.0000 14.92546055    08
SATNET-590-00154 [DTC]
1   154U 00000A   25274.57027601 .00000000  00000-0 0 000           0
2   154  85.0000  66.5000 0000000   0.0000  36.0000 14.92546055    02
SATNET-590-00155 [DTC]
1   155U 00000A   25274.57027601 .00000000  00000-0 0 000           1
2   155  85.0000  66.5000 0000000   0.0000  48.0000 14.92546055    06
SATNET-590-00156 [DTC]
1   156U 00000A   25274.57027601 .00000000  00000-0 0 000           2
2   156  85.0000  66.5000 0000000   0.0000  60.0000 14.92546055    01
SATNET-590-00157 [DTC]
1   157U 00000A   25274.57027601 .00000000  00000-0 0 000           3
2   157  85.0000  66.5000 0000000   0.0000  72.0000 14.92546055    05
SATNET-590-00158 [DTC]
1   158U 00000A   25274.57027601 .00000000  00000-0 0 000           4
2   158  85.0000  66.5000 0000000   0.0000  84.0000 14.92546055    09
SATNET-590-00159 [DTC]
1   159U 00000A   25274.57027601 .00000000  00000-0 0 000           5
2   159  85.0000  66.5000 0000000   0.0000  96.0000 14.92546055    03
SATNET-590-00160 [DTC]
1   160U 00000A   25274.57027601 .00000000  00000-0 0 000           7
2   160  85.0000  66.5000 0000000   0.0000 108.0000 14.92546055    09
SATNET-590-00161 [DTC]
1   161U 00000A   25274.57027601 .00000000  00000-0 0 000           8
2   161  85.0000  66.5000 0000000   0.0000 120.0000 14.92546055    04
SATNET-590-00162 [DTC]
1   162U 00000A   25274.57027601 .00000000  00000-0 0 000           9
2   162  85.0000  66.5000 0000000   0.0000 132.0000 14.92546055    08
SATNET-590-00163 [DTC]
1   163U 00000A   25274.57027601 .00000000  00000-0 0 000           0
2   163  85.0000  66.5000 0000000   0.0000 144.0000 14.92546055    02
SATNET-590-00164 [DTC]
1   164U 00000A   25274.57027601 .00000000  00000-0 0 000           1
2   164  85.0000  66.5000 0000000   0.0000 156.0000 14.92546055    06
SATNET-590-00165 [DTC]
1   165U 00000A   25274.57027601 .00000000  00000-0 0 000           2
2   165  85.0000  66.5000 0000000   0.0000 168.0000 14.92546055    00
SATNET-590-00166 [DTC]
1   166U 00000A   25274.57027601 .00000000  00000-0 0 000           3
2   166  85.0000  66.5000 0000000   0.0000 180.0000 14.92546055    05
SATNET-590-00167 [DTC]
1   167U 00000A   25274.57027601 .00000000  00000-0 0 000           4
2   167  85.0000  66.5000 0000000   0.0000 192.0000 14.92546055    09
SATNET-590-00168 [DTC]
1   168U 00000A   25274.57027601 .00000000  00000-0 0 000           5
2   168  85.0000  66.5000 0000000   0.0000 204.0000 14.92546055    04
SATNET-590-00169 [DTC]
1   169U 00000A   25274.57027601 .00000000  00000-0 0 000           6
2   169  85.0000  66.5000 0000000   0.0000 216.0000 14.92546055    08
SATNET-590-00170 [DTC]
1   170U 00000A   25274.57027601 .00000000  00000-0 0 000           8
2   170  85.0000  66.5000 0000000   0.0000 228.0000 14.92546055    03
SATNET-590-00171 [DTC]
1   171U 00000A   25274.57027601 .00000000  00000-0 0 000           9
2   171  85.0000  66.5000 0000000   0.0000 240.0000 14.92546055    08
SATNET-590-00172 [DTC]
1   172U 00000A   25274.57027601 .00000000  00000-0 0 000           0
2   172  85.0000  66.5000 0000000   0.0000 252.0000 14.92546055    02
SATNET-590-00173 [DTC]
1   173U 00000A   25274.57027601 .00000000  00000-0 0 000           1
2   173  85.0000  66.5000 0000000   0.0000 264.0000 14.92546055    06
SATNET-590-00174 [DTC]
1   174U 00000A   25274.57027601 .00000000  00000-0 0 000           2
2   174  85.0000  66.5000 0000000   0.0000 276.0000 14.92546055    00
SATNET-590-00175 [DTC]
1   175U 00000A   25274.57027601 .00000000  00000-0 0 000           3
2   175  85.0000  66.5000 0000000   0.0000 288.0000 14.92546055    04
SATNET-590-00176 [DTC]
1   176U 00000A   25274.57027601 .00000000  00000-0 0 000           4
2   176  85.0000  66.5000 0000000   0.0000 300.0000 14.92546055    00
SATNET-590-00177 [DTC]
1   177U 00000A   25274.57027601 .00000000  00000-0 0 000           5
2   177  85.0000  66.5000 0000000   0.0000 312.0000 14.92546055    04
SATNET-590-00178 [DTC]
1   178U 00000A   25274.57027601 .00000000  00000-0 0 000           6
2   178  85.0000  66.5000 0000000   0.0000 324.0000 14.92546055    08
SATNET-590-00179 [DTC]
1   179U 00000A   25274.57027601 .00000000  00000-0 0 000           7
2   179  85.0000  66.5000 0000000   0.0000 336.0000 14.92546055    02
SATNET-590-00180 [DTC]
1   180U 00000A   25274.57027601 .00000000  00000-0 0 000           9
2   180  85.0000  66.5000 0000000   0.0000 348.0000 14.92546055    07
SATNET-590-00181 [DTC]
1   181U 00000A   25274.57027601 .00000000  00000-0 0 000           0
2   181  85.0000  79.8000 0000000   0.0000   0.0000 14.92546055    00
SATNET-590-00182 [DTC]
1   182U 00000A   25274.57027601 .00000000  00000-0 0 000           1
2   182  85.0000  79.8000 0000000   0.0000  12.0000 14.92546055    04
SATNET-590-00183 [DTC]
1   183U 00000A   25274.57027601 .00000000  00000-0 0 000           2
2   183  85.0000  79.8000 0000000   0.0000  24.0000 14.92546055    08
SATNET-590-00184 [DTC]
1   184U 00000A   25274.57027601 .00000000  00000-0 0 000           3
2   184  85.0000  79.8000 0000000   0.0000  36.0000 14.92546055    02
SATNET-590-00185 [DTC]
1   185U 00000A   25274.57027601 .00000000  00000-0 0 000           4
2   185  85.0000  79.8000 0000000   0.0000  48.0000 14.92546055    06
SATNET-590-00186 [DTC]
1   186U 00000A   25274.57027601 .00000000  00000-0 0 000           5
2   186  85.0000  79.8000 0000000   0.0000  60.0000 14.92546055    01
SATNET-590-00187 [DTC]
1   187U 00000A   25274.57027601 .00000000  00000-0 0 000           6
2   187  85.0000  79.8000 0000000   0.0000  72.0000 14.92546055    05
SATNET-590-00188 [DTC]
1   188U 00000A   25274.57027601 .00000000  00000-0 0 000           7
2   188  85.0000  79.8000 0000000   0.0000  84.0000 14.92546055    09
SATNET-590-00189 [DTC]
1   189U 00000A   25274.57027601 .00000000  00000-0 0 000           8
2   189  85.0000  79.8000 0000000   0.0000  96.0000 14.92546055    03
SATNET-590-00190 [DTC]
1   190U 00000A   25274.57027601 .00000000  00000-0 0 000           0
2   190  85.0000  79.8000 0000000   0.0000 108.0000 14.92546055    09
SATNET-590-00191 [DTC]
1   191U 00000A   25274.57027601 .00000000  00000-0 0 000           1
2   191  85.0000  79.8000 0000000   0.0000 120.0000 14.92546055    04
SATNET-590-00192 [DTC]
1   192U 00000A   25274.57027601 .00000000  00000-0 0 000           2
2   192  85.0000  79.8000 0000000   0.0000 132.0000 14.92546055    08
SATNET-590-00193 [DTC]
1   193U 00000A   25274.57027601 .00000000  00000-0 0 000           3
2   193  85.0000  79.8000 0000000   0.0000 144.0000 14.92546055    02
SATNET-590-00194 [DTC]
1   194U 00000A   25274.57027601 .00000000  00000-0 0 000           4
2   194  85.0000  79.8000 0000000   0.0000 156.0000 14.92546055    06
SATNET-590-00195 [DTC]
1   195U 00000A   25274.57027601 .00000000  00000-0 0 000           5
2   195  85.0000  79.8000 0000000   0.0000 168.0000 14.92546055    00
SATNET-590-00196 [DTC]
1   196U 00000A   25274.57027601 .00000000  00000-0 0 000           6
2   196  85.0000  79.8000 0000000   0.0000 180.0000 14.92546055    05
SATNET-590-00197 [DTC]
1   197U 00000A   25274.57027601 .00000000  00000-0 0 000           7
2   197  85.0000  79.8000 0000000   0.0000 192.0000 14.92546055    09
SATNET-590-00198 [DTC]
1   198U 00000A   25274.57027601 .00000000  00000-0 0 000           8
2   198  85.0000  79.8000 0000000   0.0000 204.0000 14.92546055    04
SATNET-590-00199 [DTC]
1   199U 00000A   25274.57027601 .00000000  00000-0 0 000           9
2   199  85.0000  79.8000 0000000   0.0000 216.0000 14.92546055    08
SATNET-590-00200 [DTC]
1   200U 00000A   25274.57027601 .00000000  00000-0 0 000           2
2   200  85.0000  79.8000 0000000   0.0000 228.0000 14.92546055    04
SATNET-590-00201 [DTC]
1   201U 00000A   25274.57027601 .00000000  00000-0 0 000           3
2   201  85.0000  79.8000 0000000   0.0000 240.0000 14.92546055    09
SATNET-590-00202 [DTC]
1   202U 00000A   25274.57027601 .00000000  00000-0 0 000           4
2   202  85.0000  79.8000 0000000   0.0000 252.0000 14.92546055    03
SATNET-590-00203 [DTC]
1   203U 00000A   25274.57027601 .00000000  00000-0 0 000           5
2   203  85.0000  79.8000 0000000   0.0000 264.0000 14.92546055    07
SATNET-590-00204 [DTC]
1   204U 00000A   25274.57027601 .00000000  00000-0 0 000           6
2   204  85.0000  79.8000 0000000   0.0000 276.0000 14.92546055    01
SATNET-590-00205 [DTC]
1   205U 00000A   25274.57027601 .00000000  00000-0 0 000           7
2   205  85.0000  79.8000 0000000   0.0000 288.0000 14.92546055    05
SATNET-590-00206 [DTC]
1   206U 00000A   25274.57027601 .00000000  00000-0 0 000           8
2   206  85.0000  79.8000 0000000   0.0000 300.0000 14.92546055    01
SATNET-590-00207 [DTC]
1   207U 00000A   25274.57027601 .00000000  00000-0 0 000           9
2   207  85.0000  79.8000 0000000   0.0000 312.0000 14.92546055    05
SATNET-590-00208 [DTC]
1   208U 00000A   25274.57027601 .00000000  00000-0 0 000           0
2   208  85.0000  79.8000 0000000   0.0000 324.0000 14.92546055    09
SATNET-590-00209 [DTC]
1   209U 00000A   25274.57027601 .00000000  00000-0 0 000           1
2   209  85.0000  79.8000 0000000   0.0000 336.0000 14.92546055    03
SATNET-590-00210 [DTC]
1   210U 00000A   25274.57027601 .00000000  00000-0 0 000           3
2   210  85.0000  79.8000 0000000   0.0000 348.0000 14.92546055    08
SATNET-590-00211 [DTC]
1   211U 00000A   25274.57027601 .00000000  00000-0 0 000           4
2   211  85.0000  93.1000 0000000   0.0000   0.0000 14.92546055    03
SATNET-590-00212 [DTC]
1   212U 00000A   25274.57027601 .00000000  00000-0 0 000           5
2   212  85.0000  93.1000 0000000   0.0000  12.0000 14.92546055    07
SATNET-590-00213 [DTC]
1   213U 00000A   25274.57027601 .00000000  00000-0 0 000           6
2   213  85.0000  93.1000 0000000   0.0000  24.0000 14.92546055    01
SATNET-590-00214 [DTC]
1   214U 00000A   25274.57027601 .00000000  00000-0 0 000           7
2   214  85.0000  93.1000 0000000   0.0000  36.0000 14.92546055    05
SATNET-590-00215 [DTC]
1   215U 00000A   25274.57027601 .00000000  00000-0 0 000           8
2   215  85.0000  93.1000 0000000   0.0000  48.0000 14.92546055    09
SATNET-590-00216 [DTC]
1   216U 00000A   25274.57027601 .00000000  00000-0 0 000           9
2   216  85.0000  93.1000 0000000   0.0000  60.0000 14.92546055    04
SATNET-590-00217 [DTC]
1   217U 00000A   25274.57027601 .00000000  00000-0 0 000           0
2   217  85.0000  93.1000 0000000   0.0000  72.0000 14.92546055    08
SATNET-590-00218 [DTC]
1   218U 00000A   25274.57027601 .00000000  00000-0 0 000           1
2   218  85.0000  93.1000 0000000   0.0000  84.0000 14.92546055    02
SATNET-590-00219 [DTC]
1   219U 00000A   25274.57027601 .00000000  00000-0 0 000           2
2   219  85.0000  93.1000 0000000   0.0000  96.0000 14.92546055    06
SATNET-590-00220 [DTC]
1   220U 00000A   25274.57027601 .00000000  00000-0 0 000           4
2   220  85.0000  93.1000 0000000   0.0000 108.0000 14.92546055    02
SATNET-590-00221 [DTC]
1   221U 00000A   25274.57027601 .00000000  00000-0 0 000           5
2   221  85.0000  93.1000 0000000   0.0000 120.0000 14.92546055    07
SATNET-590-00222 [DTC]
1   222U 00000A   25274.57027601 .00000000  00000-0 0 000           6
2   222  85.0000  93.1000 0000000   0.0000 132.0000 14.92546055    01
SATNET-590-00223 [DTC]
1   223U 00000A   25274.57027601 .00000000  00000-0 0 000           7
2   223  85.0000  93.1000 0000000   0.0000 144.0000 14.92546055    05
SATNET-590-00224 [DTC]
1   224U 00000A   25274.57027601 .00000000  00000-0 0 000           8
2   224  85.0000  93.1000 0000000   0.0000 156.0000 14.92546055    09
SATNET-590-00225 [DTC]
1   225U 00000A   25274.57027601 .00000000  00000-0 0 000           9
2   225  85.0000  93.1000 0000000   0.0000 168.0000 14.92546055    03
SATNET-590-00226 [DTC]
1   226U 00000A   25274.57027601 .00000000  00000-0 0 000           0
2   226  85.0000  93.1000 0000000   0.0000 180.0000 14.92546055    08
SATNET-590-00227 [DTC]
1   227U 00000A   25274.57027601 .00000000  00000-0 0 000           1
2   227  85.0000  93.1000 0000000   0.0000 192.0000 14.92546055    02
SATNET-590-00228 [DTC]
1   228U 00000A   25274.57027601 .00000000  00000-0 0 000           2
2   228  85.0000  93.1000 0000000   0.0000 204.0000 14.92546055    07
SATNET-590-00229 [DTC]
1   229U 00000A   25274.57027601 .00000000  00000-0 0 000           3
2   229  85.0000  93.1000 0000000   0.0000 216.0000 14.92546055    01
SATNET-590-00230 [DTC]
1   230U 00000A   25274.57027601 .00000000  00000-0 0 000           5
2   230  85.0000  93.1000 0000000   0.0000 228.0000 14.92546055    06
SATNET-590-00231 [DTC]
1   231U 00000A   25274.57027601 .00000000  00000-0 0 000           6
2   231  85.0000  93.1000 0000000   0.0000 240.0000 14.92546055    01
SATNET-590-00232 [DTC]
1   232U 00000A   25274.57027601 .00000000  00000-0 0 000           7
2   232  85.0000  93.1000 0000000   0.0000 252.0000 14.92546055    05
SATNET-590-00233 [DTC]
1   233U 00000A   25274.57027601 .00000000  00000-0 0 000           8
2   233  85.0000  93.1000 0000000   0.0000 264.0000 14.92546055    09
SATNET-590-00234 [DTC]
1   234U 00000A   25274.57027601 .00000000  00000-0 0 000           9
2   234  85.0000  93.1000 0000000   0.0000 276.0000 14.92546055    03
SATNET-590-00235 [DTC]
1   235U 00000A   25274.57027601 .00000000  00000-0 0 000           0
2   235  85.0000  93.1000 0000000   0.0000 288.0000 14.92546055    07
SATNET-590-00236 [DTC]
1   236U 00000A   25274.57027601 .00000000  00000-0 0 000           1
2   236  85.0000  93.1000 0000000   0.0000 300.0000 14.92546055    03
SATNET-590-00237 [DTC]
1   237U 00000A   25274.57027601 .00000000  00000-0 0 000           2
2   237  85.0000  93.1000 0000000   0.0000 312.0000 14.92546055    07
SATNET-590-00238 [DTC]
1   238U 00000A   25274.57027601 .00000000  00000-0 0 000           3
2   238  85.0000  93.1000 0000000   0.0000 324.0000 14.92546055    01
SATNET-590-00239 [DTC]
1   239U 00000A   25274.57027601 .00000000  00000-0 0 000           4
2   239  85.0000  93.1000 0000000   0.0000 336.0000 14.92546055    05
SATNET-590-00240 [DTC]
1   240U 00000A   25274.57027601 .00000000  00000-0 0 000           6
2   240  85.0000  93.1000 0000000   0.0000 348.0000 14.92546055    00
SATNET-590-00241 [DTC]
1   241U 00000A   25274.57027601 .00000000  00000-0 0 000           7
2   241  85.0000 106.4000 0000000   0.0000   0.0000 14.92546055    04
SATNET-590-00242 [DTC]
1   242U 00000A   25274.57027601 .00000000  00000-0 0 000           8
2   242  85.0000 106.4000 0000000   0.0000  12.0000 14.92546055    08
SATNET-590-00243 [DTC]
1   243U 00000A   25274.57027601 .00000000  00000-0 0 000           9
2   243  85.0000 106.4000 0000000   0.0000  24.0000 14.92546055    02
SATNET-590-00244 [DTC]
1   244U 00000A   25274.57027601 .00000000  00000-0 0 000           0
2   244  85.0000 106.4000 0000000   0.0000  36.0000 14.92546055    06
SATNET-590-00245 [DTC]
1   245U 00000A   25274.57027601 .00000000  00000-0 0 000           1
2   245  85.0000 106.4000 0000000   0.0000  48.0000 14.92546055    00
SATNET-590-00246 [DTC]
1   246U 00000A   25274.57027601 .00000000  00000-0 0 000           2
2   246  85.0000 106.4000 0000000   0.0000  60.0000 14.92546055    05
SATNET-590-00247 [DTC]
1   247U 00000A   25274.57027601 .00000000  00000-0 0 000           3
2   247  85.0000 106.4000 0000000   0.0000  72.0000 14.92546055    09
SATNET-590-00248 [DTC]
1   248U 00000A   25274.57027601 .00000000  00000-0 0 000           4
2   248  85.0000 106.4000 0000000   0.0000  84.0000 14.92546055    03
SATNET-590-00249 [DTC]
1   249U 00000A   25274.57027601 .00000000  00000-0 0 000           5
2   249  85.0000 106.4000 0000000   0.0000  96.0000 14.92546055    07
SATNET-590-00250 [DTC]
1   250U 00000A   25274.57027601 .00000000  00000-0 0 000           7
2   250  85.0000 106.4000 0000000   0.0000 108.0000 14.92546055    03
SATNET-590-00251 [DTC]
1   251U 00000A   25274.57027601 .00000000  00000-0 0 000           8
2   251  85.0000 106.4000 0000000   0.0000 120.0000 14.92546055    08
SATNET-590-00252 [DTC]
1   252U 00000A   25274.57027601 .00000000  00000-0 0 000           9
2   252  85.0000 106.4000 0000000   0.0000 132.0000 14.92546055    02
SATNET-590-00253 [DTC]
1   253U 00000A   25274.57027601 .00000000  00000-0 0 000           0
2   253  85.0000 106.4000 0000000   0.0000 144.0000 14.92546055    06
SATNET-590-00254 [DTC]
1   254U 00000A   25274.57027601 .00000000  00000-0 0 000           1
2   254  85.0000 106.4000 0000000   0.0000 156.0000 14.92546055    00
SATNET-590-00255 [DTC]
1   255U 00000A   25274.57027601 .00000000  00000-0 0 000           2
2   255  85.0000 106.4000 0000000   0.0000 168.0000 14.92546055    04
SATNET-590-00256 [DTC]
1   256U 00000A   25274.57027601 .00000000  00000-0 0 000           3
2   256  85.0000 106.4000 0000000   0.0000 180.0000 14.92546055    09
SATNET-590-00257 [DTC]
1   257U 00000A   25274.57027601 .00000000  00000-0 0 000           4
2   257  85.0000 106.4000 0000000   0.0000 192.0000 14.92546055    03
SATNET-590-00258 [DTC]
1   258U 00000A   25274.57027601 .00000000  00000-0 0 000           5
2   258  85.0000 106.4000 0000000   0.0000 204.0000 14.92546055    08
SATNET-590-00259 [DTC]
1   259U 00000A   25274.57027601 .00000000  00000-0 0 000           6
2   259  85.0000 106.4000 0000000   0.0000 216.0000 14.92546055    02
SATNET-590-00260 [DTC]
1   260U 00000A   25274.57027601 .00000000  00000-0 0 000           8
2   260  85.0000 106.4000 0000000   0.0000 228.0000 14.92546055    07
SATNET-590-00261 [DTC]
1   261U 00000A   25274.57027601 .00000000  00000-0 0 000           9
2   261  85.0000 106.4000 0000000   0.0000 240.0000 14.92546055    02
SATNET-590-00262 [DTC]
1   262U 00000A   25274.57027601 .00000000  00000-0 0 000           0
2   262  85.0000 106.4000 0000000   0.0000 252.0000 14.92546055    06
SATNET-590-00263 [DTC]
1   263U 00000A   25274.57027601 .00000000  00000-0 0 000           1
2   263  85.0000 106.4000 0000000   0.0000 264.0000 14.92546055    00
SATNET-590-00264 [DTC]
1   264U 00000A   25274.57027601 .00000000  00000-0 0 000           2
2   264  85.0000 106.4000 0000000   0.0000 276.0000 14.92546055    04
SATNET-590-00265 [DTC]
1   265U 00000A   25274.57027601 .00000000  00000-0 0 000           3
2   265  85.0000 106.4000 0000000   0.0000 288.0000 14.92546055    08
SATNET-590-00266 [DTC]
1   266U 00000A   25274.57027601 .00000000  00000-0 0 000           4
2   266  85.0000 106.4000 0000000   0.0000 300.0000 14.92546055    04
SATNET-590-00267 [DTC]
1   267U 00000A   25274.57027601 .00000000  00000-0 0 000           5
2   267  85.0000 106.4000 0000000   0.0000 312.0000 14.92546055    08
SATNET-590-00268 [DTC]
1   268U 00000A   25274.57027601 .00000000  00000-0 0 000           6
2   268  85.0000 106.4000 0000000   0.0000 324.0000 14.92546055    02
SATNET-590-00269 [DTC]
1   269U 00000A   25274.57027601 .00000000  00000-0 0 000           7
2   269  85.0000 106.4000 0000000   0.0000 336.0000 14.92546055    06
SATNET-590-00270 [DTC]
1   270U 00000A   25274.57027601 .00000000  00000-0 0 000           9
2   270  85.0000 106.4000 0000000   0.0000 348.0000 14.92546055    01
SATNET-590-00271 [DTC]
1   271U 00000A   25274.57027601 .00000000  00000-0 0 000           0
2   271  85.0000 119.7000 0000000   0.0000   0.0000 14.92546055    04
SATNET-590-00272 [DTC]
1   272U 00000A   25274.57027601 .00000000  00000-0 0 000           1
2   272  85.0000 119.7000 0000000   0.0000  12.0000 14.92546055    08
SATNET-590-00273 [DTC]
1   273U 00000A   25274.57027601 .00000000  00000-0 0 000           2
2   273  85.0000 119.7000 0000000   0.0000  24.0000 14.92546055    02
SATNET-590-00274 [DTC]
1   274U 00000A   25274.57027601 .00000000  00000-0 0 000           3
2   274  85.0000 119.7000 0000000   0.0000  36.0000 14.92546055    06
SATNET-590-00275 [DTC]
1   275U 00000A   25274.57027601 .00000000  00000-0 0 000           4
2   275  85.0000 119.7000 0000000   0.0000  48.0000 14.92546055    00
SATNET-590-00276 [DTC]
1   276U 00000A   25274.57027601 .00000000  00000-0 0 000           5
2   276  85.0000 119.7000 0000000   0.0000  60.0000 14.92546055    05
SATNET-590-00277 [DTC]
1   277U 00000A   25274.57027601 .00000000  00000-0 0 000           6
2   277  85.0000 119.7000 0000000   0.0000  72.0000 14.92546055    09
SATNET-590-00278 [DTC]
1   278U 00000A   25274.57027601 .00000000  00000-0 0 000           7
2   278  85.0000 119.7000 0000000   0.0000  84.0000 14.92546055    03
SATNET-590-00279 [DTC]
1   279U 00000A   25274.57027601 .00000000  00000-0 0 000           8
2   279  85.0000 119.7000 0000000   0.0000  96.0000 14.92546055    07
SATNET-590-00280 [DTC]
1   280U 00000A   25274.57027601 .00000000  00000-0 0 000           0
2   280  85.0000 119.7000 0000000   0.0000 108.0000 14.92546055    03
SATNET-590-00281 [DTC]
1   281U 00000A   25274.57027601 .00000000  00000-0 0 000           1
2   281  85.0000 119.7000 0000000   0.0000 120.0000 14.92546055    08
SATNET-590-00282 [DTC]
1   282U 00000A   25274.57027601 .00000000  00000-0 0 000           2
2   282  85.0000 119.7000 0000000   0.0000 132.0000 14.92546055    02
SATNET-590-00283 [DTC]
1   283U 00000A   25274.57027601 .00000000  00000-0 0 000           3
2   283  85.0000 119.7000 0000000   0.0000 144.0000 14.92546055    06
SATNET-590-00284 [DTC]
1   284U 00000A   25274.57027601 .00000000  00000-0 0 000           4
2   284  85.0000 119.7000 0000000   0.0000 156.0000 14.92546055    00
SATNET-590-00285 [DTC]
1   285U 00000A   25274.57027601 .00000000  00000-0 0 000           5
2   285  85.0000 119.7000 0000000   0.0000 168.0000 14.92546055    04
SATNET-590-00286 [DTC]
1   286U 00000A   25274.57027601 .00000000  00000-0 0 000           6
2   286  85.0000 119.7000 0000000   0.0000 180.0000 14.92546055    09
SATNET-590-00287 [DTC]
1   287U 00000A   25274.57027601 .00000000  00000-0 0 000           7
2   287  85.0000 119.7000 0000000   0.0000 192.0000 14.92546055    03
SATNET-590-00288 [DTC]
1   288U 00000A   25274.57027601 .00000000  00000-0 0 000           8
2   288  85.0000 119.7000 0000000   0.0000 204.0000 14.92546055    08
SATNET-590-00289 [DTC]
1   289U 00000A   25274.57027601 .00000000  00000-0 0 000           9
2   289  85.0000 119.7000 0000000   0.0000 216.0000 14.92546055    02
SATNET-590-00290 [DTC]
1   290U 00000A   25274.57027601 .00000000  00000-0 0 000           1
2   290  85.0000 119.7000 0000000   0.0000 228.0000 14.92546055    07
SATNET-590-00291 [DTC]
1   291U 00000A   25274.57027601 .00000000  00000-0 0 000           2
2   291  85.0000 119.7000 0000000   0.0000 240.0000 14.92546055    02
SATNET-590-00292 [DTC]
1   292U 00000A   25274.57027601 .00000000  00000-0 0 000           3
2   292  85.0000 119.7000 0000000   0.0000 252.0000 14.92546055    06
SATNET-590-00293 [DTC]
1   293U 00000A   25274.57027601 .00000000  00000-0 0 000           4
2   293  85.0000 119.7000 0000000   0.0000 264.0000 14.92546055    00
SATNET-590-00294 [DTC]
1   294U 00000A   25274.57027601 .00000000  00000-0 0 000           5
2   294  85.0000 119.7000 0000000   0.0000 276.0000 14.92546055    04
SATNET-590-00295 [DTC]
1   295U 00000A   25274.57027601 .00000000  00000-0 0 000           6
2   295  85.0000 119.7000 0000000   0.0000 288.0000 14.92546055    08
SATNET-590-00296 [DTC]
1   296U 00000A   25274.57027601 .00000000  00000-0 0 000           7
2   296  85.0000 119.7000 0000000   0.0000 300.0000 14.92546055    04
SATNET-590-00297 [DTC]
1   297U 00000A   25274.57027601 .00000000  00000-0 0 000           8
2   297  85.0000 119.7000 0000000   0.0000 312.0000 14.92546055    08
SATNET-590-00298 [DTC]
1   298U 00000A   25274.57027601 .00000000  00000-0 0 000           9
2   298  85.0000 119.7000 0000000   0.0000 324.0000 14.92546055    02
SATNET-590-00299 [DTC]
1   299U 00000A   25274.57027601 .00000000  00000-0 0 000           0
2   299  85.0000 119.7000 0000000   0.0000 336.0000 14.92546055    06
SATNET-590-00300 [DTC]
1   300U 00000A   25274.57027601 .00000000  00000-0 0 000           3
2   300  85.0000 119.7000 0000000   0.0000 348.0000 14.92546055    02
SATNET-590-00301 [DTC]
1   301U 00000A   25274.57027601 .00000000  00000-0 0 000           4
2   301  85.0000 133.0000 0000000   0.0000   0.0000 14.92546055    07
SATNET-590-00302 [DTC]
1   302U 00000A   25274.57027601 .00000000  00000-0 0 000           5
2   302  85.0000 133.0000 0000000   0.0000  12.0000 14.92546055    01
SATNET-590-00303 [DTC]
1   303U 00000A   25274.57027601 .00000000  00000-0 0 000           6
2   303  85.0000 133.0000 0000000   0.0000  24.0000 14.92546055    05
SATNET-590-00304 [DTC]
1   304U 00000A   25274.57027601 .00000000  00000-0 0 000           7
2   304  85.0000 133.0000 0000000   0.0000  36.0000 14.92546055    09
SATNET-590-00305 [DTC]
1   305U 00000A   25274.57027601 .00000000  00000-0 0 000           8
2   305  85.0000 133.0000 0000000   0.0000  48.0000 14.92546055    03
SATNET-590-00306 [DTC]
1   306U 00000A   25274.57027601 .00000000  00000-0 0 000           9
2   306  85.0000 133.0000 0000000   0.0000  60.0000 14.92546055    08
SATNET-590-00307 [DTC]
1   307U 00000A   25274.57027601 .00000000  00000-0 0 000           0
2   307  85.0000 133.0000 0000000   0.0000  72.0000 14.92546055    02
SATNET-590-00308 [DTC]
1   308U 00000A   25274.57027601 .00000000  00000-0 0 000           1
2   308  85.0000 133.0000 0000000   0.0000  84.0000 14.92546055    06
SATNET-590-00309 [DTC]
1   309U 00000A   25274.57027601 .00000000  00000-0 0 000           2
2   309  85.0000 133.0000 0000000   0.0000  96.0000 14.92546055    00
SATNET-590-00310 [DTC]
1   310U 00000A   25274.57027601 .00000000  00000-0 0 000           4
2   310  85.0000 133.0000 0000000   0.0000 108.0000 14.92546055    06
SATNET-590-00311 [DTC]
1   311U 00000A   25274.57027601 .00000000  00000-0 0 000           5
2   311  85.0000 133.0000 0000000   0.0000 120.0000 14.92546055    01
SATNET-590-00312 [DTC]
1   312U 00000A   25274.57027601 .00000000  00000-0 0 000           6
2   312  85.0000 133.0000 0000000   0.0000 132.0000 14.92546055    05
SATNET-590-00313 [DTC]
1   313U 00000A   25274.57027601 .00000000  00000-0 0 000           7
2   313  85.0000 133.0000 0000000   0.0000 144.0000 14.92546055    09
SATNET-590-00314 [DTC]
1   314U 00000A   25274.57027601 .00000000  00000-0 0 000           8
2   314  85.0000 133.0000 0000000   0.0000 156.0000 14.92546055    03
SATNET-590-00315 [DTC]
1   315U 00000A   25274.57027601 .00000000  00000-0 0 000           9
2   315  85.0000 133.0000 0000000   0.0000 168.0000 14.92546055    07
SATNET-590-00316 [DTC]
1   316U 00000A   25274.57027601 .00000000  00000-0 0 000           0
2   316  85.0000 133.0000 0000000   0.0000 180.0000 14.92546055    02
SATNET-590-00317 [DTC]
1   317U 00000A   25274.57027601 .00000000  00000-0 0 000           1
2   317  85.0000 133.0000 0000000   0.0000 192.0000 14.92546055    06
SATNET-590-00318 [DTC]
1   318U 00000A   25274.57027601 .00000000  00000-0 0 000           2
2   318  85.0000 133.0000 0000000   0.0000 204.0000 14.92546055    01
SATNET-590-00319 [DTC]
1   319U 00000A   25274.57027601 .00000000  00000-0 0 000           3
2   319  85.0000 133.0000 0000000   0.0000 216.0000 14.92546055    05
SATNET-590-00320 [DTC]
1   320U 00000A   25274.57027601 .00000000  00000-0 0 000           5
2   320  85.0000 133.0000 0000000   0.0000 228.0000 14.92546055    00
SATNET-590-00321 [DTC]
1   321U 00000A   25274.57027601 .00000000  00000-0 0 000           6
2   321  85.0000 133.0000 0000000   0.0000 240.0000 14.92546055    05
SATNET-590-00322 [DTC]
1   322U 00000A   25274.57027601 .00000000  00000-0 0 000           7
2   322  85.0000 133.0000 0000000   0.0000 252.0000 14.92546055    09
SATNET-590-00323 [DTC]
1   323U 00000A   25274.57027601 .00000000  00000-0 0 000           8
2   323  85.0000 133.0000 0000000   0.0000 264.0000 14.92546055    03
SATNET-590-00324 [DTC]
1   324U 00000A   25274.57027601 .00000000  00000-0 0 000           9
2   324  85.0000 133.0000 0000000   0.0000 276.0000 14.92546055    07
SATNET-590-00325 [DTC]
1   325U 00000A   25274.57027601 .00000000  00000-0 0 000           0
2   325  85.0000 133.0000 0000000   0.0000 288.0000 14.92546055    01
SATNET-590-00326 [DTC]
1   326U 00000A   25274.57027601 .00000000  00000-0 0 000           1
2   326  85.0000 133.0000 0000000   0.0000 300.0000 14.92546055    07
SATNET-590-00327 [DTC]
1   327U 00000A   25274.57027601 .00000000  00000-0 0 000           2
2   327  85.0000 133.0000 0000000   0.0000 312.0000 14.92546055    01
SATNET-590-00328 [DTC]
1   328U 00000A   25274.57027601 .00000000  00000-0 0 000           3
2   328  85.0000 133.0000 0000000   0.0000 324.0000 14.92546055    05
SATNET-590-00329 [DTC]
1   329U 00000A   25274.57027601 .00000000  00000-0 0 000           4
2   329  85.0000 133.0000 0000000   0.0000 336.0000 14.92546055    09
SATNET-590-00330 [DTC]
1   330U 00000A   25274.57027601 .00000000  00000-0 0 000           6
2   330  85.0000 133.0000 0000000   0.0000 348.0000 14.92546055    04
SATNET-590-00331 [DTC]
1   331U 00000A   25274.57027601 .00000000  00000-0 0 000           7
2   331  85.0000 146.3000 0000000   0.0000   0.0000 14.92546055    07
SATNET-590-00332 [DTC]
1   332U 00000A   25274.57027601 .00000000  00000-0 0 000           8
2   332  85.0000 146.3000 0000000   0.0000  12.0000 14.92546055    01
SATNET-590-00333 [DTC]
1   333U 00000A   25274.57027601 .00000000  00000-0 0 000           9
2   333  85.0000 146.3000 0000000   0.0000  24.0000 14.92546055    05
SATNET-590-00334 [DTC]
1   334U 00000A   25274.57027601 .00000000  00000-0 0 000           0
2   334  85.0000 146.3000 0000000   0.0000  36.0000 14.92546055    09
SATNET-590-00335 [DTC]
1   335U 00000A   25274.57027601 .00000000  00000-0 0 000           1
2   335  85.0000 146.3000 0000000   0.0000  48.0000 14.92546055    03
SATNET-590-00336 [DTC]
1   336U 00000A   25274.57027601 .00000000  00000-0 0 000           2
2   336  85.0000 146.3000 0000000   0.0000  60.0000 14.92546055    08
SATNET-590-00337 [DTC]
1   337U 00000A   25274.57027601 .00000000  00000-0 0 000           3
2   337  85.0000 146.3000 0000000   0.0000  72.0000 14.92546055    02
SATNET-590-00338 [DTC]
1   338U 00000A   25274.57027601 .00000000  00000-0 0 000           4
2   338  85.0000 146.3000 0000000   0.0000  84.0000 14.92546055    06
SATNET-590-00339 [DTC]
1   339U 00000A   25274.57027601 .00000000  00000-0 0 000           5
2   339  85.0000 146.3000 0000000   0.0000  96.0000 14.92546055    00
SATNET-590-00340 [DTC]
1   340U 00000A   25274.57027601 .00000000  00000-0 0 000           7
2   340  85.0000 146.3000 0000000   0.0000 108.0000 14.92546055    06
SATNET-590-00341 [DTC]
1   341U 00000A   25274.57027601 .00000000  00000-0 0 000           8
2   341  85.0000 146.3000 0000000   0.0000 120.0000 14.92546055    01
SATNET-590-00342 [DTC]
1   342U 00000A   25274.57027601 .00000000  00000-0 0 000           9
2   342  85.0000 146.3000 0000000   0.0000 132.0000 14.92546055    05
SATNET-590-00343 [DTC]
1   343U 00000A   25274.57027601 .00000000  00000-0 0 000           0
2   343  85.0000 146.3000 0000000   0.0000 144.0000 14.92546055    09
SATNET-590-00344 [DTC]
1   344U 00000A   25274.57027601 .00000000  00000-0 0 000           1
2   344  85.0000 146.3000 0000000   0.0000 156.0000 14.92546055    03
SATNET-590-00345 [DTC]
1   345U 00000A   25274.57027601 .00000000  00000-0 0 000           2
2   345  85.0000 146.3000 0000000   0.0000 168.0000 14.92546055    07
SATNET-590-00346 [DTC]
1   346U 00000A   25274.57027601 .00000000  00000-0 0 000           3
2   346  85.0000 146.3000 0000000   0.0000 180.0000 14.92546055    02
SATNET-590-00347 [DTC]
1   347U 00000A   25274.57027601 .00000000  00000-0 0 000           4
2   347  85.0000 146.3000 0000000   0.0000 192.0000 14.92546055    06
SATNET-590-00348 [DTC]
1   348U 00000A   25274.57027601 .00000000  00000-0 0 000           5
2   348  85.0000 146.3000 0000000   0.0000 204.0000 14.92546055    01
SATNET-590-00349 [DTC]
1   349U 00000A   25274.57027601 .00000000  00000-0 0 000           6
2   349  85.0000 146.3000 0000000   0.0000 216.0000 14.92546055    05
SATNET-590-00350 [DTC]
1   350U 00000A   25274.57027601 .00000000  00000-0 0 000           8
2   350  85.0000 146.3000 0000000   0.0000 228.0000 14.92546055    00
SATNET-590-00351 [DTC]
1   351U 00000A   25274.57027601 .00000000  00000-0 0 000           9
2   351  85.0000 146.3000 0000000   0.0000 240.0000 14.92546055    05
SATNET-590-00352 [DTC]
1   352U 00000A   25274.57027601 .00000000  00000-0 0 000           0
2   352  85.0000 146.3000 0000000   0.0000 252.0000 14.92546055    09
SATNET-590-00353 [DTC]
1   353U 00000A   25274.57027601 .00000000  00000-0 0 000           1
2   353  85.0000 146.3000 0000000   0.0000 264.0000 14.92546055    03
SATNET-590-00354 [DTC]
1   354U 00000A   25274.57027601 .00000000  00000-0 0 000           2
2   354  85.0000 146.3000 0000000   0.0000 276.0000 14.92546055    07
SATNET-590-00355 [DTC]
1   355U 00000A   25274.57027601 .00000000  00000-0 0 000           3
2   355  85.0000 146.3000 0000000   0.0000 288.0000 14.92546055    01
SATNET-590-00356 [DTC]
1   356U 00000A   25274.57027601 .00000000  00000-0 0 000           4
2   356  85.0000 146.3000 0000000   0.0000 300.0000 14.92546055    07
SATNET-590-00357 [DTC]
1   357U 00000A   25274.57027601 .00000000  00000-0 0 000           5
2   357  85.0000 146.3000 0000000   0.0000 312.0000 14.92546055    01
SATNET-590-00358 [DTC]
1   358U 00000A   25274.57027601 .00000000  00000-0 0 000           6
2   358  85.0000 146.3000 0000000   0.0000 324.0000 14.92546055    05
SATNET-590-00359 [DTC]
1   359U 00000A   25274.57027601 .00000000  00000-0 0 000           7
2   359  85.0000 146.3000 0000000   0.0000 336.0000 14.92546055    09
SATNET-590-00360 [DTC]
1   360U 00000A   25274.57027601 .00000000  00000-0 0 000           9
2   360  85.0000 146.3000 0000000   0.0000 348.0000 14.92546055    04
SATNET-590-00361 [DTC]
1   361U 00000A   25274.57027601 .00000000  00000-0 0 000           0
2   361  85.0000 159.6000 0000000   0.0000   0.0000 14.92546055    07
SATNET-590-00362 [DTC]
1   362U 00000A   25274.57027601 .00000000  00000-0 0 000           1
2   362  85.0000 159.6000 0000000   0.0000  12.0000 14.92546055    01
SATNET-590-00363 [DTC]
1   363U 00000A   25274.57027601 .00000000  00000-0 0 000           2
2   363  85.0000 159.6000 0000000   0.0000  24.0000 14.92546055    05
SATNET-590-00364 [DTC]
1   364U 00000A   25274.57027601 .00000000  00000-0 0 000           3
2   364  85.0000 159.6000 0000000   0.0000  36.0000 14.92546055    09
SATNET-590-00365 [DTC]
1   365U 00000A   25274.57027601 .00000000  00000-0 0 000           4
2   365  85.0000 159.6000 0000000   0.0000  48.0000 14.92546055    03
SATNET-590-00366 [DTC]
1   366U 00000A   25274.57027601 .00000000  00000-0 0 000           5
2   366  85.0000 159.6000 0000000   0.0000  60.0000 14.92546055    08
SATNET-590-00367 [DTC]
1   367U 00000A   25274.57027601 .00000000  00000-0 0 000           6
2   367  85.0000 159.6000 0000000   0.0000  72.0000 14.92546055    02
SATNET-590-00368 [DTC]
1   368U 00000A   25274.57027601 .00000000  00000-0 0 000           7
2   368  85.0000 159.6000 0000000   0.0000  84.0000 14.92546055    06
SATNET-590-00369 [DTC]
1   369U 00000A   25274.57027601 .00000000  00000-0 0 000           8
2   369  85.0000 159.6000 0000000   0.0000  96.0000 14.92546055    00
SATNET-590-00370 [DTC]
1   370U 00000A   25274.57027601 .00000000  00000-0 0 000           0
2   370  85.0000 159.6000 0000000   0.0000 108.0000 14.92546055    06
SATNET-590-00371 [DTC]
1   371U 00000A   25274.57027601 .00000000  00000-0 0 000           1
2   371  85.0000 159.6000 0000000   0.0000 120.0000 14.92546055    01
SATNET-590-00372 [DTC]
1   372U 00000A   25274.57027601 .00000000  00000-0 0 000           2
2   372  85.0000 159.6000 0000000   0.0000 132.0000 14.92546055    05
SATNET-590-00373 [DTC]
1   373U 00000A   25274.57027601 .00000000  00000-0 0 000           3
2   373  85.0000 159.6000 0000000   0.0000 144.0000 14.92546055    09
SATNET-590-00374 [DTC]
1   374U 00000A   25274.57027601 .00000000  00000-0 0 000           4
2   374  85.0000 159.6000 0000000   0.0000 156.0000 14.92546055    03
SATNET-590-00375 [DTC]
1   375U 00000A   25274.57027601 .00000000  00000-0 0 000           5
2   375  85.0000 159.6000 0000000   0.0000 168.0000 14.92546055    07
SATNET-590-00376 [DTC]
1   376U 00000A   25274.57027601 .00000000  00000-0 0 000           6
2   376  85.0000 159.6000 0000000   0.0000 180.0000 14.92546055    02
SATNET-590-00377 [DTC]
1   377U 00000A   25274.57027601 .00000000  00000-0 0 000           7
2   377  85.0000 159.6000 0000000   0.0000 192.0000 14.92546055    06
SATNET-590-00378 [DTC]
1   378U 00000A   25274.57027601 .00000000  00000-0 0 000           8
2   378  85.0000 159.6000 0000000   0.0000 204.0000 14.92546055    01
SATNET-590-00379 [DTC]
1   379U 00000A   25274.57027601 .00000000  00000-0 0 000           9
2   379  85.0000 159.6000 0000000   0.0000 216.0000 14.92546055    05
SATNET-590-00380 [DTC]
1   380U 00000A   25274.57027601 .00000000  00000-0 0 000           1
2   380  85.0000 159.6000 0000000   0.0000 228.0000 14.92546055    00
SATNET-590-00381 [DTC]
1   381U 00000A   25274.57027601 .00000000  00000-0 0 000           2
2   381  85.0000 159.6000 0000000   0.0000 240.0000 14.92546055    05
SATNET-590-00382 [DTC]
1   382U 00000A   25274.57027601 .00000000  00000-0 0 000           3
2   382  85.0000 159.6000 0000000   0.0000 252.0000 14.92546055    09
SATNET-590-00383 [DTC]
1   383U 00000A   25274.57027601 .00000000  00000-0 0 000           4
2   383  85.0000 159.6000 0000000   0.0000 264.0000 14.92546055    03
SATNET-590-00384 [DTC]
1   384U 00000A   25274.57027601 .00000000  00000-0 0 000           5
2   384  85.0000 159.6000 0000000   0.0000 276.0000 14.92546055    07
SATNET-590-00385 [DTC]
1   385U 00000A   25274.57027601 .00000000  00000-0 0 000           6
2   385  85.0000 159.6000 0000000   0.0000 288.0000 14.92546055    01
SATNET-590-00386 [DTC]
1   386U 00000A   25274.57027601 .00000000  00000-0 0 000           7
2   386  85.0000 159.6000 0000000   0.0000 300.0000 14.92546055    07
SATNET-590-00387 [DTC]
1   387U 00000A   25274.57027601 .00000000  00000-0 0 000           8
2   387  85.0000 159.6000 0000000   0.0000 312.0000 14.92546055    01
SATNET-590-00388 [DTC]
1   388U 00000A   25274.57027601 .00000000  00000-0 0 000           9
2   388  85.0000 159.6000 0000000   0.0000 324.0000 14.92546055    05
SATNET-590-00389 [DTC]
1   389U 00000A   25274.57027601 .00000000  00000-0 0 000           0
2   389  85.0000 159.6000 0000000   0.0000 336.0000 14.92546055    09
SATNET-590-00390 [DTC]
1   390U 00000A   25274.57027601 .00000000  00000-0 0 000           2
2   390  85.0000 159.6000 0000000   0.0000 348.0000 14.92546055    04
SATNET-590-00391 [DTC]
1   391U 00000A   25274.57027601 .00000000  00000-0 0 000           3
2   391  85.0000 172.9000 0000000   0.0000   0.0000 14.92546055    08
SATNET-590-00392 [DTC]
1   392U 00000A   25274.57027601 .00000000  00000-0 0 000           4
2   392  85.0000 172.9000 0000000   0.0000  12.0000 14.92546055    02
SATNET-590-00393 [DTC]
1   393U 00000A   25274.57027601 .00000000  00000-0 0 000           5
2   393  85.0000 172.9000 0000000   0.0000  24.0000 14.92546055    06
SATNET-590-00394 [DTC]
1   394U 00000A   25274.57027601 .00000000  00000-0 0 000           6
2   394  85.0000 172.9000 0000000   0.0000  36.0000 14.92546055    00
SATNET-590-00395 [DTC]
1   395U 00000A   25274.57027601 .00000000  00000-0 0 000           7
2   395  85.0000 172.9000 0000000   0.0000  48.0000 14.92546055    04
SATNET-590-00396 [DTC]
1   396U 00000A   25274.57027601 .00000000  00000-0 0 000           8
2   396  85.0000 172.9000 0000000   0.0000  60.0000 14.92546055    09
SATNET-590-00397 [DTC]
1   397U 00000A   25274.57027601 .00000000  00000-0 0 000           9
2   397  85.0000 172.9000 0000000   0.0000  72.0000 14.92546055    03
SATNET-590-00398 [DTC]
1   398U 00000A   25274.57027601 .00000000  00000-0 0 000           0
2   398  85.0000 172.9000 0000000   0.0000  84.0000 14.92546055    07
SATNET-590-00399 [DTC]
1   399U 00000A   25274.57027601 .00000000  00000-0 0 000           1
2   399  85.0000 172.9000 0000000   0.0000  96.0000 14.92546055    01
SATNET-590-00400 [DTC]
1   400U 00000A   25274.57027601 .00000000  00000-0 0 000           4
2   400  85.0000 172.9000 0000000   0.0000 108.0000 14.92546055    08
SATNET-590-00401 [DTC]
1   401U 00000A   25274.57027601 .00000000  00000-0 0 000           5
2   401  85.0000 172.9000 0000000   0.0000 120.0000 14.92546055    03
SATNET-590-00402 [DTC]
1   402U 00000A   25274.57027601 .00000000  00000-0 0 000           6
2   402  85.0000 172.9000 0000000   0.0000 132.0000 14.92546055    07
SATNET-590-00403 [DTC]
1   403U 00000A   25274.57027601 .00000000  00000-0 0 000           7
2   403  85.0000 172.9000 0000000   0.0000 144.0000 14.92546055    01
SATNET-590-00404 [DTC]
1   404U 00000A   25274.57027601 .00000000  00000-0 0 000           8
2   404  85.0000 172.9000 0000000   0.0000 156.0000 14.92546055    05
SATNET-590-00405 [DTC]
1   405U 00000A   25274.57027601 .00000000  00000-0 0 000           9
2   405  85.0000 172.9000 0000000   0.0000 168.0000 14.92546055    09
SATNET-590-00406 [DTC]
1   406U 00000A   25274.57027601 .00000000  00000-0 0 000           0
2   406  85.0000 172.9000 0000000   0.0000 180.0000 14.92546055    04
SATNET-590-00407 [DTC]
1   407U 00000A   25274.57027601 .00000000  00000-0 0 000           1
2   407  85.0000 172.9000 0000000   0.0000 192.0000 14.92546055    08
SATNET-590-00408 [DTC]
1   408U 00000A   25274.57027601 .00000000  00000-0 0 000           2
2   408  85.0000 172.9000 0000000   0.0000 204.0000 14.92546055    03
SATNET-590-00409 [DTC]
1   409U 00000A   25274.57027601 .00000000  00000-0 0 000           3
2   409  85.0000 172.9000 0000000   0.0000 216.0000 14.92546055    07
SATNET-590-00410 [DTC]
1   410U 00000A   25274.57027601 .00000000  00000-0 0 000           5
2   410  85.0000 172.9000 0000000   0.0000 228.0000 14.92546055    02
SATNET-590-00411 [DTC]
1   411U 00000A   25274.57027601 .00000000  00000-0 0 000           6
2   411  85.0000 172.9000 0000000   0.0000 240.0000 14.92546055    07
SATNET-590-00412 [DTC]
1   412U 00000A   25274.57027601 .00000000  00000-0 0 000           7
2   412  85.0000 172.9000 0000000   0.0000 252.0000 14.92546055    01
SATNET-590-00413 [DTC]
1   413U 00000A   25274.57027601 .00000000  00000-0 0 000           8
2   413  85.0000 172.9000 0000000   0.0000 264.0000 14.92546055    05
SATNET-590-00414 [DTC]
1   414U 00000A   25274.57027601 .00000000  00000-0 0 000           9
2   414  85.0000 172.9000 0000000   0.0000 276.0000 14.92546055    09
SATNET-590-00415 [DTC]
1   415U 00000A   25274.57027601 .00000000  00000-0 0 000           0
2   415  85.0000 172.9000 0000000   0.0000 288.0000 14.92546055    03
SATNET-590-00416 [DTC]
1   416U 00000A   25274.57027601 .00000000  00000-0 0 000           1
2   416  85.0000 172.9000 0000000   0.0000 300.0000 14.92546055    09
SATNET-590-00417 [DTC]
1   417U 00000A   25274.57027601 .00000000  00000-0 0 000           2
2   417  85.0000 172.9000 0000000   0.0000 312.0000 14.92546055    03
SATNET-590-00418 [DTC]
1   418U 00000A   25274.57027601 .00000000  00000-0 0 000           3
2   418  85.0000 172.9000 0000000   0.0000 324.0000 14.92546055    07
SATNET-590-00419 [DTC]
1   419U 00000A   25274.57027601 .00000000  00000-0 0 000           4
2   419  85.0000 172.9000 0000000   0.0000 336.0000 14.92546055    01
SATNET-590-00420 [DTC]
1   420U 00000A   25274.57027601 .00000000  00000-0 0 000           6
2   420  85.0000 172.9000 0000000   0.0000 348.0000 14.92546055    06
SATNET-590-00421 [DTC]
1   421U 00000A   25274.57027601 .00000000  00000-0 0 000           7
2   421  85.0000 186.2000 0000000   0.0000   0.0000 14.92546055    00
SATNET-590-00422 [DTC]
1   422U 00000A   25274.57027601 .00000000  00000-0 0 000           8
2   422  85.0000 186.2000 0000000   0.0000  12.0000 14.92546055    04
SATNET-590-00423 [DTC]
1   423U 00000A   25274.57027601 .00000000  00000-0 0 000           9
2   423  85.0000 186.2000 0000000   0.0000  24.0000 14.92546055    08
SATNET-590-00424 [DTC]
1   424U 00000A   25274.57027601 .00000000  00000-0 0 000           0
2   424  85.0000 186.2000 0000000   0.0000  36.0000 14.92546055    02
SATNET-590-00425 [DTC]
1   425U 00000A   25274.57027601 .00000000  00000-0 0 000           1
2   425  85.0000 186.2000 0000000   0.0000  48.0000 14.92546055    06
SATNET-590-00426 [DTC]
1   426U 00000A   25274.57027601 .00000000  00000-0 0 000           2
2   426  85.0000 186.2000 0000000   0.0000  60.0000 14.92546055    01
SATNET-590-00427 [DTC]
1   427U 00000A   25274.57027601 .00000000  00000-0 0 000           3
2   427  85.0000 186.2000 0000000   0.0000  72.0000 14.92546055    05
SATNET-590-00428 [DTC]
1   428U 00000A   25274.57027601 .00000000  00000-0 0 000           4
2   428  85.0000 186.2000 0000000   0.0000  84.0000 14.92546055    09
SATNET-590-00429 [DTC]
1   429U 00000A   25274.57027601 .00000000  00000-0 0 000           5
2   429  85.0000 186.2000 0000000   0.0000  96.0000 14.92546055    03
SATNET-590-00430 [DTC]
1   430U 00000A   25274.57027601 .00000000  00000-0 0 000           7
2   430  85.0000 186.2000 0000000   0.0000 108.0000 14.92546055    09
SATNET-590-00431 [DTC]
1   431U 00000A   25274.57027601 .00000000  00000-0 0 000           8
2   431  85.0000 186.2000 0000000   0.0000 120.0000 14.92546055    04
SATNET-590-00432 [DTC]
1   432U 00000A   25274.57027601 .00000000  00000-0 0 000           9
2   432  85.0000 186.2000 0000000   0.0000 132.0000 14.92546055    08
SATNET-590-00433 [DTC]
1   433U 00000A   25274.57027601 .00000000  00000-0 0 000           0
2   433  85.0000 186.2000 0000000   0.0000 144.0000 14.92546055    02
SATNET-590-00434 [DTC]
1   434U 00000A   25274.57027601 .00000000  00000-0 0 000           1
2   434  85.0000 186.2000 0000000   0.0000 156.0000 14.92546055    06
SATNET-590-00435 [DTC]
1   435U 00000A   25274.57027601 .00000000  00000-0 0 000           2
2   435  85.0000 186.2000 0000000   0.0000 168.0000 14.92546055    00
SATNET-590-00436 [DTC]
1   436U 00000A   25274.57027601 .00000000  00000-0 0 000           3
2   436  85.0000 186.2000 0000000   0.0000 180.0000 14.92546055    05
SATNET-590-00437 [DTC]
1   437U 00000A   25274.57027601 .00000000  00000-0 0 000           4
2   437  85.0000 186.2000 0000000   0.0000 192.0000 14.92546055    09
SATNET-590-00438 [DTC]
1   438U 00000A   25274.57027601 .00000000  00000-0 0 000           5
2   438  85.0000 186.2000 0000000   0.0000 204.0000 14.92546055    04
SATNET-590-00439 [DTC]
1   439U 00000A   25274.57027601 .00000000  00000-0 0 000           6
2   439  85.0000 186.2000 0000000   0.0000 216.0000 14.92546055    08
SATNET-590-00440 [DTC]
1   440U 00000A   25274.57027601 .00000000  00000-0 0 000           8
2   440  85.0000 186.2000 0000000   0.0000 228.0000 14.92546055    03
SATNET-590-00441 [DTC]
1   441U 00000A   25274.57027601 .00000000  00000-0 0 000           9
2   441  85.0000 186.2000 0000000   0.0000 240.0000 14.92546055    08
SATNET-590-00442 [DTC]
1   442U 00000A   25274.57027601 .00000000  00000-0 0 000           0
2   442  85.0000 186.2000 0000000   0.0000 252.0000 14.92546055    02
SATNET-590-00443 [DTC]
1   443U 00000A   25274.57027601 .00000000  00000-0 0 000           1
2   443  85.0000 186.2000 0000000   0.0000 264.0000 14.92546055    06
SATNET-590-00444 [DTC]
1   444U 00000A   25274.57027601 .00000000  00000-0 0 000           2
2   444  85.0000 186.2000 0000000   0.0000 276.0000 14.92546055    00
SATNET-590-00445 [DTC]
1   445U 00000A   25274.57027601 .00000000  00000-0 0 000           3
2   445  85.0000 186.2000 0000000   0.0000 288.0000 14.92546055    04
SATNET-590-00446 [DTC]
1   446U 00000A   25274.57027601 .00000000  00000-0 0 000           4
2   446  85.0000 186.2000 0000000   0.0000 300.0000 14.92546055    00
SATNET-590-00447 [DTC]
1   447U 00000A   25274.57027601 .00000000  00000-0 0 000           5
2   447  85.0000 186.2000 0000000   0.0000 312.0000 14.92546055    04
SATNET-590-00448 [DTC]
1   448U 00000A   25274.57027601 .00000000  00000-0 0 000           6
2   448  85.0000 186.2000 0000000   0.0000 324.0000 14.92546055    08
SATNET-590-00449 [DTC]
1   449U 00000A   25274.57027601 .00000000  00000-0 0 000           7
2   449  85.0000 186.2000 0000000   0.0000 336.0000 14.92546055    02
SATNET-590-00450 [DTC]
1   450U 00000A   25274.57027601 .00000000  00000-0 0 000           9
2   450  85.0000 186.2000 0000000   0.0000 348.0000 14.92546055    07
SATNET-590-00451 [DTC]
1   451U 00000A   25274.57027601 .00000000  00000-0 0 000           0
2   451  85.0000 199.5000 0000000   0.0000   0.0000 14.92546055    00
SATNET-590-00452 [DTC]
1   452U 00000A   25274.57027601 .00000000  00000-0 0 000           1
2   452  85.0000 199.5000 0000000   0.0000  12.0000 14.92546055    04
SATNET-590-00453 [DTC]
1   453U 00000A   25274.57027601 .00000000  00000-0 0 000           2
2   453  85.0000 199.5000 0000000   0.0000  24.0000 14.92546055    08
SATNET-590-00454 [DTC]
1   454U 00000A   25274.57027601 .00000000  00000-0 0 000           3
2   454  85.0000 199.5000 0000000   0.0000  36.0000 14.92546055    02
SATNET-590-00455 [DTC]
1   455U 00000A   25274.57027601 .00000000  00000-0 0 000           4
2   455  85.0000 199.5000 0000000   0.0000  48.0000 14.92546055    06
SATNET-590-00456 [DTC]
1   456U 00000A   25274.57027601 .00000000  00000-0 0 000           5
2   456  85.0000 199.5000 0000000   0.0000  60.0000 14.92546055    01
SATNET-590-00457 [DTC]
1   457U 00000A   25274.57027601 .00000000  00000-0 0 000           6
2   457  85.0000 199.5000 0000000   0.0000  72.0000 14.92546055    05
SATNET-590-00458 [DTC]
1   458U 00000A   25274.57027601 .00000000  00000-0 0 000           7
2   458  85.0000 199.5000 0000000   0.0000  84.0000 14.92546055    09
SATNET-590-00459 [DTC]
1   459U 00000A   25274.57027601 .00000000  00000-0 0 000           8
2   459  85.0000 199.5000 0000000   0.0000  96.0000 14.92546055    03
SATNET-590-00460 [DTC]
1   460U 00000A   25274.57027601 .00000000  00000-0 0 000           0
2   460  85.0000 199.5000 0000000   0.0000 108.0000 14.92546055    09
SATNET-590-00461 [DTC]
1   461U 00000A   25274.57027601 .00000000  00000-0 0 000           1
2   461  85.0000 199.5000 0000000   0.0000 120.0000 14.92546055    04
SATNET-590-00462 [DTC]
1   462U 00000A   25274.57027601 .00000000  00000-0 0 000           2
2   462  85.0000 199.5000 0000000   0.0000 132.0000 14.92546055    08
SATNET-590-00463 [DTC]
1   463U 00000A   25274.57027601 .00000000  00000-0 0 000           3
2   463  85.0000 199.5000 0000000   0.0000 144.0000 14.92546055    02
SATNET-590-00464 [DTC]
1   464U 00000A   25274.57027601 .00000000  00000-0 0 000           4
2   464  85.0000 199.5000 0000000   0.0000 156.0000 14.92546055    06
SATNET-590-00465 [DTC]
1   465U 00000A   25274.57027601 .00000000  00000-0 0 000           5
2   465  85.0000 199.5000 0000000   0.0000 168.0000 14.92546055    00
SATNET-590-00466 [DTC]
1   466U 00000A   25274.57027601 .00000000  00000-0 0 000           6
2   466  85.0000 199.5000 0000000   0.0000 180.0000 14.92546055    05
SATNET-590-00467 [DTC]
1   467U 00000A   25274.57027601 .00000000  00000-0 0 000           7
2   467  85.0000 199.5000 0000000   0.0000 192.0000 14.92546055    09
SATNET-590-00468 [DTC]
1   468U 00000A   25274.57027601 .00000000  00000-0 0 000           8
2   468  85.0000 199.5000 0000000   0.0000 204.0000 14.92546055    04
SATNET-590-00469 [DTC]
1   469U 00000A   25274.57027601 .00000000  00000-0 0 000           9
2   469  85.0000 199.5000 0000000   0.0000 216.0000 14.92546055    08
SATNET-590-00470 [DTC]
1   470U 00000A   25274.57027601 .00000000  00000-0 0 000           1
2   470  85.0000 199.5000 0000000   0.0000 228.0000 14.92546055    03
SATNET-590-00471 [DTC]
1   471U 00000A   25274.57027601 .00000000  00000-0 0 000           2
2   471  85.0000 199.5000 0000000   0.0000 240.0000 14.92546055    08
SATNET-590-00472 [DTC]
1   472U 00000A   25274.57027601 .00000000  00000-0 0 000           3
2   472  85.0000 199.5000 0000000   0.0000 252.0000 14.92546055    02
SATNET-590-00473 [DTC]
1   473U 00000A   25274.57027601 .00000000  00000-0 0 000           4
2   473  85.0000 199.5000 0000000   0.0000 264.0000 14.92546055    06
SATNET-590-00474 [DTC]
1   474U 00000A   25274.57027601 .00000000  00000-0 0 000           5
2   474  85.0000 199.5000 0000000   0.0000 276.0000 14.92546055    00
SATNET-590-00475 [DTC]
1   475U 00000A   25274.57027601 .00000000  00000-0 0 000           6
2   475  85.0000 199.5000 0000000   0.0000 288.0000 14.92546055    04
SATNET-590-00476 [DTC]
1   476U 00000A   25274.57027601 .00000000  00000-0 0 000           7
2   476  85.0000 199.5000 0000000   0.0000 300.0000 14.92546055    00
SATNET-590-00477 [DTC]
1   477U 00000A   25274.57027601 .00000000  00000-0 0 000           8
2   477  85.0000 199.5000 0000000   0.0000 312.0000 14.92546055    04
SATNET-590-00478 [DTC]
1   478U 00000A   25274.57027601 .00000000  00000-0 0 000           9
2   478  85.0000 199.5000 0000000   0.0000 324.0000 14.92546055    08
SATNET-590-00479 [DTC]
1   479U 00000A   25274.57027601 .00000000  00000-0 0 000           0
2   479  85.0000 199.5000 0000000   0.0000 336.0000 14.92546055    02
SATNET-590-00480 [DTC]
1   480U 00000A   25274.57027601 .00000000  00000-0 0 000           2
2   480  85.0000 199.5000 0000000   0.0000 348.0000 14.92546055    07
SATNET-590-00481 [DTC]
1     1U 00000A   25274.57329142 .00000000  00000-0 0 000           6
2     1  50.0000   0.0000 0000000   0.0000   0.0000 14.92546055    09
SATNET-590-00482 [DTC]
1     2U 00000A   25274.57329142 .00000000  00000-0 0 000           7
2     2  50.0000   0.0000 0000000   0.0000   7.2000 14.92546055    09
SATNET-590-00483 [DTC]
1     3U 00000A   25274.57329142 .00000000  00000-0 0 000           8
2     3  50.0000   0.0000 0000000   0.0000  14.4000 14.92546055    00
SATNET-590-00484 [DTC]
1     4U 00000A   25274.57329142 .00000000  00000-0 0 000           9
2     4  50.0000   0.0000 0000000   0.0000  21.6000 14.92546055    01
SATNET-590-00485 [DTC]
1     5U 00000A   25274.57329142 .00000000  00000-0 0 000           0
2     5  50.0000   0.0000 0000000   0.0000  28.8000 14.92546055    01
SATNET-590-00486 [DTC]
1     6U 00000A   25274.57329142 .00000000  00000-0 0 000           1
2     6  50.0000   0.0000 0000000   0.0000  36.0000 14.92546055    03
SATNET-590-00487 [DTC]
1     7U 00000A   25274.57329142 .00000000  00000-0 0 000           2
2     7  50.0000   0.0000 0000000   0.0000  43.2000 14.92546055    04
SATNET-590-00488 [DTC]
1     8U 00000A   25274.57329142 .00000000  00000-0 0 000           3
2     8  50.0000   0.0000 0000000   0.0000  50.4000 14.92546055    05
SATNET-590-00489 [DTC]
1     9U 00000A   25274.57329142 .00000000  00000-0 0 000           4
2     9  50.0000   0.0000 0000000   0.0000  57.6000 14.92546055    05
SATNET-590-00490 [DTC]
1    10U 00000A   25274.57329142 .00000000  00000-0 0 000           6
2    10  50.0000   0.0000 0000000   0.0000  64.8000 14.92546055    07
SATNET-590-00491 [DTC]
1    11U 00000A   25274.57329142 .00000000  00000-0 0 000           7
2    11  50.0000   0.0000 0000000   0.0000  72.0000 14.92546055    09
SATNET-590-00492 [DTC]
1    12U 00000A   25274.57329142 .00000000  00000-0 0 000           8
2    12  50.0000   0.0000 0000000   0.0000  79.2000 14.92546055    09
SATNET-590-00493 [DTC]
1    13U 00000A   25274.57329142 .00000000  00000-0 0 000           9
2    13  50.0000   0.0000 0000000   0.0000  86.4000 14.92546055    00
SATNET-590-00494 [DTC]
1    14U 00000A   25274.57329142 .00000000  00000-0 0 000           0
2    14  50.0000   0.0000 0000000   0.0000  93.6000 14.92546055    01
SATNET-590-00495 [DTC]
1    15U 00000A   25274.57329142 .00000000  00000-0 0 000           1
2    15  50.0000   0.0000 0000000   0.0000 100.8000 14.92546055    03
SATNET-590-00496 [DTC]
1    16U 00000A   25274.57329142 .00000000  00000-0 0 000           2
2    16  50.0000   0.0000 0000000   0.0000 108.0000 14.92546055    04
SATNET-590-00497 [DTC]
1    17U 00000A   25274.57329142 .00000000  00000-0 0 000           3
2    17  50.0000   0.0000 0000000   0.0000 115.2000 14.92546055    05
SATNET-590-00498 [DTC]
1    18U 00000A   25274.57329142 .00000000  00000-0 0 000           4
2    18  50.0000   0.0000 0000000   0.0000 122.4000 14.92546055    06
SATNET-590-00499 [DTC]
1    19U 00000A   25274.57329142 .00000000  00000-0 0 000           5
2    19  50.0000   0.0000 0000000   0.0000 129.6000 14.92546055    06
SATNET-590-00500 [DTC]
1    20U 00000A   25274.57329142 .00000000  00000-0 0 000           7
2    20  50.0000   0.0000 0000000   0.0000 136.8000 14.92546055    08
SATNET-590-00501 [DTC]
1    21U 00000A   25274.57329142 .00000000  00000-0 0 000           8
2    21  50.0000   0.0000 0000000   0.0000 144.0000 14.92546055    00
SATNET-590-00502 [DTC]
1    22U 00000A   25274.57329142 .00000000  00000-0 0 000           9
2    22  50.0000   0.0000 0000000   0.0000 151.2000 14.92546055    01
SATNET-590-00503 [DTC]
1    23U 00000A   25274.57329142 .00000000  00000-0 0 000           0
2    23  50.0000   0.0000 0000000   0.0000 158.4000 14.92546055    01
SATNET-590-00504 [DTC]
1    24U 00000A   25274.57329142 .00000000  00000-0 0 000           1
2    24  50.0000   0.0000 0000000   0.0000 165.6000 14.92546055    02
SATNET-590-00505 [DTC]
1    25U 00000A   25274.57329142 .00000000  00000-0 0 000           2
2    25  50.0000   0.0000 0000000   0.0000 172.8000 14.92546055    03
SATNET-590-00506 [DTC]
1    26U 00000A   25274.57329142 .00000000  00000-0 0 000           3
2    26  50.0000   0.0000 0000000   0.0000 180.0000 14.92546055    05
SATNET-590-00507 [DTC]
1    27U 00000A   25274.57329142 .00000000  00000-0 0 000           4
2    27  50.0000   0.0000 0000000   0.0000 187.2000 14.92546055    05
SATNET-590-00508 [DTC]
1    28U 00000A   25274.57329142 .00000000  00000-0 0 000           5
2    28  50.0000   0.0000 0000000   0.0000 194.4000 14.92546055    06
SATNET-590-00509 [DTC]
1    29U 00000A   25274.57329142 .00000000  00000-0 0 000           6
2    29  50.0000   0.0000 0000000   0.0000 201.6000 14.92546055    08
SATNET-590-00510 [DTC]
1    30U 00000A   25274.57329142 .00000000  00000-0 0 000           8
2    30  50.0000   0.0000 0000000   0.0000 208.8000 14.92546055    09
SATNET-590-00511 [DTC]
1    31U 00000A   25274.57329142 .00000000  00000-0 0 000           9
2    31  50.0000   0.0000 0000000   0.0000 216.0000 14.92546055    01
SATNET-590-00512 [DTC]
1    32U 00000A   25274.57329142 .00000000  00000-0 0 000           0
2    32  50.0000   0.0000 0000000   0.0000 223.2000 14.92546055    02
SATNET-590-00513 [DTC]
1    33U 00000A   25274.57329142 .00000000  00000-0 0 000           1
2    33  50.0000   0.0000 0000000   0.0000 230.4000 14.92546055    03
SATNET-590-00514 [DTC]
1    34U 00000A   25274.57329142 .00000000  00000-0 0 000           2
2    34  50.0000   0.0000 0000000   0.0000 237.6000 14.92546055    03
SATNET-590-00515 [DTC]
1    35U 00000A   25274.57329142 .00000000  00000-0 0 000           3
2    35  50.0000   0.0000 0000000   0.0000 244.8000 14.92546055    04
SATNET-590-00516 [DTC]
1    36U 00000A   25274.57329142 .00000000  00000-0 0 000           4
2    36  50.0000   0.0000 0000000   0.0000 252.0000 14.92546055    06
SATNET-590-00517 [DTC]
1    37U 00000A   25274.57329142 .00000000  00000-0 0 000           5
2    37  50.0000   0.0000 0000000   0.0000 259.2000 14.92546055    06
SATNET-590-00518 [DTC]
1    38U 00000A   25274.57329142 .00000000  00000-0 0 000           6
2    38  50.0000   0.0000 0000000   0.0000 266.4000 14.92546055    07
SATNET-590-00519 [DTC]
1    39U 00000A   25274.57329142 .00000000  00000-0 0 000           7
2    39  50.0000   0.0000 0000000   0.0000 273.6000 14.92546055    08
SATNET-590-00520 [DTC]
1    40U 00000A   25274.57329142 .00000000  00000-0 0 000           9
2    40  50.0000   0.0000 0000000   0.0000 280.8000 14.92546055    00
SATNET-590-00521 [DTC]
1    41U 00000A   25274.57329142 .00000000  00000-0 0 000           0
2    41  50.0000   0.0000 0000000   0.0000 288.0000 14.92546055    01
SATNET-590-00522 [DTC]
1    42U 00000A   25274.57329142 .00000000  00000-0 0 000           1
2    42  50.0000   0.0000 0000000   0.0000 295.2000 14.92546055    02
SATNET-590-00523 [DTC]
1    43U 00000A   25274.57329142 .00000000  00000-0 0 000           2
2    43  50.0000   0.0000 0000000   0.0000 302.4000 14.92546055    04
SATNET-590-00524 [DTC]
1    44U 00000A   25274.57329142 .00000000  00000-0 0 000           3
2    44  50.0000   0.0000 0000000   0.0000 309.6000 14.92546055    04
SATNET-590-00525 [DTC]
1    45U 00000A   25274.57329142 .00000000  00000-0 0 000           4
2    45  50.0000   0.0000 0000000   0.0000 316.8000 14.92546055    05
SATNET-590-00526 [DTC]
1    46U 00000A   25274.57329142 .00000000  00000-0 0 000           5
2    46  50.0000   0.0000 0000000   0.0000 324.0000 14.92546055    07
SATNET-590-00527 [DTC]
1    47U 00000A   25274.57329142 .00000000  00000-0 0 000           6
2    47  50.0000   0.0000 0000000   0.0000 331.2000 14.92546055    08
SATNET-590-00528 [DTC]
1    48U 00000A   25274.57329142 .00000000  00000-0 0 000           7
2    48  50.0000   0.0000 0000000   0.0000 338.4000 14.92546055    08
SATNET-590-00529 [DTC]
1    49U 00000A   25274.57329142 .00000000  00000-0 0 000           8
2    49  50.0000   0.0000 0000000   0.0000 345.6000 14.92546055    09
SATNET-590-00530 [DTC]
1    50U 00000A   25274.57329142 .00000000  00000-0 0 000           0
2    50  50.0000   0.0000 0000000   0.0000 352.8000 14.92546055    01
SATNET-590-00531 [DTC]
1    51U 00000A   25274.57329142 .00000000  00000-0 0 000           1
2    51  50.0000   9.0000 0000000   0.0000   0.0000 14.92546055    03
SATNET-590-00532 [DTC]
1    52U 00000A   25274.57329142 .00000000  00000-0 0 000           2
2    52  50.0000   9.0000 0000000   0.0000   7.2000 14.92546055    03
SATNET-590-00533 [DTC]
1    53U 00000A   25274.57329142 .00000000  00000-0 0 000           3
2    53  50.0000   9.0000 0000000   0.0000  14.4000 14.92546055    04
SATNET-590-00534 [DTC]
1    54U 00000A   25274.57329142 .00000000  00000-0 0 000           4
2    54  50.0000   9.0000 0000000   0.0000  21.6000 14.92546055    05
SATNET-590-00535 [DTC]
1    55U 00000A   25274.57329142 .00000000  00000-0 0 000           5
2    55  50.0000   9.0000 0000000   0.0000  28.8000 14.92546055    05
SATNET-590-00536 [DTC]
1    56U 00000A   25274.57329142 .00000000  00000-0 0 000           6
2    56  50.0000   9.0000 0000000   0.0000  36.0000 14.92546055    07
SATNET-590-00537 [DTC]
1    57U 00000A   25274.57329142 .00000000  00000-0 0 000           7
2    57  50.0000   9.0000 0000000   0.0000  43.2000 14.92546055    08
SATNET-590-00538 [DTC]
1    58U 00000A   25274.57329142 .00000000  00000-0 0 000           8
2    58  50.0000   9.0000 0000000   0.0000  50.4000 14.92546055    09
SATNET-590-00539 [DTC]
1    59U 00000A   25274.57329142 .00000000  00000-0 0 000           9
2    59  50.0000   9.0000 0000000   0.0000  57.6000 14.92546055    09
SATNET-590-00540 [DTC]
1    60U 00000A   25274.57329142 .00000000  00000-0 0 000           1
2    60  50.0000   9.0000 0000000   0.0000  64.8000 14.92546055    01
SATNET-590-00541 [DTC]
1    61U 00000A   25274.57329142 .00000000  00000-0 0 000           2
2    61  50.0000   9.0000 0000000   0.0000  72.0000 14.92546055    03
SATNET-590-00542 [DTC]
1    62U 00000A   25274.57329142 .00000000  00000-0 0 000           3
2    62  50.0000   9.0000 0000000   0.0000  79.2000 14.92546055    03
SATNET-590-00543 [DTC]
1    63U 00000A   25274.57329142 .00000000  00000-0 0 000           4
2    63  50.0000   9.0000 0000000   0.0000  86.4000 14.92546055    04
SATNET-590-00544 [DTC]
1    64U 00000A   25274.57329142 .00000000  00000-0 0 000           5
2    64  50.0000   9.0000 0000000   0.0000  93.6000 14.92546055    05
SATNET-590-00545 [DTC]
1    65U 00000A   25274.57329142 .00000000  00000-0 0 000           6
2    65  50.0000   9.0000 0000000   0.0000 100.8000 14.92546055    07
SATNET-590-00546 [DTC]
1    66U 00000A   25274.57329142 .00000000  00000-0 0 000           7
2    66  50.0000   9.0000 0000000   0.0000 108.0000 14.92546055    08
SATNET-590-00547 [DTC]
1    67U 00000A   25274.57329142 .00000000  00000-0 0 000           8
2    67  50.0000   9.0000 0000000   0.0000 115.2000 14.92546055    09
SATNET-590-00548 [DTC]
1    68U 00000A   25274.57329142 .00000000  00000-0 0 000           9
2    68  50.0000   9.0000 0000000   0.0000 122.4000 14.92546055    00
SATNET-590-00549 [DTC]
1    69U 00000A   25274.57329142 .00000000  00000-0 0 000           0
2    69  50.0000   9.0000 0000000   0.0000 129.6000 14.92546055    00
SATNET-590-00550 [DTC]
1    70U 00000A   25274.57329142 .00000000  00000-0 0 000           2
2    70  50.0000   9.0000 0000000   0.0000 136.8000 14.92546055    02
SATNET-590-00551 [DTC]
1    71U 00000A   25274.57329142 .00000000  00000-0 0 000           3
2    71  50.0000   9.0000 0000000   0.0000 144.0000 14.92546055    04
SATNET-590-00552 [DTC]
1    72U 00000A   25274.57329142 .00000000  00000-0 0 000           4
2    72  50.0000   9.0000 0000000   0.0000 151.2000 14.92546055    05
SATNET-590-00553 [DTC]
1    73U 00000A   25274.57329142 .00000000  00000-0 0 000           5
2    73  50.0000   9.0000 0000000   0.0000 158.4000 14.92546055    05
SATNET-590-00554 [DTC]
1    74U 00000A   25274.57329142 .00000000  00000-0 0 000           6
2    74  50.0000   9.0000 0000000   0.0000 165.6000 14.92546055    06
SATNET-590-00555 [DTC]
1    75U 00000A   25274.57329142 .00000000  00000-0 0 000           7
2    75  50.0000   9.0000 0000000   0.0000 172.8000 14.92546055    07
SATNET-590-00556 [DTC]
1    76U 00000A   25274.57329142 .00000000  00000-0 0 000           8
2    76  50.0000   9.0000 0000000   0.0000 180.0000 14.92546055    09
SATNET-590-00557 [DTC]
1    77U 00000A   25274.57329142 .00000000  00000-0 0 000           9
2    77  50.0000   9.0000 0000000   0.0000 187.2000 14.92546055    09
SATNET-590-00558 [DTC]
1    78U 00000A   25274.57329142 .00000000  00000-0 0 000           0
2    78  50.0000   9.0000 0000000   0.0000 194.4000 14.92546055    00
SATNET-590-00559 [DTC]
1    79U 00000A   25274.57329142 .00000000  00000-0 0 000           1
2    79  50.0000   9.0000 0000000   0.0000 201.6000 14.92546055    02
SATNET-590-00560 [DTC]
1    80U 00000A   25274.57329142 .00000000  00000-0 0 000           3
2    80  50.0000   9.0000 0000000   0.0000 208.8000 14.92546055    03
SATNET-590-00561 [DTC]
1    81U 00000A   25274.57329142 .00000000  00000-0 0 000           4
2    81  50.0000   9.0000 0000000   0.0000 216.0000 14.92546055    05
SATNET-590-00562 [DTC]
1    82U 00000A   25274.57329142 .00000000  00000-0 0 000           5
2    82  50.0000   9.0000 0000000   0.0000 223.2000 14.92546055    06
SATNET-590-00563 [DTC]
1    83U 00000A   25274.57329142 .00000000  00000-0 0 000           6
2    83  50.0000   9.0000 0000000   0.0000 230.4000 14.92546055    07
SATNET-590-00564 [DTC]
1    84U 00000A   25274.57329142 .00000000  00000-0 0 000           7
2    84  50.0000   9.0000 0000000   0.0000 237.6000 14.92546055    07
SATNET-590-00565 [DTC]
1    85U 00000A   25274.57329142 .00000000  00000-0 0 000           8
2    85  50.0000   9.0000 0000000   0.0000 244.8000 14.92546055    08
SATNET-590-00566 [DTC]
1    86U 00000A   25274.57329142 .00000000  00000-0 0 000           9
2    86  50.0000   9.0000 0000000   0.0000 252.0000 14.92546055    00
SATNET-590-00567 [DTC]
1    87U 00000A   25274.57329142 .00000000  00000-0 0 000           0
2    87  50.0000   9.0000 0000000   0.0000 259.2000 14.92546055    00
SATNET-590-00568 [DTC]
1    88U 00000A   25274.57329142 .00000000  00000-0 0 000           1
2    88  50.0000   9.0000 0000000   0.0000 266.4000 14.92546055    01
SATNET-590-00569 [DTC]
1    89U 00000A   25274.57329142 .00000000  00000-0 0 000           2
2    89  50.0000   9.0000 0000000   0.0000 273.6000 14.92546055    02
SATNET-590-00570 [DTC]
1    90U 00000A   25274.57329142 .00000000  00000-0 0 000           4
2    90  50.0000   9.0000 0000000   0.0000 280.8000 14.92546055    04
SATNET-590-00571 [DTC]
1    91U 00000A   25274.57329142 .00000000  00000-0 0 000           5
2    91  50.0000   9.0000 0000000   0.0000 288.0000 14.92546055    05
SATNET-590-00572 [DTC]
1    92U 00000A   25274.57329142 .00000000  00000-0 0 000           6
2    92  50.0000   9.0000 0000000   0.0000 295.2000 14.92546055    06
SATNET-590-00573 [DTC]
1    93U 00000A   25274.57329142 .00000000  00000-0 0 000           7
2    93  50.0000   9.0000 0000000   0.0000 302.4000 14.92546055    08
SATNET-590-00574 [DTC]
1    94U 00000A   25274.57329142 .00000000  00000-0 0 000           8
2    94  50.0000   9.0000 0000000   0.0000 309.6000 14.92546055    08
SATNET-590-00575 [DTC]
1    95U 00000A   25274.57329142 .00000000  00000-0 0 000           9
2    95  50.0000   9.0000 0000000   0.0000 316.8000 14.92546055    09
SATNET-590-00576 [DTC]
1    96U 00000A   25274.57329142 .00000000  00000-0 0 000           0
2    96  50.0000   9.0000 0000000   0.0000 324.0000 14.92546055    01
SATNET-590-00577 [DTC]
1    97U 00000A   25274.57329142 .00000000  00000-0 0 000           1
2    97  50.0000   9.0000 0000000   0.0000 331.2000 14.92546055    02
SATNET-590-00578 [DTC]
1    98U 00000A   25274.57329142 .00000000  00000-0 0 000           2
2    98  50.0000   9.0000 0000000   0.0000 338.4000 14.92546055    02
SATNET-590-00579 [DTC]
1    99U 00000A   25274.57329142 .00000000  00000-0 0 000           3
2    99  50.0000   9.0000 0000000   0.0000 345.6000 14.92546055    03
SATNET-590-00580 [DTC]
1   100U 00000A   25274.57329142 .00000000  00000-0 0 000           6
2   100  50.0000   9.0000 0000000   0.0000 352.8000 14.92546055    06
SATNET-590-00581 [DTC]
1   101U 00000A   25274.57329142 .00000000  00000-0 0 000           7
2   101  50.0000  18.0000 0000000   0.0000   0.0000 14.92546055    09
SATNET-590-00582 [DTC]
1   102U 00000A   25274.57329142 .00000000  00000-0 0 000           8
2   102  50.0000  18.0000 0000000   0.0000   7.2000 14.92546055    09
SATNET-590-00583 [DTC]
1   103U 00000A   25274.57329142 .00000000  00000-0 0 000           9
2   103  50.0000  18.0000 0000000   0.0000  14.4000 14.92546055    00
SATNET-590-00584 [DTC]
1   104U 00000A   25274.57329142 .00000000  00000-0 0 000           0
2   104  50.0000  18.0000 0000000   0.0000  21.6000 14.92546055    01
SATNET-590-00585 [DTC]
1   105U 00000A   25274.57329142 .00000000  00000-0 0 000           1
2   105  50.0000  18.0000 0000000   0.0000  28.8000 14.92546055    01
SATNET-590-00586 [DTC]
1   106U 00000A   25274.57329142 .00000000  00000-0 0 000           2
2   106  50.0000  18.0000 0000000   0.0000  36.0000 14.92546055    03
SATNET-590-00587 [DTC]
1   107U 00000A   25274.57329142 .00000000  00000-0 0 000           3
2   107  50.0000  18.0000 0000000   0.0000  43.2000 14.92546055    04
SATNET-590-00588 [DTC]
1   108U 00000A   25274.57329142 .00000000  00000-0 0 000           4
2   108  50.0000  18.0000 0000000   0.0000  50.4000 14.92546055    05
SATNET-590-00589 [DTC]
1   109U 00000A   25274.57329142 .00000000  00000-0 0 000           5
2   109  50.0000  18.0000 0000000   0.0000  57.6000 14.92546055    05
SATNET-590-00590 [DTC]
1   110U 00000A   25274.57329142 .00000000  00000-0 0 000           7
2   110  50.0000  18.0000 0000000   0.0000  64.8000 14.92546055    07
SATNET-590-00591 [DTC]
1   111U 00000A   25274.57329142 .00000000  00000-0 0 000           8
2   111  50.0000  18.0000 0000000   0.0000  72.0000 14.92546055    09
SATNET-590-00592 [DTC]
1   112U 00000A   25274.57329142 .00000000  00000-0 0 000           9
2   112  50.0000  18.0000 0000000   0.0000  79.2000 14.92546055    09
SATNET-590-00593 [DTC]
1   113U 00000A   25274.57329142 .00000000  00000-0 0 000           0
2   113  50.0000  18.0000 0000000   0.0000  86.4000 14.92546055    00
SATNET-590-00594 [DTC]
1   114U 00000A   25274.57329142 .00000000  00000-0 0 000           1
2   114  50.0000  18.0000 0000000   0.0000  93.6000 14.92546055    01
SATNET-590-00595 [DTC]
1   115U 00000A   25274.57329142 .00000000  00000-0 0 000           2
2   115  50.0000  18.0000 0000000   0.0000 100.8000 14.92546055    03
SATNET-590-00596 [DTC]
1   116U 00000A   25274.57329142 .00000000  00000-0 0 000           3
2   116  50.0000  18.0000 0000000   0.0000 108.0000 14.92546055    04
SATNET-590-00597 [DTC]
1   117U 00000A   25274.57329142 .00000000  00000-0 0 000           4
2   117  50.0000  18.0000 0000000   0.0000 115.2000 14.92546055    05
SATNET-590-00598 [DTC]
1   118U 00000A   25274.57329142 .00000000  00000-0 0 000           5
2   118  50.0000  18.0000 0000000   0.0000 122.4000 14.92546055    06
SATNET-590-00599 [DTC]
1   119U 00000A   25274.57329142 .00000000  00000-0 0 000           6
2   119  50.0000  18.0000 0000000   0.0000 129.6000 14.92546055    06
SATNET-590-00600 [DTC]
1   120U 00000A   25274.57329142 .00000000  00000-0 0 000           8
2   120  50.0000  18.0000 0000000   0.0000 136.8000 14.92546055    08
SATNET-590-00601 [DTC]
1   121U 00000A   25274.57329142 .00000000  00000-0 0 000           9
2   121  50.0000  18.0000 0000000   0.0000 144.0000 14.92546055    00
SATNET-590-00602 [DTC]
1   122U 00000A   25274.57329142 .00000000  00000-0 0 000           0
2   122  50.0000  18.0000 0000000   0.0000 151.2000 14.92546055    01
SATNET-590-00603 [DTC]
1   123U 00000A   25274.57329142 .00000000  00000-0 0 000           1
2   123  50.0000  18.0000 0000000   0.0000 158.4000 14.92546055    01
SATNET-590-00604 [DTC]
1   124U 00000A   25274.57329142 .00000000  00000-0 0 000           2
2   124  50.0000  18.0000 0000000   0.0000 165.6000 14.92546055    02
SATNET-590-00605 [DTC]
1   125U 00000A   25274.57329142 .00000000  00000-0 0 000           3
2   125  50.0000  18.0000 0000000   0.0000 172.8000 14.92546055    03
SATNET-590-00606 [DTC]
1   126U 00000A   25274.57329142 .00000000  00000-0 0 000           4
2   126  50.0000  18.0000 0000000   0.0000 180.0000 14.92546055    05
SATNET-590-00607 [DTC]
1   127U 00000A   25274.57329142 .00000000  00000-0 0 000           5
2   127  50.0000  18.0000 0000000   0.0000 187.2000 14.92546055    05
SATNET-590-00608 [DTC]
1   128U 00000A   25274.57329142 .00000000  00000-0 0 000           6
2   128  50.0000  18.0000 0000000   0.0000 194.4000 14.92546055    06
SATNET-590-00609 [DTC]
1   129U 00000A   25274.57329142 .00000000  00000-0 0 000           7
2   129  50.0000  18.0000 0000000   0.0000 201.6000 14.92546055    08
SATNET-590-00610 [DTC]
1   130U 00000A   25274.57329142 .00000000  00000-0 0 000           9
2   130  50.0000  18.0000 0000000   0.0000 208.8000 14.92546055    09
SATNET-590-00611 [DTC]
1   131U 00000A   25274.57329142 .00000000  00000-0 0 000           0
2   131  50.0000  18.0000 0000000   0.0000 216.0000 14.92546055    01
SATNET-590-00612 [DTC]
1   132U 00000A   25274.57329142 .00000000  00000-0 0 000           1
2   132  50.0000  18.0000 0000000   0.0000 223.2000 14.92546055    02
SATNET-590-00613 [DTC]
1   133U 00000A   25274.57329142 .00000000  00000-0 0 000           2
2   133  50.0000  18.0000 0000000   0.0000 230.4000 14.92546055    03
SATNET-590-00614 [DTC]
1   134U 00000A   25274.57329142 .00000000  00000-0 0 000           3
2   134  50.0000  18.0000 0000000   0.0000 237.6000 14.92546055    03
SATNET-590-00615 [DTC]
1   135U 00000A   25274.57329142 .00000000  00000-0 0 000           4
2   135  50.0000  18.0000 0000000   0.0000 244.8000 14.92546055    04
SATNET-590-00616 [DTC]
1   136U 00000A   25274.57329142 .00000000  00000-0 0 000           5
2   136  50.0000  18.0000 0000000   0.0000 252.0000 14.92546055    06
SATNET-590-00617 [DTC]
1   137U 00000A   25274.57329142 .00000000  00000-0 0 000           6
2   137  50.0000  18.0000 0000000   0.0000 259.2000 14.92546055    06
SATNET-590-00618 [DTC]
1   138U 00000A   25274.57329142 .00000000  00000-0 0 000           7
2   138  50.0000  18.0000 0000000   0.0000 266.4000 14.92546055    07
SATNET-590-00619 [DTC]
1   139U 00000A   25274.57329142 .00000000  00000-0 0 000           8
2   139  50.0000  18.0000 0000000   0.0000 273.6000 14.92546055    08
SATNET-590-00620 [DTC]
1   140U 00000A   25274.57329142 .00000000  00000-0 0 000           0
2   140  50.0000  18.0000 0000000   0.0000 280.8000 14.92546055    00
SATNET-590-00621 [DTC]
1   141U 00000A   25274.57329142 .00000000  00000-0 0 000           1
2   141  50.0000  18.0000 0000000   0.0000 288.0000 14.92546055    01
SATNET-590-00622 [DTC]
1   142U 00000A   25274.57329142 .00000000  00000-0 0 000           2
2   142  50.0000  18.0000 0000000   0.0000 295.2000 14.92546055    02
SATNET-590-00623 [DTC]
1   143U 00000A   25274.57329142 .00000000  00000-0 0 000           3
2   143  50.0000  18.0000 0000000   0.0000 302.4000 14.92546055    04
SATNET-590-00624 [DTC]
1   144U 00000A   25274.57329142 .00000000  00000-0 0 000           4
2   144  50.0000  18.0000 0000000   0.0000 309.6000 14.92546055    04
SATNET-590-00625 [DTC]
1   145U 00000A   25274.57329142 .00000000  00000-0 0 000           5
2   145  50.0000  18.0000 0000000   0.0000 316.8000 14.92546055    05
SATNET-590-00626 [DTC]
1   146U 00000A   25274.57329142 .00000000  00000-0 0 000           6
2   146  50.0000  18.0000 0000000   0.0000 324.0000 14.92546055    07
SATNET-590-00627 [DTC]
1   147U 00000A   25274.57329142 .00000000  00000-0 0 000           7
2   147  50.0000  18.0000 0000000   0.0000 331.2000 14.92546055    08
SATNET-590-00628 [DTC]
1   148U 00000A   25274.57329142 .00000000  00000-0 0 000           8
2   148  50.0000  18.0000 0000000   0.0000 338.4000 14.92546055    08
SATNET-590-00629 [DTC]
1   149U 00000A   25274.57329142 .00000000  00000-0 0 000           9
2   149  50.0000  18.0000 0000000   0.0000 345.6000 14.92546055    09
SATNET-590-00630 [DTC]
1   150U 00000A   25274.57329142 .00000000  00000-0 0 000           1
2   150  50.0000  18.0000 0000000   0.0000 352.8000 14.92546055    01
SATNET-590-00631 [DTC]
1   151U 00000A   25274.57329142 .00000000  00000-0 0 000           2
2   151  50.0000  27.0000 0000000   0.0000   0.0000 14.92546055    04
SATNET-590-00632 [DTC]
1   152U 00000A   25274.57329142 .00000000  00000-0 0 000           3
2   152  50.0000  27.0000 0000000   0.0000   7.2000 14.92546055    04
SATNET-590-00633 [DTC]
1   153U 00000A   25274.57329142 .00000000  00000-0 0 000           4
2   153  50.0000  27.0000 0000000   0.0000  14.4000 14.92546055    05
SATNET-590-00634 [DTC]
1   154U 00000A   25274.57329142 .00000000  00000-0 0 000           5
2   154  50.0000  27.0000 0000000   0.0000  21.6000 14.92546055    06
SATNET-590-00635 [DTC]
1   155U 00000A   25274.57329142 .00000000  00000-0 0 000           6
2   155  50.0000  27.0000 0000000   0.0000  28.8000 14.92546055    06
SATNET-590-00636 [DTC]
1   156U 00000A   25274.57329142 .00000000  00000-0 0 000           7
2   156  50.0000  27.0000 0000000   0.0000  36.0000 14.92546055    08
SATNET-590-00637 [DTC]
1   157U 00000A   25274.57329142 .00000000  00000-0 0 000           8
2   157  50.0000  27.0000 0000000   0.0000  43.2000 14.92546055    09
SATNET-590-00638 [DTC]
1   158U 00000A   25274.57329142 .00000000  00000-0 0 000           9
2   158  50.0000  27.0000 0000000   0.0000  50.4000 14.92546055    00
SATNET-590-00639 [DTC]
1   159U 00000A   25274.57329142 .00000000  00000-0 0 000           0
2   159  50.0000  27.0000 0000000   0.0000  57.6000 14.92546055    00
SATNET-590-00640 [DTC]
1   160U 00000A   25274.57329142 .00000000  00000-0 0 000           2
2   160  50.0000  27.0000 0000000   0.0000  64.8000 14.92546055    02
SATNET-590-00641 [DTC]
1   161U 00000A   25274.57329142 .00000000  00000-0 0 000           3
2   161  50.0000  27.0000 0000000   0.0000  72.0000 14.92546055    04
SATNET-590-00642 [DTC]
1   162U 00000A   25274.57329142 .00000000  00000-0 0 000           4
2   162  50.0000  27.0000 0000000   0.0000  79.2000 14.92546055    04
SATNET-590-00643 [DTC]
1   163U 00000A   25274.57329142 .00000000  00000-0 0 000           5
2   163  50.0000  27.0000 0000000   0.0000  86.4000 14.92546055    05
SATNET-590-00644 [DTC]
1   164U 00000A   25274.57329142 .00000000  00000-0 0 000           6
2   164  50.0000  27.0000 0000000   0.0000  93.6000 14.92546055    06
SATNET-590-00645 [DTC]
1   165U 00000A   25274.57329142 .00000000  00000-0 0 000           7
2   165  50.0000  27.0000 0000000   0.0000 100.8000 14.92546055    08
SATNET-590-00646 [DTC]
1   166U 00000A   25274.57329142 .00000000  00000-0 0 000           8
2   166  50.0000  27.0000 0000000   0.0000 108.0000 14.92546055    09
SATNET-590-00647 [DTC]
1   167U 00000A   25274.57329142 .00000000  00000-0 0 000           9
2   167  50.0000  27.0000 0000000   0.0000 115.2000 14.92546055    00
SATNET-590-00648 [DTC]
1   168U 00000A   25274.57329142 .00000000  00000-0 0 000           0
2   168  50.0000  27.0000 0000000   0.0000 122.4000 14.92546055    01
SATNET-590-00649 [DTC]
1   169U 00000A   25274.57329142 .00000000  00000-0 0 000           1
2   169  50.0000  27.0000 0000000   0.0000 129.6000 14.92546055    01
SATNET-590-00650 [DTC]
1   170U 00000A   25274.57329142 .00000000  00000-0 0 000           3
2   170  50.0000  27.0000 0000000   0.0000 136.8000 14.92546055    03
SATNET-590-00651 [DTC]
1   171U 00000A   25274.57329142 .00000000  00000-0 0 000           4
2   171  50.0000  27.0000 0000000   0.0000 144.0000 14.92546055    05
SATNET-590-00652 [DTC]
1   172U 00000A   25274.57329142 .00000000  00000-0 0 000           5
2   172  50.0000  27.0000 0000000   0.0000 151.2000 14.92546055    06
SATNET-590-00653 [DTC]
1   173U 00000A   25274.57329142 .00000000  00000-0 0 000           6
2   173  50.0000  27.0000 0000000   0.0000 158.4000 14.92546055    06
SATNET-590-00654 [DTC]
1   174U 00000A   25274.57329142 .00000000  00000-0 0 000           7
2   174  50.0000  27.0000 0000000   0.0000 165.6000 14.92546055    07
SATNET-590-00655 [DTC]
1   175U 00000A   25274.57329142 .00000000  00000-0 0 000           8
2   175  50.0000  27.0000 0000000   0.0000 172.8000 14.92546055    08
SATNET-590-00656 [DTC]
1   176U 00000A   25274.57329142 .00000000  00000-0 0 000           9
2   176  50.0000  27.0000 0000000   0.0000 180.0000 14.92546055    00
SATNET-590-00657 [DTC]
1   177U 00000A   25274.57329142 .00000000  00000-0 0 000           0
2   177  50.0000  27.0000 0000000   0.0000 187.2000 14.92546055    00
SATNET-590-00658 [DTC]
1   178U 00000A   25274.57329142 .00000000  00000-0 0 000           1
2   178  50.0000  27.0000 0000000   0.0000 194.4000 14.92546055    01
SATNET-590-00659 [DTC]
1   179U 00000A   25274.57329142 .00000000  00000-0 0 000           2
2   179  50.0000  27.0000 0000000   0.0000 201.6000 14.92546055    03
SATNET-590-00660 [DTC]
1   180U 00000A   25274.57329142 .00000000  00000-0 0 000           4
2   180  50.0000  27.0000 0000000   0.0000 208.8000 14.92546055    04
SATNET-590-00661 [DTC]
1   181U 00000A   25274.57329142 .00000000  00000-0 0 000           5
2   181  50.0000  27.0000 0000000   0.0000 216.0000 14.92546055    06
SATNET-590-00662 [DTC]
1   182U 00000A   25274.57329142 .00000000  00000-0 0 000           6
2   182  50.0000  27.0000 0000000   0.0000 223.2000 14.92546055    07
SATNET-590-00663 [DTC]
1   183U 00000A   25274.57329142 .00000000  00000-0 0 000           7
2   183  50.0000  27.0000 0000000   0.0000 230.4000 14.92546055    08
SATNET-590-00664 [DTC]
1   184U 00000A   25274.57329142 .00000000  00000-0 0 000           8
2   184  50.0000  27.0000 0000000   0.0000 237.6000 14.92546055    08
SATNET-590-00665 [DTC]
1   185U 00000A   25274.57329142 .00000000  00000-0 0 000           9
2   185  50.0000  27.0000 0000000   0.0000 244.8000 14.92546055    09
SATNET-590-00666 [DTC]
1   186U 00000A   25274.57329142 .00000000  00000-0 0 000           0
2   186  50.0000  27.0000 0000000   0.0000 252.0000 14.92546055    01
SATNET-590-00667 [DTC]
1   187U 00000A   25274.57329142 .00000000  00000-0 0 000           1
2   187  50.0000  27.0000 0000000   0.0000 259.2000 14.92546055    01
SATNET-590-00668 [DTC]
1   188U 00000A   25274.57329142 .00000000  00000-0 0 000           2
2   188  50.0000  27.0000 0000000   0.0000 266.4000 14.92546055    02
SATNET-590-00669 [DTC]
1   189U 00000A   25274.57329142 .00000000  00000-0 0 000           3
2   189  50.0000  27.0000 0000000   0.0000 273.6000 14.92546055    03
SATNET-590-00670 [DTC]
1   190U 00000A   25274.57329142 .00000000  00000-0 0 000           5
2   190  50.0000  27.0000 0000000   0.0000 280.8000 14.92546055    05
SATNET-590-00671 [DTC]
1   191U 00000A   25274.57329142 .00000000  00000-0 0 000           6
2   191  50.0000  27.0000 0000000   0.0000 288.0000 14.92546055    06
SATNET-590-00672 [DTC]
1   192U 00000A   25274.57329142 .00000000  00000-0 0 000           7
2   192  50.0000  27.0000 0000000   0.0000 295.2000 14.92546055    07
SATNET-590-00673 [DTC]
1   193U 00000A   25274.57329142 .00000000  00000-0 0 000           8
2   193  50.0000  27.0000 0000000   0.0000 302.4000 14.92546055    09
SATNET-590-00674 [DTC]
1   194U 00000A   25274.57329142 .00000000  00000-0 0 000           9
2   194  50.0000  27.0000 0000000   0.0000 309.6000 14.92546055    09
SATNET-590-00675 [DTC]
1   195U 00000A   25274.57329142 .00000000  00000-0 0 000           0
2   195  50.0000  27.0000 0000000   0.0000 316.8000 14.92546055    00
SATNET-590-00676 [DTC]
1   196U 00000A   25274.57329142 .00000000  00000-0 0 000           1
2   196  50.0000  27.0000 0000000   0.0000 324.0000 14.92546055    02
SATNET-590-00677 [DTC]
1   197U 00000A   25274.57329142 .00000000  00000-0 0 000           2
2   197  50.0000  27.0000 0000000   0.0000 331.2000 14.92546055    03
SATNET-590-00678 [DTC]
1   198U 00000A   25274.57329142 .00000000  00000-0 0 000           3
2   198  50.0000  27.0000 0000000   0.0000 338.4000 14.92546055    03
SATNET-590-00679 [DTC]
1   199U 00000A   25274.57329142 .00000000  00000-0 0 000           4
2   199  50.0000  27.0000 0000000   0.0000 345.6000 14.92546055    04
SATNET-590-00680 [DTC]
1   200U 00000A   25274.57329142 .00000000  00000-0 0 000           7
2   200  50.0000  27.0000 0000000   0.0000 352.8000 14.92546055    07
SATNET-590-00681 [DTC]
1   201U 00000A   25274.57329142 .00000000  00000-0 0 000           8
2   201  50.0000  36.0000 0000000   0.0000   0.0000 14.92546055    00
SATNET-590-00682 [DTC]
1   202U 00000A   25274.57329142 .00000000  00000-0 0 000           9
2   202  50.0000  36.0000 0000000   0.0000   7.2000 14.92546055    00
SATNET-590-00683 [DTC]
1   203U 00000A   25274.57329142 .00000000  00000-0 0 000           0
2   203  50.0000  36.0000 0000000   0.0000  14.4000 14.92546055    01
SATNET-590-00684 [DTC]
1   204U 00000A   25274.57329142 .00000000  00000-0 0 000           1
2   204  50.0000  36.0000 0000000   0.0000  21.6000 14.92546055    02
SATNET-590-00685 [DTC]
1   205U 00000A   25274.57329142 .00000000  00000-0 0 000           2
2   205  50.0000  36.0000 0000000   0.0000  28.8000 14.92546055    02
SATNET-590-00686 [DTC]
1   206U 00000A   25274.57329142 .00000000  00000-0 0 000           3
2   206  50.0000  36.0000 0000000   0.0000  36.0000 14.92546055    04
SATNET-590-00687 [DTC]
1   207U 00000A   25274.57329142 .00000000  00000-0 0 000           4
2   207  50.0000  36.0000 0000000   0.0000  43.2000 14.92546055    05
SATNET-590-00688 [DTC]
1   208U 00000A   25274.57329142 .00000000  00000-0 0 000           5
2   208  50.0000  36.0000 0000000   0.0000  50.4000 14.92546055    06
SATNET-590-00689 [DTC]
1   209U 00000A   25274.57329142 .00000000  00000-0 0 000           6
2   209  50.0000  36.0000 0000000   0.0000  57.6000 14.92546055    06
SATNET-590-00690 [DTC]
1   210U 00000A   25274.57329142 .00000000  00000-0 0 000           8
2   210  50.0000  36.0000 0000000   0.0000  64.8000 14.92546055    08
SATNET-590-00691 [DTC]
1   211U 00000A   25274.57329142 .00000000  00000-0 0 000           9
2   211  50.0000  36.0000 0000000   0.0000  72.0000 14.92546055    00
SATNET-590-00692 [DTC]
1   212U 00000A   25274.57329142 .00000000  00000-0 0 000           0
2   212  50.0000  36.0000 0000000   0.0000  79.2000 14.92546055    00
SATNET-590-00693 [DTC]
1   213U 00000A   25274.57329142 .00000000  00000-0 0 000           1
2   213  50.0000  36.0000 0000000   0.0000  86.4000 14.92546055    01
SATNET-590-00694 [DTC]
1   214U 00000A   25274.57329142 .00000000  00000-0 0 000           2
2   214  50.0000  36.0000 0000000   0.0000  93.6000 14.92546055    02
SATNET-590-00695 [DTC]
1   215U 00000A   25274.57329142 .00000000  00000-0 0 000           3
2   215  50.0000  36.0000 0000000   0.0000 100.8000 14.92546055    04
SATNET-590-00696 [DTC]
1   216U 00000A   25274.57329142 .00000000  00000-0 0 000           4
2   216  50.0000  36.0000 0000000   0.0000 108.0000 14.92546055    05
SATNET-590-00697 [DTC]
1   217U 00000A   25274.57329142 .00000000  00000-0 0 000           5
2   217  50.0000  36.0000 0000000   0.0000 115.2000 14.92546055    06
SATNET-590-00698 [DTC]
1   218U 00000A   25274.57329142 .00000000  00000-0 0 000           6
2   218  50.0000  36.0000 0000000   0.0000 122.4000 14.92546055    07
SATNET-590-00699 [DTC]
1   219U 00000A   25274.57329142 .00000000  00000-0 0 000           7
2   219  50.0000  36.0000 0000000   0.0000 129.6000 14.92546055    07
SATNET-590-00700 [DTC]
1   220U 00000A   25274.57329142 .00000000  00000-0 0 000           9
2   220  50.0000  36.0000 0000000   0.0000 136.8000 14.92546055    09
SATNET-590-00701 [DTC]
1   221U 00000A   25274.57329142 .00000000  00000-0 0 000           0
2   221  50.0000  36.0000 0000000   0.0000 144.0000 14.92546055    01
SATNET-590-00702 [DTC]
1   222U 00000A   25274.57329142 .00000000  00000-0 0 000           1
2   222  50.0000  36.0000 0000000   0.0000 151.2000 14.92546055    02
SATNET-590-00703 [DTC]
1   223U 00000A   25274.57329142 .00000000  00000-0 0 000           2
2   223  50.0000  36.0000 0000000   0.0000 158.4000 14.92546055    02
SATNET-590-00704 [DTC]
1   224U 00000A   25274.57329142 .00000000  00000-0 0 000           3
2   224  50.0000  36.0000 0000000   0.0000 165.6000 14.92546055    03
SATNET-590-00705 [DTC]
1   225U 00000A   25274.57329142 .00000000  00000-0 0 000           4
2   225  50.0000  36.0000 0000000   0.0000 172.8000 14.92546055    04
SATNET-590-00706 [DTC]
1   226U 00000A   25274.57329142 .00000000  00000-0 0 000           5
2   226  50.0000  36.0000 0000000   0.0000 180.0000 14.92546055    06
SATNET-590-00707 [DTC]
1   227U 00000A   25274.57329142 .00000000  00000-0 0 000           6
2   227  50.0000  36.0000 0000000   0.0000 187.2000 14.92546055    06
SATNET-590-00708 [DTC]
1   228U 00000A   25274.57329142 .00000000  00000-0 0 000           7
2   228  50.0000  36.0000 0000000   0.0000 194.4000 14.92546055    07
SATNET-590-00709 [DTC]
1   229U 00000A   25274.57329142 .00000000  00000-0 0 000           8
2   229  50.0000  36.0000 0000000   0.0000 201.6000 14.92546055    09
SATNET-590-00710 [DTC]
1   230U 00000A   25274.57329142 .00000000  00000-0 0 000           0
2   230  50.0000  36.0000 0000000   0.0000 208.8000 14.92546055    00
SATNET-590-00711 [DTC]
1   231U 00000A   25274.57329142 .00000000  00000-0 0 000           1
2   231  50.0000  36.0000 0000000   0.0000 216.0000 14.92546055    02
SATNET-590-00712 [DTC]
1   232U 00000A   25274.57329142 .00000000  00000-0 0 000           2
2   232  50.0000  36.0000 0000000   0.0000 223.2000 14.92546055    03
SATNET-590-00713 [DTC]
1   233U 00000A   25274.57329142 .00000000  00000-0 0 000           3
2   233  50.0000  36.0000 0000000   0.0000 230.4000 14.92546055    04
SATNET-590-00714 [DTC]
1   234U 00000A   25274.57329142 .00000000  00000-0 0 000           4
2   234  50.0000  36.0000 0000000   0.0000 237.6000 14.92546055    04
SATNET-590-00715 [DTC]
1   235U 00000A   25274.57329142 .00000000  00000-0 0 000           5
2   235  50.0000  36.0000 0000000   0.0000 244.8000 14.92546055    05
SATNET-590-00716 [DTC]
1   236U 00000A   25274.57329142 .00000000  00000-0 0 000           6
2   236  50.0000  36.0000 0000000   0.0000 252.0000 14.92546055    07
SATNET-590-00717 [DTC]
1   237U 00000A   25274.57329142 .00000000  00000-0 0 000           7
2   237  50.0000  36.0000 0000000   0.0000 259.2000 14.92546055    07
SATNET-590-00718 [DTC]
1   238U 00000A   25274.57329142 .00000000  00000-0 0 000           8
2   238  50.0000  36.0000 0000000   0.0000 266.4000 14.92546055    08
SATNET-590-00719 [DTC]
1   239U 00000A   25274.57329142 .00000000  00000-0 0 000           9
2   239  50.0000  36.0000 0000000   0.0000 273.6000 14.92546055    09
SATNET-590-00720 [DTC]
1   240U 00000A   25274.57329142 .00000000  00000-0 0 000           1
2   240  50.0000  36.0000 0000000   0.0000 280.8000 14.92546055    01
SATNET-590-00721 [DTC]
1   241U 00000A   25274.57329142 .00000000  00000-0 0 000           2
2   241  50.0000  36.0000 0000000   0.0000 288.0000 14.92546055    02
SATNET-590-00722 [DTC]
1   242U 00000A   25274.57329142 .00000000  00000-0 0 000           3
2   242  50.0000  36.0000 0000000   0.0000 295.2000 14.92546055    03
SATNET-590-00723 [DTC]
1   243U 00000A   25274.57329142 .00000000  00000-0 0 000           4
2   243  50.0000  36.0000 0000000   0.0000 302.4000 14.92546055    05
SATNET-590-00724 [DTC]
1   244U 00000A   25274.57329142 .00000000  00000-0 0 000           5
2   244  50.0000  36.0000 0000000   0.0000 309.6000 14.92546055    05
SATNET-590-00725 [DTC]
1   245U 00000A   25274.57329142 .00000000  00000-0 0 000           6
2   245  50.0000  36.0000 0000000   0.0000 316.8000 14.92546055    06
SATNET-590-00726 [DTC]
1   246U 00000A   25274.57329142 .00000000  00000-0 0 000           7
2   246  50.0000  36.0000 0000000   0.0000 324.0000 14.92546055    08
SATNET-590-00727 [DTC]
1   247U 00000A   25274.57329142 .00000000  00000-0 0 000           8
2   247  50.0000  36.0000 0000000   0.0000 331.2000 14.92546055    09
SATNET-590-00728 [DTC]
1   248U 00000A   25274.57329142 .00000000  00000-0 0 000           9
2   248  50.0000  36.0000 0000000   0.0000 338.4000 14.92546055    09
SATNET-590-00729 [DTC]
1   249U 00000A   25274.57329142 .00000000  00000-0 0 000           0
2   249  50.0000  36.0000 0000000   0.0000 345.6000 14.92546055    00
SATNET-590-00730 [DTC]
1   250U 00000A   25274.57329142 .00000000  00000-0 0 000           2
2   250  50.0000  36.0000 0000000   0.0000 352.8000 14.92546055    02
SATNET-590-00731 [DTC]
1   251U 00000A   25274.57329142 .00000000  00000-0 0 000           3
2   251  50.0000  45.0000 0000000   0.0000   0.0000 14.92546055    05
SATNET-590-00732 [DTC]
1   252U 00000A   25274.57329142 .00000000  00000-0 0 000           4
2   252  50.0000  45.0000 0000000   0.0000   7.2000 14.92546055    05
SATNET-590-00733 [DTC]
1   253U 00000A   25274.57329142 .00000000  00000-0 0 000           5
2   253  50.0000  45.0000 0000000   0.0000  14.4000 14.92546055    06
SATNET-590-00734 [DTC]
1   254U 00000A   25274.57329142 .00000000  00000-0 0 000           6
2   254  50.0000  45.0000 0000000   0.0000  21.6000 14.92546055    07
SATNET-590-00735 [DTC]
1   255U 00000A   25274.57329142 .00000000  00000-0 0 000           7
2   255  50.0000  45.0000 0000000   0.0000  28.8000 14.92546055    07
SATNET-590-00736 [DTC]
1   256U 00000A   25274.57329142 .00000000  00000-0 0 000           8
2   256  50.0000  45.0000 0000000   0.0000  36.0000 14.92546055    09
SATNET-590-00737 [DTC]
1   257U 00000A   25274.57329142 .00000000  00000-0 0 000           9
2   257  50.0000  45.0000 0000000   0.0000  43.2000 14.92546055    00
SATNET-590-00738 [DTC]
1   258U 00000A   25274.57329142 .00000000  00000-0 0 000           0
2   258  50.0000  45.0000 0000000   0.0000  50.4000 14.92546055    01
SATNET-590-00739 [DTC]
1   259U 00000A   25274.57329142 .00000000  00000-0 0 000           1
2   259  50.0000  45.0000 0000000   0.0000  57.6000 14.92546055    01
SATNET-590-00740 [DTC]
1   260U 00000A   25274.57329142 .00000000  00000-0 0 000           3
2   260  50.0000  45.0000 0000000   0.0000  64.8000 14.92546055    03
SATNET-590-00741 [DTC]
1   261U 00000A   25274.57329142 .00000000  00000-0 0 000           4
2   261  50.0000  45.0000 0000000   0.0000  72.0000 14.92546055    05
SATNET-590-00742 [DTC]
1   262U 00000A   25274.57329142 .00000000  00000-0 0 000           5
2   262  50.0000  45.0000 0000000   0.0000  79.2000 14.92546055    05
SATNET-590-00743 [DTC]
1   263U 00000A   25274.57329142 .00000000  00000-0 0 000           6
2   263  50.0000  45.0000 0000000   0.0000  86.4000 14.92546055    06
SATNET-590-00744 [DTC]
1   264U 00000A   25274.57329142 .00000000  00000-0 0 000           7
2   264  50.0000  45.0000 0000000   0.0000  93.6000 14.92546055    07
SATNET-590-00745 [DTC]
1   265U 00000A   25274.57329142 .00000000  00000-0 0 000           8
2   265  50.0000  45.0000 0000000   0.0000 100.8000 14.92546055    09
SATNET-590-00746 [DTC]
1   266U 00000A   25274.57329142 .00000000  00000-0 0 000           9
2   266  50.0000  45.0000 0000000   0.0000 108.0000 14.92546055    00
SATNET-590-00747 [DTC]
1   267U 00000A   25274.57329142 .00000000  00000-0 0 000           0
2   267  50.0000  45.0000 0000000   0.0000 115.2000 14.92546055    01
SATNET-590-00748 [DTC]
1   268U 00000A   25274.57329142 .00000000  00000-0 0 000           1
2   268  50.0000  45.0000 0000000   0.0000 122.4000 14.92546055    02
SATNET-590-00749 [DTC]
1   269U 00000A   25274.57329142 .00000000  00000-0 0 000           2
2   269  50.0000  45.0000 0000000   0.0000 129.6000 14.92546055    02
SATNET-590-00750 [DTC]
1   270U 00000A   25274.57329142 .00000000  00000-0 0 000           4
2   270  50.0000  45.0000 0000000   0.0000 136.8000 14.92546055    04
SATNET-590-00751 [DTC]
1   271U 00000A   25274.57329142 .00000000  00000-0 0 000           5
2   271  50.0000  45.0000 0000000   0.0000 144.0000 14.92546055    06
SATNET-590-00752 [DTC]
1   272U 00000A   25274.57329142 .00000000  00000-0 0 000           6
2   272  50.0000  45.0000 0000000   0.0000 151.2000 14.92546055    07
SATNET-590-00753 [DTC]
1   273U 00000A   25274.57329142 .00000000  00000-0 0 000           7
2   273  50.0000  45.0000 0000000   0.0000 158.4000 14.92546055    07
SATNET-590-00754 [DTC]
1   274U 00000A   25274.57329142 .00000000  00000-0 0 000           8
2   274  50.0000  45.0000 0000000   0.0000 165.6000 14.92546055    08
SATNET-590-00755 [DTC]
1   275U 00000A   25274.57329142 .00000000  00000-0 0 000           9
2   275  50.0000  45.0000 0000000   0.0000 172.8000 14.92546055    09
SATNET-590-00756 [DTC]
1   276U 00000A   25274.57329142 .00000000  00000-0 0 000           0
2   276  50.0000  45.0000 0000000   0.0000 180.0000 14.92546055    01
SATNET-590-00757 [DTC]
1   277U 00000A   25274.57329142 .00000000  00000-0 0 000           1
2   277  50.0000  45.0000 0000000   0.0000 187.2000 14.92546055    01
SATNET-590-00758 [DTC]
1   278U 00000A   25274.57329142 .00000000  00000-0 0 000           2
2   278  50.0000  45.0000 0000000   0.0000 194.4000 14.92546055    02
SATNET-590-00759 [DTC]
1   279U 00000A   25274.57329142 .00000000  00000-0 0 000           3
2   279  50.0000  45.0000 0000000   0.0000 201.6000 14.92546055    04
SATNET-590-00760 [DTC]
1   280U 00000A   25274.57329142 .00000000  00000-0 0 000           5
2   280  50.0000  45.0000 0000000   0.0000 208.8000 14.92546055    05
SATNET-590-00761 [DTC]
1   281U 00000A   25274.57329142 .00000000  00000-0 0 000           6
2   281  50.0000  45.0000 0000000   0.0000 216.0000 14.92546055    07
SATNET-590-00762 [DTC]
1   282U 00000A   25274.57329142 .00000000  00000-0 0 000           7
2   282  50.0000  45.0000 0000000   0.0000 223.2000 14.92546055    08
SATNET-590-00763 [DTC]
1   283U 00000A   25274.57329142 .00000000  00000-0 0 000           8
2   283  50.0000  45.0000 0000000   0.0000 230.4000 14.92546055    09
SATNET-590-00764 [DTC]
1   284U 00000A   25274.57329142 .00000000  00000-0 0 000           9
2   284  50.0000  45.0000 0000000   0.0000 237.6000 14.92546055    09
SATNET-590-00765 [DTC]
1   285U 00000A   25274.57329142 .00000000  00000-0 0 000           0
2   285  50.0000  45.0000 0000000   0.0000 244.8000 14.92546055    00
SATNET-590-00766 [DTC]
1   286U 00000A   25274.57329142 .00000000  00000-0 0 000           1
2   286  50.0000  45.0000 0000000   0.0000 252.0000 14.92546055    02
SATNET-590-00767 [DTC]
1   287U 00000A   25274.57329142 .00000000  00000-0 0 000           2
2   287  50.0000  45.0000 0000000   0.0000 259.2000 14.92546055    02
SATNET-590-00768 [DTC]
1   288U 00000A   25274.57329142 .00000000  00000-0 0 000           3
2   288  50.0000  45.0000 0000000   0.0000 266.4000 14.92546055    03
SATNET-590-00769 [DTC]
1   289U 00000A   25274.57329142 .00000000  00000-0 0 000           4
2   289  50.0000  45.0000 0000000   0.0000 273.6000 14.92546055    04
SATNET-590-00770 [DTC]
1   290U 00000A   25274.57329142 .00000000  00000-0 0 000           6
2   290  50.0000  45.0000 0000000   0.0000 280.8000 14.92546055    06
SATNET-590-00771 [DTC]
1   291U 00000A   25274.57329142 .00000000  00000-0 0 000           7
2   291  50.0000  45.0000 0000000   0.0000 288.0000 14.92546055    07
SATNET-590-00772 [DTC]
1   292U 00000A   25274.57329142 .00000000  00000-0 0 000           8
2   292  50.0000  45.0000 0000000   0.0000 295.2000 14.92546055    08
SATNET-590-00773 [DTC]
1   293U 00000A   25274.57329142 .00000000  00000-0 0 000           9
2   293  50.0000  45.0000 0000000   0.0000 302.4000 14.92546055    00
SATNET-590-00774 [DTC]
1   294U 00000A   25274.57329142 .00000000  00000-0 0 000           0
2   294  50.0000  45.0000 0000000   0.0000 309.6000 14.92546055    00
SATNET-590-00775 [DTC]
1   295U 00000A   25274.57329142 .00000000  00000-0 0 000           1
2   295  50.0000  45.0000 0000000   0.0000 316.8000 14.92546055    01
SATNET-590-00776 [DTC]
1   296U 00000A   25274.57329142 .00000000  00000-0 0 000           2
2   296  50.0000  45.0000 0000000   0.0000 324.0000 14.92546055    03
SATNET-590-00777 [DTC]
1   297U 00000A   25274.57329142 .00000000  00000-0 0 000           3
2   297  50.0000  45.0000 0000000   0.0000 331.2000 14.92546055    04
SATNET-590-00778 [DTC]
1   298U 00000A   25274.57329142 .00000000  00000-0 0 000           4
2   298  50.0000  45.0000 0000000   0.0000 338.4000 14.92546055    04
SATNET-590-00779 [DTC]
1   299U 00000A   25274.57329142 .00000000  00000-0 0 000           5
2   299  50.0000  45.0000 0000000   0.0000 345.6000 14.92546055    05
SATNET-590-00780 [DTC]
1   300U 00000A   25274.57329142 .00000000  00000-0 0 000           8
2   300  50.0000  45.0000 0000000   0.0000 352.8000 14.92546055    08
SATNET-590-00781 [DTC]
1   301U 00000A   25274.57329142 .00000000  00000-0 0 000           9
2   301  50.0000  54.0000 0000000   0.0000   0.0000 14.92546055    01
SATNET-590-00782 [DTC]
1   302U 00000A   25274.57329142 .00000000  00000-0 0 000           0
2   302  50.0000  54.0000 0000000   0.0000   7.2000 14.92546055    01
SATNET-590-00783 [DTC]
1   303U 00000A   25274.57329142 .00000000  00000-0 0 000           1
2   303  50.0000  54.0000 0000000   0.0000  14.4000 14.92546055    02
SATNET-590-00784 [DTC]
1   304U 00000A   25274.57329142 .00000000  00000-0 0 000           2
2   304  50.0000  54.0000 0000000   0.0000  21.6000 14.92546055    03
SATNET-590-00785 [DTC]
1   305U 00000A   25274.57329142 .00000000  00000-0 0 000           3
2   305  50.0000  54.0000 0000000   0.0000  28.8000 14.92546055    03
SATNET-590-00786 [DTC]
1   306U 00000A   25274.57329142 .00000000  00000-0 0 000           4
2   306  50.0000  54.0000 0000000   0.0000  36.0000 14.92546055    05
SATNET-590-00787 [DTC]
1   307U 00000A   25274.57329142 .00000000  00000-0 0 000           5
2   307  50.0000  54.0000 0000000   0.0000  43.2000 14.92546055    06
SATNET-590-00788 [DTC]
1   308U 00000A   25274.57329142 .00000000  00000-0 0 000           6
2   308  50.0000  54.0000 0000000   0.0000  50.4000 14.92546055    07
SATNET-590-00789 [DTC]
1   309U 00000A   25274.57329142 .00000000  00000-0 0 000           7
2   309  50.0000  54.0000 0000000   0.0000  57.6000 14.92546055    07
SATNET-590-00790 [DTC]
1   310U 00000A   25274.57329142 .00000000  00000-0 0 000           9
2   310  50.0000  54.0000 0000000   0.0000  64.8000 14.92546055    09
SATNET-590-00791 [DTC]
1   311U 00000A   25274.57329142 .00000000  00000-0 0 000           0
2   311  50.0000  54.0000 0000000   0.0000  72.0000 14.92546055    01
SATNET-590-00792 [DTC]
1   312U 00000A   25274.57329142 .00000000  00000-0 0 000           1
2   312  50.0000  54.0000 0000000   0.0000  79.2000 14.92546055    01
SATNET-590-00793 [DTC]
1   313U 00000A   25274.57329142 .00000000  00000-0 0 000           2
2   313  50.0000  54.0000 0000000   0.0000  86.4000 14.92546055    02
SATNET-590-00794 [DTC]
1   314U 00000A   25274.57329142 .00000000  00000-0 0 000           3
2   314  50.0000  54.0000 0000000   0.0000  93.6000 14.92546055    03
SATNET-590-00795 [DTC]
1   315U 00000A   25274.57329142 .00000000  00000-0 0 000           4
2   315  50.0000  54.0000 0000000   0.0000 100.8000 14.92546055    05
SATNET-590-00796 [DTC]
1   316U 00000A   25274.57329142 .00000000  00000-0 0 000           5
2   316  50.0000  54.0000 0000000   0.0000 108.0000 14.92546055    06
SATNET-590-00797 [DTC]
1   317U 00000A   25274.57329142 .00000000  00000-0 0 000           6
2   317  50.0000  54.0000 0000000   0.0000 115.2000 14.92546055    07
SATNET-590-00798 [DTC]
1   318U 00000A   25274.57329142 .00000000  00000-0 0 000           7
2   318  50.0000  54.0000 0000000   0.0000 122.4000 14.92546055    08
SATNET-590-00799 [DTC]
1   319U 00000A   25274.57329142 .00000000  00000-0 0 000           8
2   319  50.0000  54.0000 0000000   0.0000 129.6000 14.92546055    08
SATNET-590-00800 [DTC]
1   320U 00000A   25274.57329142 .00000000  00000-0 0 000           0
2   320  50.0000  54.0000 0000000   0.0000 136.8000 14.92546055    00
SATNET-590-00801 [DTC]
1   321U 00000A   25274.57329142 .00000000  00000-0 0 000           1
2   321  50.0000  54.0000 0000000   0.0000 144.0000 14.92546055    02
SATNET-590-00802 [DTC]
1   322U 00000A   25274.57329142 .00000000  00000-0 0 000           2
2   322  50.0000  54.0000 0000000   0.0000 151.2000 14.92546055    03
SATNET-590-00803 [DTC]
1   323U 00000A   25274.57329142 .00000000  00000-0 0 000           3
2   323  50.0000  54.0000 0000000   0.0000 158.4000 14.92546055    03
SATNET-590-00804 [DTC]
1   324U 00000A   25274.57329142 .00000000  00000-0 0 000           4
2   324  50.0000  54.0000 0000000   0.0000 165.6000 14.92546055    04
SATNET-590-00805 [DTC]
1   325U 00000A   25274.57329142 .00000000  00000-0 0 000           5
2   325  50.0000  54.0000 0000000   0.0000 172.8000 14.92546055    05
SATNET-590-00806 [DTC]
1   326U 00000A   25274.57329142 .00000000  00000-0 0 000           6
2   326  50.0000  54.0000 0000000   0.0000 180.0000 14.92546055    07
SATNET-590-00807 [DTC]
1   327U 00000A   25274.57329142 .00000000  00000-0 0 000           7
2   327  50.0000  54.0000 0000000   0.0000 187.2000 14.92546055    07
SATNET-590-00808 [DTC]
1   328U 00000A   25274.57329142 .00000000  00000-0 0 000           8
2   328  50.0000  54.0000 0000000   0.0000 194.4000 14.92546055    08
SATNET-590-00809 [DTC]
1   329U 00000A   25274.57329142 .00000000  00000-0 0 000           9
2   329  50.0000  54.0000 0000000   0.0000 201.6000 14.92546055    00
SATNET-590-00810 [DTC]
1   330U 00000A   25274.57329142 .00000000  00000-0 0 000           1
2   330  50.0000  54.0000 0000000   0.0000 208.8000 14.92546055    01
SATNET-590-00811 [DTC]
1   331U 00000A   25274.57329142 .00000000  00000-0 0 000           2
2   331  50.0000  54.0000 0000000   0.0000 216.0000 14.92546055    03
SATNET-590-00812 [DTC]
1   332U 00000A   25274.57329142 .00000000  00000-0 0 000           3
2   332  50.0000  54.0000 0000000   0.0000 223.2000 14.92546055    04
SATNET-590-00813 [DTC]
1   333U 00000A   25274.57329142 .00000000  00000-0 0 000           4
2   333  50.0000  54.0000 0000000   0.0000 230.4000 14.92546055    05
SATNET-590-00814 [DTC]
1   334U 00000A   25274.57329142 .00000000  00000-0 0 000           5
2   334  50.0000  54.0000 0000000   0.0000 237.6000 14.92546055    05
SATNET-590-00815 [DTC]
1   335U 00000A   25274.57329142 .00000000  00000-0 0 000           6
2   335  50.0000  54.0000 0000000   0.0000 244.8000 14.92546055    06
SATNET-590-00816 [DTC]
1   336U 00000A   25274.57329142 .00000000  00000-0 0 000           7
2   336  50.0000  54.0000 0000000   0.0000 252.0000 14.92546055    08
SATNET-590-00817 [DTC]
1   337U 00000A   25274.57329142 .00000000  00000-0 0 000           8
2   337  50.0000  54.0000 0000000   0.0000 259.2000 14.92546055    08
SATNET-590-00818 [DTC]
1   338U 00000A   25274.57329142 .00000000  00000-0 0 000           9
2   338  50.0000  54.0000 0000000   0.0000 266.4000 14.92546055    09
SATNET-590-00819 [DTC]
1   339U 00000A   25274.57329142 .00000000  00000-0 0 000           0
2   339  50.0000  54.0000 0000000   0.0000 273.6000 14.92546055    00
SATNET-590-00820 [DTC]
1   340U 00000A   25274.57329142 .00000000  00000-0 0 000           2
2   340  50.0000  54.0000 0000000   0.0000 280.8000 14.92546055    02
SATNET-590-00821 [DTC]
1   341U 00000A   25274.57329142 .00000000  00000-0 0 000           3
2   341  50.0000  54.0000 0000000   0.0000 288.0000 14.92546055    03
SATNET-590-00822 [DTC]
1   342U 00000A   25274.57329142 .00000000  00000-0 0 000           4
2   342  50.0000  54.0000 0000000   0.0000 295.2000 14.92546055    04
SATNET-590-00823 [DTC]
1   343U 00000A   25274.57329142 .00000000  00000-0 0 000           5
2   343  50.0000  54.0000 0000000   0.0000 302.4000 14.92546055    06
SATNET-590-00824 [DTC]
1   344U 00000A   25274.57329142 .00000000  00000-0 0 000           6
2   344  50.0000  54.0000 0000000   0.0000 309.6000 14.92546055    06
SATNET-590-00825 [DTC]
1   345U 00000A   25274.57329142 .00000000  00000-0 0 000           7
2   345  50.0000  54.0000 0000000   0.0000 316.8000 14.92546055    07
SATNET-590-00826 [DTC]
1   346U 00000A   25274.57329142 .00000000  00000-0 0 000           8
2   346  50.0000  54.0000 0000000   0.0000 324.0000 14.92546055    09
SATNET-590-00827 [DTC]
1   347U 00000A   25274.57329142 .00000000  00000-0 0 000           9
2   347  50.0000  54.0000 0000000   0.0000 331.2000 14.92546055    00
SATNET-590-00828 [DTC]
1   348U 00000A   25274.57329142 .00000000  00000-0 0 000           0
2   348  50.0000  54.0000 0000000   0.0000 338.4000 14.92546055    00
SATNET-590-00829 [DTC]
1   349U 00000A   25274.57329142 .00000000  00000-0 0 000           1
2   349  50.0000  54.0000 0000000   0.0000 345.6000 14.92546055    01
SATNET-590-00830 [DTC]
1   350U 00000A   25274.57329142 .00000000  00000-0 0 000           3
2   350  50.0000  54.0000 0000000   0.0000 352.8000 14.92546055    03
SATNET-590-00831 [DTC]
1   351U 00000A   25274.57329142 .00000000  00000-0 0 000           4
2   351  50.0000  63.0000 0000000   0.0000   0.0000 14.92546055    06
SATNET-590-00832 [DTC]
1   352U 00000A   25274.57329142 .00000000  00000-0 0 000           5
2   352  50.0000  63.0000 0000000   0.0000   7.2000 14.92546055    06
SATNET-590-00833 [DTC]
1   353U 00000A   25274.57329142 .00000000  00000-0 0 000           6
2   353  50.0000  63.0000 0000000   0.0000  14.4000 14.92546055    07
SATNET-590-00834 [DTC]
1   354U 00000A   25274.57329142 .00000000  00000-0 0 000           7
2   354  50.0000  63.0000 0000000   0.0000  21.6000 14.92546055    08
SATNET-590-00835 [DTC]
1   355U 00000A   25274.57329142 .00000000  00000-0 0 000           8
2   355  50.0000  63.0000 0000000   0.0000  28.8000 14.92546055    08
SATNET-590-00836 [DTC]
1   356U 00000A   25274.57329142 .00000000  00000-0 0 000           9
2   356  50.0000  63.0000 0000000   0.0000  36.0000 14.92546055    00
SATNET-590-00837 [DTC]
1   357U 00000A   25274.57329142 .00000000  00000-0 0 000           0
2   357  50.0000  63.0000 0000000   0.0000  43.2000 14.92546055    01
SATNET-590-00838 [DTC]
1   358U 00000A   25274.57329142 .00000000  00000-0 0 000           1
2   358  50.0000  63.0000 0000000   0.0000  50.4000 14.92546055    02
SATNET-590-00839 [DTC]
1   359U 00000A   25274.57329142 .00000000  00000-0 0 000           2
2   359  50.0000  63.0000 0000000   0.0000  57.6000 14.92546055    02
SATNET-590-00840 [DTC]
1   360U 00000A   25274.57329142 .00000000  00000-0 0 000           4
2   360  50.0000  63.0000 0000000   0.0000  64.8000 14.92546055    04
SATNET-590-00841 [DTC]
1   361U 00000A   25274.57329142 .00000000  00000-0 0 000           5
2   361  50.0000  63.0000 0000000   0.0000  72.0000 14.92546055    06
SATNET-590-00842 [DTC]
1   362U 00000A   25274.57329142 .00000000  00000-0 0 000           6
2   362  50.0000  63.0000 0000000   0.0000  79.2000 14.92546055    06
SATNET-590-00843 [DTC]
1   363U 00000A   25274.57329142 .00000000  00000-0 0 000           7
2   363  50.0000  63.0000 0000000   0.0000  86.4000 14.92546055    07
SATNET-590-00844 [DTC]
1   364U 00000A   25274.57329142 .00000000  00000-0 0 000           8
2   364  50.0000  63.0000 0000000   0.0000  93.6000 14.92546055    08
SATNET-590-00845 [DTC]
1   365U 00000A   25274.57329142 .00000000  00000-0 0 000           9
2   365  50.0000  63.0000 0000000   0.0000 100.8000 14.92546055    00
SATNET-590-00846 [DTC]
1   366U 00000A   25274.57329142 .00000000  00000-0 0 000           0
2   366  50.0000  63.0000 0000000   0.0000 108.0000 14.92546055    01
SATNET-590-00847 [DTC]
1   367U 00000A   25274.57329142 .00000000  00000-0 0 000           1
2   367  50.0000  63.0000 0000000   0.0000 115.2000 14.92546055    02
SATNET-590-00848 [DTC]
1   368U 00000A   25274.57329142 .00000000  00000-0 0 000           2
2   368  50.0000  63.0000 0000000   0.0000 122.4000 14.92546055    03
SATNET-590-00849 [DTC]
1   369U 00000A   25274.57329142 .00000000  00000-0 0 000           3
2   369  50.0000  63.0000 0000000   0.0000 129.6000 14.92546055    03
SATNET-590-00850 [DTC]
1   370U 00000A   25274.57329142 .00000000  00000-0 0 000           5
2   370  50.0000  63.0000 0000000   0.0000 136.8000 14.92546055    05
SATNET-590-00851 [DTC]
1   371U 00000A   25274.57329142 .00000000  00000-0 0 000           6
2   371  50.0000  63.0000 0000000   0.0000 144.0000 14.92546055    07
SATNET-590-00852 [DTC]
1   372U 00000A   25274.57329142 .00000000  00000-0 0 000           7
2   372  50.0000  63.0000 0000000   0.0000 151.2000 14.92546055    08
SATNET-590-00853 [DTC]
1   373U 00000A   25274.57329142 .00000000  00000-0 0 000           8
2   373  50.0000  63.0000 0000000   0.0000 158.4000 14.92546055    08
SATNET-590-00854 [DTC]
1   374U 00000A   25274.57329142 .00000000  00000-0 0 000           9
2   374  50.0000  63.0000 0000000   0.0000 165.6000 14.92546055    09
SATNET-590-00855 [DTC]
1   375U 00000A   25274.57329142 .00000000  00000-0 0 000           0
2   375  50.0000  63.0000 0000000   0.0000 172.8000 14.92546055    00
SATNET-590-00856 [DTC]
1   376U 00000A   25274.57329142 .00000000  00000-0 0 000           1
2   376  50.0000  63.0000 0000000   0.0000 180.0000 14.92546055    02
SATNET-590-00857 [DTC]
1   377U 00000A   25274.57329142 .00000000  00000-0 0 000           2
2   377  50.0000  63.0000 0000000   0.0000 187.2000 14.92546055    02
SATNET-590-00858 [DTC]
1   378U 00000A   25274.57329142 .00000000  00000-0 0 000           3
2   378  50.0000  63.0000 0000000   0.0000 194.4000 14.92546055    03
SATNET-590-00859 [DTC]
1   379U 00000A   25274.57329142 .00000000  00000-0 0 000           4
2   379  50.0000  63.0000 0000000   0.0000 201.6000 14.92546055    05
SATNET-590-00860 [DTC]
1   380U 00000A   25274.57329142 .00000000  00000-0 0 000           6
2   380  50.0000  63.0000 0000000   0.0000 208.8000 14.92546055    06
SATNET-590-00861 [DTC]
1   381U 00000A   25274.57329142 .00000000  00000-0 0 000           7
2   381  50.0000  63.0000 0000000   0.0000 216.0000 14.92546055    08
SATNET-590-00862 [DTC]
1   382U 00000A   25274.57329142 .00000000  00000-0 0 000           8
2   382  50.0000  63.0000 0000000   0.0000 223.2000 14.92546055    09
SATNET-590-00863 [DTC]
1   383U 00000A   25274.57329142 .00000000  00000-0 0 000           9
2   383  50.0000  63.0000 0000000   0.0000 230.4000 14.92546055    00
SATNET-590-00864 [DTC]
1   384U 00000A   25274.57329142 .00000000  00000-0 0 000           0
2   384  50.0000  63.0000 0000000   0.0000 237.6000 14.92546055    00
SATNET-590-00865 [DTC]
1   385U 00000A   25274.57329142 .00000000  00000-0 0 000           1
2   385  50.0000  63.0000 0000000   0.0000 244.8000 14.92546055    01
SATNET-590-00866 [DTC]
1   386U 00000A   25274.57329142 .00000000  00000-0 0 000           2
2   386  50.0000  63.0000 0000000   0.0000 252.0000 14.92546055    03
SATNET-590-00867 [DTC]
1   387U 00000A   25274.57329142 .00000000  00000-0 0 000           3
2   387  50.0000  63.0000 0000000   0.0000 259.2000 14.92546055    03
SATNET-590-00868 [DTC]
1   388U 00000A   25274.57329142 .00000000  00000-0 0 000           4
2   388  50.0000  63.0000 0000000   0.0000 266.4000 14.92546055    04
SATNET-590-00869 [DTC]
1   389U 00000A   25274.57329142 .00000000  00000-0 0 000           5
2   389  50.0000  63.0000 0000000   0.0000 273.6000 14.92546055    05
SATNET-590-00870 [DTC]
1   390U 00000A   25274.57329142 .00000000  00000-0 0 000           7
2   390  50.0000  63.0000 0000000   0.0000 280.8000 14.92546055    07
SATNET-590-00871 [DTC]
1   391U 00000A   25274.57329142 .00000000  00000-0 0 000           8
2   391  50.0000  63.0000 0000000   0.0000 288.0000 14.92546055    08
SATNET-590-00872 [DTC]
1   392U 00000A   25274.57329142 .00000000  00000-0 0 000           9
2   392  50.0000  63.0000 0000000   0.0000 295.2000 14.92546055    09
SATNET-590-00873 [DTC]
1   393U 00000A   25274.57329142 .00000000  00000-0 0 000           0
2   393  50.0000  63.0000 0000000   0.0000 302.4000 14.92546055    01
SATNET-590-00874 [DTC]
1   394U 00000A   25274.57329142 .00000000  00000-0 0 000           1
2   394  50.0000  63.0000 0000000   0.0000 309.6000 14.92546055    01
SATNET-590-00875 [DTC]
1   395U 00000A   25274.57329142 .00000000  00000-0 0 000           2
2   395  50.0000  63.0000 0000000   0.0000 316.8000 14.92546055    02
SATNET-590-00876 [DTC]
1   396U 00000A   25274.57329142 .00000000  00000-0 0 000           3
2   396  50.0000  63.0000 0000000   0.0000 324.0000 14.92546055    04
SATNET-590-00877 [DTC]
1   397U 00000A   25274.57329142 .00000000  00000-0 0 000           4
2   397  50.0000  63.0000 0000000   0.0000 331.2000 14.92546055    05
SATNET-590-00878 [DTC]
1   398U 00000A   25274.57329142 .00000000  00000-0 0 000           5
2   398  50.0000  63.0000 0000000   0.0000 338.4000 14.92546055    05
SATNET-590-00879 [DTC]
1   399U 00000A   25274.57329142 .00000000  00000-0 0 000           6
2   399  50.0000  63.0000 0000000   0.0000 345.6000 14.92546055    06
SATNET-590-00880 [DTC]
1   400U 00000A   25274.57329142 .00000000  00000-0 0 000           9
2   400  50.0000  63.0000 0000000   0.0000 352.8000 14.92546055    09
SATNET-590-00881 [DTC]
1   401U 00000A   25274.57329142 .00000000  00000-0 0 000           0
2   401  50.0000  72.0000 0000000   0.0000   0.0000 14.92546055    02
SATNET-590-00882 [DTC]
1   402U 00000A   25274.57329142 .00000000  00000-0 0 000           1
2   402  50.0000  72.0000 0000000   0.0000   7.2000 14.92546055    02
SATNET-590-00883 [DTC]
1   403U 00000A   25274.57329142 .00000000  00000-0 0 000           2
2   403  50.0000  72.0000 0000000   0.0000  14.4000 14.92546055    03
SATNET-590-00884 [DTC]
1   404U 00000A   25274.57329142 .00000000  00000-0 0 000           3
2   404  50.0000  72.0000 0000000   0.0000  21.6000 14.92546055    04
SATNET-590-00885 [DTC]
1   405U 00000A   25274.57329142 .00000000  00000-0 0 000           4
2   405  50.0000  72.0000 0000000   0.0000  28.8000 14.92546055    04
SATNET-590-00886 [DTC]
1   406U 00000A   25274.57329142 .00000000  00000-0 0 000           5
2   406  50.0000  72.0000 0000000   0.0000  36.0000 14.92546055    06
SATNET-590-00887 [DTC]
1   407U 00000A   25274.57329142 .00000000  00000-0 0 000           6
2   407  50.0000  72.0000 0000000   0.0000  43.2000 14.92546055    07
SATNET-590-00888 [DTC]
1   408U 00000A   25274.57329142 .00000000  00000-0 0 000           7
2   408  50.0000  72.0000 0000000   0.0000  50.4000 14.92546055    08
SATNET-590-00889 [DTC]
1   409U 00000A   25274.57329142 .00000000  00000-0 0 000           8
2   409  50.0000  72.0000 0000000   0.0000  57.6000 14.92546055    08
SATNET-590-00890 [DTC]
1   410U 00000A   25274.57329142 .00000000  00000-0 0 000           0
2   410  50.0000  72.0000 0000000   0.0000  64.8000 14.92546055    00
SATNET-590-00891 [DTC]
1   411U 00000A   25274.57329142 .00000000  00000-0 0 000           1
2   411  50.0000  72.0000 0000000   0.0000  72.0000 14.92546055    02
SATNET-590-00892 [DTC]
1   412U 00000A   25274.57329142 .00000000  00000-0 0 000           2
2   412  50.0000  72.0000 0000000   0.0000  79.2000 14.92546055    02
SATNET-590-00893 [DTC]
1   413U 00000A   25274.57329142 .00000000  00000-0 0 000           3
2   413  50.0000  72.0000 0000000   0.0000  86.4000 14.92546055    03
SATNET-590-00894 [DTC]
1   414U 00000A   25274.57329142 .00000000  00000-0 0 000           4
2   414  50.0000  72.0000 0000000   0.0000  93.6000 14.92546055    04
SATNET-590-00895 [DTC]
1   415U 00000A   25274.57329142 .00000000  00000-0 0 000           5
2   415  50.0000  72.0000 0000000   0.0000 100.8000 14.92546055    06
SATNET-590-00896 [DTC]
1   416U 00000A   25274.57329142 .00000000  00000-0 0 000           6
2   416  50.0000  72.0000 0000000   0.0000 108.0000 14.92546055    07
SATNET-590-00897 [DTC]
1   417U 00000A   25274.57329142 .00000000  00000-0 0 000           7
2   417  50.0000  72.0000 0000000   0.0000 115.2000 14.92546055    08
SATNET-590-00898 [DTC]
1   418U 00000A   25274.57329142 .00000000  00000-0 0 000           8
2   418  50.0000  72.0000 0000000   0.0000 122.4000 14.92546055    09
SATNET-590-00899 [DTC]
1   419U 00000A   25274.57329142 .00000000  00000-0 0 000           9
2   419  50.0000  72.0000 0000000   0.0000 129.6000 14.92546055    09
SATNET-590-00900 [DTC]
1   420U 00000A   25274.57329142 .00000000  00000-0 0 000           1
2   420  50.0000  72.0000 0000000   0.0000 136.8000 14.92546055    01
SATNET-590-00901 [DTC]
1   421U 00000A   25274.57329142 .00000000  00000-0 0 000           2
2   421  50.0000  72.0000 0000000   0.0000 144.0000 14.92546055    03
SATNET-590-00902 [DTC]
1   422U 00000A   25274.57329142 .00000000  00000-0 0 000           3
2   422  50.0000  72.0000 0000000   0.0000 151.2000 14.92546055    04
SATNET-590-00903 [DTC]
1   423U 00000A   25274.57329142 .00000000  00000-0 0 000           4
2   423  50.0000  72.0000 0000000   0.0000 158.4000 14.92546055    04
SATNET-590-00904 [DTC]
1   424U 00000A   25274.57329142 .00000000  00000-0 0 000           5
2   424  50.0000  72.0000 0000000   0.0000 165.6000 14.92546055    05
SATNET-590-00905 [DTC]
1   425U 00000A   25274.57329142 .00000000  00000-0 0 000           6
2   425  50.0000  72.0000 0000000   0.0000 172.8000 14.92546055    06
SATNET-590-00906 [DTC]
1   426U 00000A   25274.57329142 .00000000  00000-0 0 000           7
2   426  50.0000  72.0000 0000000   0.0000 180.0000 14.92546055    08
SATNET-590-00907 [DTC]
1   427U 00000A   25274.57329142 .00000000  00000-0 0 000           8
2   427  50.0000  72.0000 0000000   0.0000 187.2000 14.92546055    08
SATNET-590-00908 [DTC]
1   428U 00000A   25274.57329142 .00000000  00000-0 0 000           9
2   428  50.0000  72.0000 0000000   0.0000 194.4000 14.92546055    09
SATNET-590-00909 [DTC]
1   429U 00000A   25274.57329142 .00000000  00000-0 0 000           0
2   429  50.0000  72.0000 0000000   0.0000 201.6000 14.92546055    01
SATNET-590-00910 [DTC]
1   430U 00000A   25274.57329142 .00000000  00000-0 0 000           2
2   430  50.0000  72.0000 0000000   0.0000 208.8000 14.92546055    02
SATNET-590-00911 [DTC]
1   431U 00000A   25274.57329142 .00000000  00000-0 0 000           3
2   431  50.0000  72.0000 0000000   0.0000 216.0000 14.92546055    04
SATNET-590-00912 [DTC]
1   432U 00000A   25274.57329142 .00000000  00000-0 0 000           4
2   432  50.0000  72.0000 0000000   0.0000 223.2000 14.92546055    05
SATNET-590-00913 [DTC]
1   433U 00000A   25274.57329142 .00000000  00000-0 0 000           5
2   433  50.0000  72.0000 0000000   0.0000 230.4000 14.92546055    06
SATNET-590-00914 [DTC]
1   434U 00000A   25274.57329142 .00000000  00000-0 0 000           6
2   434  50.0000  72.0000 0000000   0.0000 237.6000 14.92546055    06
SATNET-590-00915 [DTC]
1   435U 00000A   25274.57329142 .00000000  00000-0 0 000           7
2   435  50.0000  72.0000 0000000   0.0000 244.8000 14.92546055    07
SATNET-590-00916 [DTC]
1   436U 00000A   25274.57329142 .00000000  00000-0 0 000           8
2   436  50.0000  72.0000 0000000   0.0000 252.0000 14.92546055    09
SATNET-590-00917 [DTC]
1   437U 00000A   25274.57329142 .00000000  00000-0 0 000           9
2   437  50.0000  72.0000 0000000   0.0000 259.2000 14.92546055    09
SATNET-590-00918 [DTC]
1   438U 00000A   25274.57329142 .00000000  00000-0 0 000           0
2   438  50.0000  72.0000 0000000   0.0000 266.4000 14.92546055    00
SATNET-590-00919 [DTC]
1   439U 00000A   25274.57329142 .00000000  00000-0 0 000           1
2   439  50.0000  72.0000 0000000   0.0000 273.6000 14.92546055    01
SATNET-590-00920 [DTC]
1   440U 00000A   25274.57329142 .00000000  00000-0 0 000           3
2   440  50.0000  72.0000 0000000   0.0000 280.8000 14.92546055    03
SATNET-590-00921 [DTC]
1   441U 00000A   25274.57329142 .00000000  00000-0 0 000           4
2   441  50.0000  72.0000 0000000   0.0000 288.0000 14.92546055    04
SATNET-590-00922 [DTC]
1   442U 00000A   25274.57329142 .00000000  00000-0 0 000           5
2   442  50.0000  72.0000 0000000   0.0000 295.2000 14.92546055    05
SATNET-590-00923 [DTC]
1   443U 00000A   25274.57329142 .00000000  00000-0 0 000           6
2   443  50.0000  72.0000 0000000   0.0000 302.4000 14.92546055    07
SATNET-590-00924 [DTC]
1   444U 00000A   25274.57329142 .00000000  00000-0 0 000           7
2   444  50.0000  72.0000 0000000   0.0000 309.6000 14.92546055    07
SATNET-590-00925 [DTC]
1   445U 00000A   25274.57329142 .00000000  00000-0 0 000           8
2   445  50.0000  72.0000 0000000   0.0000 316.8000 14.92546055    08
SATNET-590-00926 [DTC]
1   446U 00000A   25274.57329142 .00000000  00000-0 0 000           9
2   446  50.0000  72.0000 0000000   0.0000 324.0000 14.92546055    00
SATNET-590-00927 [DTC]
1   447U 00000A   25274.57329142 .00000000  00000-0 0 000           0
2   447  50.0000  72.0000 0000000   0.0000 331.2000 14.92546055    01
SATNET-590-00928 [DTC]
1   448U 00000A   25274.57329142 .00000000  00000-0 0 000           1
2   448  50.0000  72.0000 0000000   0.0000 338.4000 14.92546055    01
SATNET-590-00929 [DTC]
1   449U 00000A   25274.57329142 .00000000  00000-0 0 000           2
2   449  50.0000  72.0000 0000000   0.0000 345.6000 14.92546055    02
SATNET-590-00930 [DTC]
1   450U 00000A   25274.57329142 .00000000  00000-0 0 000           4
2   450  50.0000  72.0000 0000000   0.0000 352.8000 14.92546055    04
SATNET-590-00931 [DTC]
1   451U 00000A   25274.57329142 .00000000  00000-0 0 000           5
2   451  50.0000  81.0000 0000000   0.0000   0.0000 14.92546055    07
SATNET-590-00932 [DTC]
1   452U 00000A   25274.57329142 .00000000  00000-0 0 000           6
2   452  50.0000  81.0000 0000000   0.0000   7.2000 14.92546055    07
SATNET-590-00933 [DTC]
1   453U 00000A   25274.57329142 .00000000  00000-0 0 000           7
2   453  50.0000  81.0000 0000000   0.0000  14.4000 14.92546055    08
SATNET-590-00934 [DTC]
1   454U 00000A   25274.57329142 .00000000  00000-0 0 000           8
2   454  50.0000  81.0000 0000000   0.0000  21.6000 14.92546055    09
SATNET-590-00935 [DTC]
1   455U 00000A   25274.57329142 .00000000  00000-0 0 000           9
2   455  50.0000  81.0000 0000000   0.0000  28.8000 14.92546055    09
SATNET-590-00936 [DTC]
1   456U 00000A   25274.57329142 .00000000  00000-0 0 000           0
2   456  50.0000  81.0000 0000000   0.0000  36.0000 14.92546055    01
SATNET-590-00937 [DTC]
1   457U 00000A   25274.57329142 .00000000  00000-0 0 000           1
2   457  50.0000  81.0000 0000000   0.0000  43.2000 14.92546055    02
SATNET-590-00938 [DTC]
1   458U 00000A   25274.57329142 .00000000  00000-0 0 000           2
2   458  50.0000  81.0000 0000000   0.0000  50.4000 14.92546055    03
SATNET-590-00939 [DTC]
1   459U 00000A   25274.57329142 .00000000  00000-0 0 000           3
2   459  50.0000  81.0000 0000000   0.0000  57.6000 14.92546055    03
SATNET-590-00940 [DTC]
1   460U 00000A   25274.57329142 .00000000  00000-0 0 000           5
2   460  50.0000  81.0000 0000000   0.0000  64.8000 14.92546055    05
SATNET-590-00941 [DTC]
1   461U 00000A   25274.57329142 .00000000  00000-0 0 000           6
2   461  50.0000  81.0000 0000000   0.0000  72.0000 14.92546055    07
SATNET-590-00942 [DTC]
1   462U 00000A   25274.57329142 .00000000  00000-0 0 000           7
2   462  50.0000  81.0000 0000000   0.0000  79.2000 14.92546055    07
SATNET-590-00943 [DTC]
1   463U 00000A   25274.57329142 .00000000  00000-0 0 000           8
2   463  50.0000  81.0000 0000000   0.0000  86.4000 14.92546055    08
SATNET-590-00944 [DTC]
1   464U 00000A   25274.57329142 .00000000  00000-0 0 000           9
2   464  50.0000  81.0000 0000000   0.0000  93.6000 14.92546055    09
SATNET-590-00945 [DTC]
1   465U 00000A   25274.57329142 .00000000  00000-0 0 000           0
2   465  50.0000  81.0000 0000000   0.0000 100.8000 14.92546055    01
SATNET-590-00946 [DTC]
1   466U 00000A   25274.57329142 .00000000  00000-0 0 000           1
2   466  50.0000  81.0000 0000000   0.0000 108.0000 14.92546055    02
SATNET-590-00947 [DTC]
1   467U 00000A   25274.57329142 .00000000  00000-0 0 000           2
2   467  50.0000  81.0000 0000000   0.0000 115.2000 14.92546055    03
SATNET-590-00948 [DTC]
1   468U 00000A   25274.57329142 .00000000  00000-0 0 000           3
2   468  50.0000  81.0000 0000000   0.0000 122.4000 14.92546055    04
SATNET-590-00949 [DTC]
1   469U 00000A   25274.57329142 .00000000  00000-0 0 000           4
2   469  50.0000  81.0000 0000000   0.0000 129.6000 14.92546055    04
SATNET-590-00950 [DTC]
1   470U 00000A   25274.57329142 .00000000  00000-0 0 000           6
2   470  50.0000  81.0000 0000000   0.0000 136.8000 14.92546055    06
SATNET-590-00951 [DTC]
1   471U 00000A   25274.57329142 .00000000  00000-0 0 000           7
2   471  50.0000  81.0000 0000000   0.0000 144.0000 14.92546055    08
SATNET-590-00952 [DTC]
1   472U 00000A   25274.57329142 .00000000  00000-0 0 000           8
2   472  50.0000  81.0000 0000000   0.0000 151.2000 14.92546055    09
SATNET-590-00953 [DTC]
1   473U 00000A   25274.57329142 .00000000  00000-0 0 000           9
2   473  50.0000  81.0000 0000000   0.0000 158.4000 14.92546055    09
SATNET-590-00954 [DTC]
1   474U 00000A   25274.57329142 .00000000  00000-0 0 000           0
2   474  50.0000  81.0000 0000000   0.0000 165.6000 14.92546055    00
SATNET-590-00955 [DTC]
1   475U 00000A   25274.57329142 .00000000  00000-0 0 000           1
2   475  50.0000  81.0000 0000000   0.0000 172.8000 14.92546055    01
SATNET-590-00956 [DTC]
1   476U 00000A   25274.57329142 .00000000  00000-0 0 000           2
2   476  50.0000  81.0000 0000000   0.0000 180.0000 14.92546055    03
SATNET-590-00957 [DTC]
1   477U 00000A   25274.57329142 .00000000  00000-0 0 000           3
2   477  50.0000  81.0000 0000000   0.0000 187.2000 14.92546055    03
SATNET-590-00958 [DTC]
1   478U 00000A   25274.57329142 .00000000  00000-0 0 000           4
2   478  50.0000  81.0000 0000000   0.0000 194.4000 14.92546055    04
SATNET-590-00959 [DTC]
1   479U 00000A   25274.57329142 .00000000  00000-0 0 000           5
2   479  50.0000  81.0000 0000000   0.0000 201.6000 14.92546055    06
SATNET-590-00960 [DTC]
1   480U 00000A   25274.57329142 .00000000  00000-0 0 000           7
2   480  50.0000  81.0000 0000000   0.0000 208.8000 14.92546055    07
SATNET-590-00961 [DTC]
1   481U 00000A   25274.57329142 .00000000  00000-0 0 000           8
2   481  50.0000  81.0000 0000000   0.0000 216.0000 14.92546055    09
SATNET-590-00962 [DTC]
1   482U 00000A   25274.57329142 .00000000  00000-0 0 000           9
2   482  50.0000  81.0000 0000000   0.0000 223.2000 14.92546055    00
SATNET-590-00963 [DTC]
1   483U 00000A   25274.57329142 .00000000  00000-0 0 000           0
2   483  50.0000  81.0000 0000000   0.0000 230.4000 14.92546055    01
SATNET-590-00964 [DTC]
1   484U 00000A   25274.57329142 .00000000  00000-0 0 000           1
2   484  50.0000  81.0000 0000000   0.0000 237.6000 14.92546055    01
SATNET-590-00965 [DTC]
1   485U 00000A   25274.57329142 .00000000  00000-0 0 000           2
2   485  50.0000  81.0000 0000000   0.0000 244.8000 14.92546055    02
SATNET-590-00966 [DTC]
1   486U 00000A   25274.57329142 .00000000  00000-0 0 000           3
2   486  50.0000  81.0000 0000000   0.0000 252.0000 14.92546055    04
SATNET-590-00967 [DTC]
1   487U 00000A   25274.57329142 .00000000  00000-0 0 000           4
2   487  50.0000  81.0000 0000000   0.0000 259.2000 14.92546055    04
SATNET-590-00968 [DTC]
1   488U 00000A   25274.57329142 .00000000  00000-0 0 000           5
2   488  50.0000  81.0000 0000000   0.0000 266.4000 14.92546055    05
SATNET-590-00969 [DTC]
1   489U 00000A   25274.57329142 .00000000  00000-0 0 000           6
2   489  50.0000  81.0000 0000000   0.0000 273.6000 14.92546055    06
SATNET-590-00970 [DTC]
1   490U 00000A   25274.57329142 .00000000  00000-0 0 000           8
2   490  50.0000  81.0000 0000000   0.0000 280.8000 14.92546055    08
SATNET-590-00971 [DTC]
1   491U 00000A   25274.57329142 .00000000  00000-0 0 000           9
2   491  50.0000  81.0000 0000000   0.0000 288.0000 14.92546055    09
SATNET-590-00972 [DTC]
1   492U 00000A   25274.57329142 .00000000  00000-0 0 000           0
2   492  50.0000  81.0000 0000000   0.0000 295.2000 14.92546055    00
SATNET-590-00973 [DTC]
1   493U 00000A   25274.57329142 .00000000  00000-0 0 000           1
2   493  50.0000  81.0000 0000000   0.0000 302.4000 14.92546055    02
SATNET-590-00974 [DTC]
1   494U 00000A   25274.57329142 .00000000  00000-0 0 000           2
2   494  50.0000  81.0000 0000000   0.0000 309.6000 14.92546055    02
SATNET-590-00975 [DTC]
1   495U 00000A   25274.57329142 .00000000  00000-0 0 000           3
2   495  50.0000  81.0000 0000000   0.0000 316.8000 14.92546055    03
SATNET-590-00976 [DTC]
1   496U 00000A   25274.57329142 .00000000  00000-0 0 000           4
2   496  50.0000  81.0000 0000000   0.0000 324.0000 14.92546055    05
SATNET-590-00977 [DTC]
1   497U 00000A   25274.57329142 .00000000  00000-0 0 000           5
2   497  50.0000  81.0000 0000000   0.0000 331.2000 14.92546055    06
SATNET-590-00978 [DTC]
1   498U 00000A   25274.57329142 .00000000  00000-0 0 000           6
2   498  50.0000  81.0000 0000000   0.0000 338.4000 14.92546055    06
SATNET-590-00979 [DTC]
1   499U 00000A   25274.57329142 .00000000  00000-0 0 000           7
2   499  50.0000  81.0000 0000000   0.0000 345.6000 14.92546055    07
SATNET-590-00980 [DTC]
1   500U 00000A   25274.57329142 .00000000  00000-0 0 000           0
2   500  50.0000  81.0000 0000000   0.0000 352.8000 14.92546055    00
SATNET-590-00981 [DTC]
1   501U 00000A   25274.57329142 .00000000  00000-0 0 000           1
2   501  50.0000  90.0000 0000000   0.0000   0.0000 14.92546055    03
SATNET-590-00982 [DTC]
1   502U 00000A   25274.57329142 .00000000  00000-0 0 000           2
2   502  50.0000  90.0000 0000000   0.0000   7.2000 14.92546055    03
SATNET-590-00983 [DTC]
1   503U 00000A   25274.57329142 .00000000  00000-0 0 000           3
2   503  50.0000  90.0000 0000000   0.0000  14.4000 14.92546055    04
SATNET-590-00984 [DTC]
1   504U 00000A   25274.57329142 .00000000  00000-0 0 000           4
2   504  50.0000  90.0000 0000000   0.0000  21.6000 14.92546055    05
SATNET-590-00985 [DTC]
1   505U 00000A   25274.57329142 .00000000  00000-0 0 000           5
2   505  50.0000  90.0000 0000000   0.0000  28.8000 14.92546055    05
SATNET-590-00986 [DTC]
1   506U 00000A   25274.57329142 .00000000  00000-0 0 000           6
2   506  50.0000  90.0000 0000000   0.0000  36.0000 14.92546055    07
SATNET-590-00987 [DTC]
1   507U 00000A   25274.57329142 .00000000  00000-0 0 000           7
2   507  50.0000  90.0000 0000000   0.0000  43.2000 14.92546055    08
SATNET-590-00988 [DTC]
1   508U 00000A   25274.57329142 .00000000  00000-0 0 000           8
2   508  50.0000  90.0000 0000000   0.0000  50.4000 14.92546055    09
SATNET-590-00989 [DTC]
1   509U 00000A   25274.57329142 .00000000  00000-0 0 000           9
2   509  50.0000  90.0000 0000000   0.0000  57.6000 14.92546055    09
SATNET-590-00990 [DTC]
1   510U 00000A   25274.57329142 .00000000  00000-0 0 000           1
2   510  50.0000  90.0000 0000000   0.0000  64.8000 14.92546055    01
SATNET-590-00991 [DTC]
1   511U 00000A   25274.57329142 .00000000  00000-0 0 000           2
2   511  50.0000  90.0000 0000000   0.0000  72.0000 14.92546055    03
SATNET-590-00992 [DTC]
1   512U 00000A   25274.57329142 .00000000  00000-0 0 000           3
2   512  50.0000  90.0000 0000000   0.0000  79.2000 14.92546055    03
SATNET-590-00993 [DTC]
1   513U 00000A   25274.57329142 .00000000  00000-0 0 000           4
2   513  50.0000  90.0000 0000000   0.0000  86.4000 14.92546055    04
SATNET-590-00994 [DTC]
1   514U 00000A   25274.57329142 .00000000  00000-0 0 000           5
2   514  50.0000  90.0000 0000000   0.0000  93.6000 14.92546055    05
SATNET-590-00995 [DTC]
1   515U 00000A   25274.57329142 .00000000  00000-0 0 000           6
2   515  50.0000  90.0000 0000000   0.0000 100.8000 14.92546055    07
SATNET-590-00996 [DTC]
1   516U 00000A   25274.57329142 .00000000  00000-0 0 000           7
2   516  50.0000  90.0000 0000000   0.0000 108.0000 14.92546055    08
SATNET-590-00997 [DTC]
1   517U 00000A   25274.57329142 .00000000  00000-0 0 000           8
2   517  50.0000  90.0000 0000000   0.0000 115.2000 14.92546055    09
SATNET-590-00998 [DTC]
1   518U 00000A   25274.57329142 .00000000  00000-0 0 000           9
2   518  50.0000  90.0000 0000000   0.0000 122.4000 14.92546055    00
SATNET-590-00999 [DTC]
1   519U 00000A   25274.57329142 .00000000  00000-0 0 000           0
2   519  50.0000  90.0000 0000000   0.0000 129.6000 14.92546055    00
SATNET-590-01000 [DTC]
1   520U 00000A   25274.57329142 .00000000  00000-0 0 000           2
2   520  50.0000  90.0000 0000000   0.0000 136.8000 14.92546055    02
SATNET-590-01001 [DTC]
1   521U 00000A   25274.57329142 .00000000  00000-0 0 000           3
2   521  50.0000  90.0000 0000000   0.0000 144.0000 14.92546055    04
SATNET-590-01002 [DTC]
1   522U 00000A   25274.57329142 .00000000  00000-0 0 000           4
2   522  50.0000  90.0000 0000000   0.0000 151.2000 14.92546055    05
SATNET-590-01003 [DTC]
1   523U 00000A   25274.57329142 .00000000  00000-0 0 000           5
2   523  50.0000  90.0000 0000000   0.0000 158.4000 14.92546055    05
SATNET-590-01004 [DTC]
1   524U 00000A   25274.57329142 .00000000  00000-0 0 000           6
2   524  50.0000  90.0000 0000000   0.0000 165.6000 14.92546055    06
SATNET-590-01005 [DTC]
1   525U 00000A   25274.57329142 .00000000  00000-0 0 000           7
2   525  50.0000  90.0000 0000000   0.0000 172.8000 14.92546055    07
SATNET-590-01006 [DTC]
1   526U 00000A   25274.57329142 .00000000  00000-0 0 000           8
2   526  50.0000  90.0000 0000000   0.0000 180.0000 14.92546055    09
SATNET-590-01007 [DTC]
1   527U 00000A   25274.57329142 .00000000  00000-0 0 000           9
2   527  50.0000  90.0000 0000000   0.0000 187.2000 14.92546055    09
SATNET-590-01008 [DTC]
1   528U 00000A   25274.57329142 .00000000  00000-0 0 000           0
2   528  50.0000  90.0000 0000000   0.0000 194.4000 14.92546055    00
SATNET-590-01009 [DTC]
1   529U 00000A   25274.57329142 .00000000  00000-0 0 000           1
2   529  50.0000  90.0000 0000000   0.0000 201.6000 14.92546055    02
SATNET-590-01010 [DTC]
1   530U 00000A   25274.57329142 .00000000  00000-0 0 000           3
2   530  50.0000  90.0000 0000000   0.0000 208.8000 14.92546055    03
SATNET-590-01011 [DTC]
1   531U 00000A   25274.57329142 .00000000  00000-0 0 000           4
2   531  50.0000  90.0000 0000000   0.0000 216.0000 14.92546055    05
SATNET-590-01012 [DTC]
1   532U 00000A   25274.57329142 .00000000  00000-0 0 000           5
2   532  50.0000  90.0000 0000000   0.0000 223.2000 14.92546055    06
SATNET-590-01013 [DTC]
1   533U 00000A   25274.57329142 .00000000  00000-0 0 000           6
2   533  50.0000  90.0000 0000000   0.0000 230.4000 14.92546055    07
SATNET-590-01014 [DTC]
1   534U 00000A   25274.57329142 .00000000  00000-0 0 000           7
2   534  50.0000  90.0000 0000000   0.0000 237.6000 14.92546055    07
SATNET-590-01015 [DTC]
1   535U 00000A   25274.57329142 .00000000  00000-0 0 000           8
2   535  50.0000  90.0000 0000000   0.0000 244.8000 14.92546055    08
SATNET-590-01016 [DTC]
1   536U 00000A   25274.57329142 .00000000  00000-0 0 000           9
2   536  50.0000  90.0000 0000000   0.0000 252.0000 14.92546055    00
SATNET-590-01017 [DTC]
1   537U 00000A   25274.57329142 .00000000  00000-0 0 000           0
2   537  50.0000  90.0000 0000000   0.0000 259.2000 14.92546055    00
SATNET-590-01018 [DTC]
1   538U 00000A   25274.57329142 .00000000  00000-0 0 000           1
2   538  50.0000  90.0000 0000000   0.0000 266.4000 14.92546055    01
SATNET-590-01019 [DTC]
1   539U 00000A   25274.57329142 .00000000  00000-0 0 000           2
2   539  50.0000  90.0000 0000000   0.0000 273.6000 14.92546055    02
SATNET-590-01020 [DTC]
1   540U 00000A   25274.57329142 .00000000  00000-0 0 000           4
2   540  50.0000  90.0000 0000000   0.0000 280.8000 14.92546055    04
SATNET-590-01021 [DTC]
1   541U 00000A   25274.57329142 .00000000  00000-0 0 000           5
2   541  50.0000  90.0000 0000000   0.0000 288.0000 14.92546055    05
SATNET-590-01022 [DTC]
1   542U 00000A   25274.57329142 .00000000  00000-0 0 000           6
2   542  50.0000  90.0000 0000000   0.0000 295.2000 14.92546055    06
SATNET-590-01023 [DTC]
1   543U 00000A   25274.57329142 .00000000  00000-0 0 000           7
2   543  50.0000  90.0000 0000000   0.0000 302.4000 14.92546055    08
SATNET-590-01024 [DTC]
1   544U 00000A   25274.57329142 .00000000  00000-0 0 000           8
2   544  50.0000  90.0000 0000000   0.0000 309.6000 14.92546055    08
SATNET-590-01025 [DTC]
1   545U 00000A   25274.57329142 .00000000  00000-0 0 000           9
2   545  50.0000  90.0000 0000000   0.0000 316.8000 14.92546055    09
SATNET-590-01026 [DTC]
1   546U 00000A   25274.57329142 .00000000  00000-0 0 000           0
2   546  50.0000  90.0000 0000000   0.0000 324.0000 14.92546055    01
SATNET-590-01027 [DTC]
1   547U 00000A   25274.57329142 .00000000  00000-0 0 000           1
2   547  50.0000  90.0000 0000000   0.0000 331.2000 14.92546055    02
SATNET-590-01028 [DTC]
1   548U 00000A   25274.57329142 .00000000  00000-0 0 000           2
2   548  50.0000  90.0000 0000000   0.0000 338.4000 14.92546055    02
SATNET-590-01029 [DTC]
1   549U 00000A   25274.57329142 .00000000  00000-0 0 000           3
2   549  50.0000  90.0000 0000000   0.0000 345.6000 14.92546055    03
SATNET-590-01030 [DTC]
1   550U 00000A   25274.57329142 .00000000  00000-0 0 000           5
2   550  50.0000  90.0000 0000000   0.0000 352.8000 14.92546055    05
SATNET-590-01031 [DTC]
1   551U 00000A   25274.57329142 .00000000  00000-0 0 000           6
2   551  50.0000  99.0000 0000000   0.0000   0.0000 14.92546055    07
SATNET-590-01032 [DTC]
1   552U 00000A   25274.57329142 .00000000  00000-0 0 000           7
2   552  50.0000  99.0000 0000000   0.0000   7.2000 14.92546055    07
SATNET-590-01033 [DTC]
1   553U 00000A   25274.57329142 .00000000  00000-0 0 000           8
2   553  50.0000  99.0000 0000000   0.0000  14.4000 14.92546055    08
SATNET-590-01034 [DTC]
1   554U 00000A   25274.57329142 .00000000  00000-0 0 000           9
2   554  50.0000  99.0000 0000000   0.0000  21.6000 14.92546055    09
SATNET-590-01035 [DTC]
1   555U 00000A   25274.57329142 .00000000  00000-0 0 000           0
2   555  50.0000  99.0000 0000000   0.0000  28.8000 14.92546055    09
SATNET-590-01036 [DTC]
1   556U 00000A   25274.57329142 .00000000  00000-0 0 000           1
2   556  50.0000  99.0000 0000000   0.0000  36.0000 14.92546055    01
SATNET-590-01037 [DTC]
1   557U 00000A   25274.57329142 .00000000  00000-0 0 000           2
2   557  50.0000  99.0000 0000000   0.0000  43.2000 14.92546055    02
SATNET-590-01038 [DTC]
1   558U 00000A   25274.57329142 .00000000  00000-0 0 000           3
2   558  50.0000  99.0000 0000000   0.0000  50.4000 14.92546055    03
SATNET-590-01039 [DTC]
1   559U 00000A   25274.57329142 .00000000  00000-0 0 000           4
2   559  50.0000  99.0000 0000000   0.0000  57.6000 14.92546055    03
SATNET-590-01040 [DTC]
1   560U 00000A   25274.57329142 .00000000  00000-0 0 000           6
2   560  50.0000  99.0000 0000000   0.0000  64.8000 14.92546055    05
SATNET-590-01041 [DTC]
1   561U 00000A   25274.57329142 .00000000  00000-0 0 000           7
2   561  50.0000  99.0000 0000000   0.0000  72.0000 14.92546055    07
SATNET-590-01042 [DTC]
1   562U 00000A   25274.57329142 .00000000  00000-0 0 000           8
2   562  50.0000  99.0000 0000000   0.0000  79.2000 14.92546055    07
SATNET-590-01043 [DTC]
1   563U 00000A   25274.57329142 .00000000  00000-0 0 000           9
2   563  50.0000  99.0000 0000000   0.0000  86.4000 14.92546055    08
SATNET-590-01044 [DTC]
1   564U 00000A   25274.57329142 .00000000  00000-0 0 000           0
2   564  50.0000  99.0000 0000000   0.0000  93.6000 14.92546055    09
SATNET-590-01045 [DTC]
1   565U 00000A   25274.57329142 .00000000  00000-0 0 000           1
2   565  50.0000  99.0000 0000000   0.0000 100.8000 14.92546055    01
SATNET-590-01046 [DTC]
1   566U 00000A   25274.57329142 .00000000  00000-0 0 000           2
2   566  50.0000  99.0000 0000000   0.0000 108.0000 14.92546055    02
SATNET-590-01047 [DTC]
1   567U 00000A   25274.57329142 .00000000  00000-0 0 000           3
2   567  50.0000  99.0000 0000000   0.0000 115.2000 14.92546055    03
SATNET-590-01048 [DTC]
1   568U 00000A   25274.57329142 .00000000  00000-0 0 000           4
2   568  50.0000  99.0000 0000000   0.0000 122.4000 14.92546055    04
SATNET-590-01049 [DTC]
1   569U 00000A   25274.57329142 .00000000  00000-0 0 000           5
2   569  50.0000  99.0000 0000000   0.0000 129.6000 14.92546055    04
SATNET-590-01050 [DTC]
1   570U 00000A   25274.57329142 .00000000  00000-0 0 000           7
2   570  50.0000  99.0000 0000000   0.0000 136.8000 14.92546055    06
SATNET-590-01051 [DTC]
1   571U 00000A   25274.57329142 .00000000  00000-0 0 000           8
2   571  50.0000  99.0000 0000000   0.0000 144.0000 14.92546055    08
SATNET-590-01052 [DTC]
1   572U 00000A   25274.57329142 .00000000  00000-0 0 000           9
2   572  50.0000  99.0000 0000000   0.0000 151.2000 14.92546055    09
SATNET-590-01053 [DTC]
1   573U 00000A   25274.57329142 .00000000  00000-0 0 000           0
2   573  50.0000  99.0000 0000000   0.0000 158.4000 14.92546055    09
SATNET-590-01054 [DTC]
1   574U 00000A   25274.57329142 .00000000  00000-0 0 000           1
2   574  50.0000  99.0000 0000000   0.0000 165.6000 14.92546055    00
SATNET-590-01055 [DTC]
1   575U 00000A   25274.57329142 .00000000  00000-0 0 000           2
2   575  50.0000  99.0000 0000000   0.0000 172.8000 14.92546055    01
SATNET-590-01056 [DTC]
1   576U 00000A   25274.57329142 .00000000  00000-0 0 000           3
2   576  50.0000  99.0000 0000000   0.0000 180.0000 14.92546055    03
SATNET-590-01057 [DTC]
1   577U 00000A   25274.57329142 .00000000  00000-0 0 000           4
2   577  50.0000  99.0000 0000000   0.0000 187.2000 14.92546055    03
SATNET-590-01058 [DTC]
1   578U 00000A   25274.57329142 .00000000  00000-0 0 000           5
2   578  50.0000  99.0000 0000000   0.0000 194.4000 14.92546055    04
SATNET-590-01059 [DTC]
1   579U 00000A   25274.57329142 .00000000  00000-0 0 000           6
2   579  50.0000  99.0000 0000000   0.0000 201.6000 14.92546055    06
SATNET-590-01060 [DTC]
1   580U 00000A   25274.57329142 .00000000  00000-0 0 000           8
2   580  50.0000  99.0000 0000000   0.0000 208.8000 14.92546055    07
SATNET-590-01061 [DTC]
1   581U 00000A   25274.57329142 .00000000  00000-0 0 000           9
2   581  50.0000  99.0000 0000000   0.0000 216.0000 14.92546055    09
SATNET-590-01062 [DTC]
1   582U 00000A   25274.57329142 .00000000  00000-0 0 000           0
2   582  50.0000  99.0000 0000000   0.0000 223.2000 14.92546055    00
SATNET-590-01063 [DTC]
1   583U 00000A   25274.57329142 .00000000  00000-0 0 000           1
2   583  50.0000  99.0000 0000000   0.0000 230.4000 14.92546055    01
SATNET-590-01064 [DTC]
1   584U 00000A   25274.57329142 .00000000  00000-0 0 000           2
2   584  50.0000  99.0000 0000000   0.0000 237.6000 14.92546055    01
SATNET-590-01065 [DTC]
1   585U 00000A   25274.57329142 .00000000  00000-0 0 000           3
2   585  50.0000  99.0000 0000000   0.0000 244.8000 14.92546055    02
SATNET-590-01066 [DTC]
1   586U 00000A   25274.57329142 .00000000  00000-0 0 000           4
2   586  50.0000  99.0000 0000000   0.0000 252.0000 14.92546055    04
SATNET-590-01067 [DTC]
1   587U 00000A   25274.57329142 .00000000  00000-0 0 000           5
2   587  50.0000  99.0000 0000000   0.0000 259.2000 14.92546055    04
SATNET-590-01068 [DTC]
1   588U 00000A   25274.57329142 .00000000  00000-0 0 000           6
2   588  50.0000  99.0000 0000000   0.0000 266.4000 14.92546055    05
SATNET-590-01069 [DTC]
1   589U 00000A   25274.57329142 .00000000  00000-0 0 000           7
2   589  50.0000  99.0000 0000000   0.0000 273.6000 14.92546055    06
SATNET-590-01070 [DTC]
1   590U 00000A   25274.57329142 .00000000  00000-0 0 000           9
2   590  50.0000  99.0000 0000000   0.0000 280.8000 14.92546055    08
SATNET-590-01071 [DTC]
1   591U 00000A   25274.57329142 .00000000  00000-0 0 000           0
2   591  50.0000  99.0000 0000000   0.0000 288.0000 14.92546055    09
SATNET-590-01072 [DTC]
1   592U 00000A   25274.57329142 .00000000  00000-0 0 000           1
2   592  50.0000  99.0000 0000000   0.0000 295.2000 14.92546055    00
SATNET-590-01073 [DTC]
1   593U 00000A   25274.57329142 .00000000  00000-0 0 000           2
2   593  50.0000  99.0000 0000000   0.0000 302.4000 14.92546055    02
SATNET-590-01074 [DTC]
1   594U 00000A   25274.57329142 .00000000  00000-0 0 000           3
2   594  50.0000  99.0000 0000000   0.0000 309.6000 14.92546055    02
SATNET-590-01075 [DTC]
1   595U 00000A   25274.57329142 .00000000  00000-0 0 000           4
2   595  50.0000  99.0000 0000000   0.0000 316.8000 14.92546055    03
SATNET-590-01076 [DTC]
1   596U 00000A   25274.57329142 .00000000  00000-0 0 000           5
2   596  50.0000  99.0000 0000000   0.0000 324.0000 14.92546055    05
SATNET-590-01077 [DTC]
1   597U 00000A   25274.57329142 .00000000  00000-0 0 000           6
2   597  50.0000  99.0000 0000000   0.0000 331.2000 14.92546055    06
SATNET-590-01078 [DTC]
1   598U 00000A   25274.57329142 .00000000  00000-0 0 000           7
2   598  50.0000  99.0000 0000000   0.0000 338.4000 14.92546055    06
SATNET-590-01079 [DTC]
1   599U 00000A   25274.57329142 .00000000  00000-0 0 000           8
2   599  50.0000  99.0000 0000000   0.0000 345.6000 14.92546055    07
SATNET-590-01080 [DTC]
1   600U 00000A   25274.57329142 .00000000  00000-0 0 000           1
2   600  50.0000  99.0000 0000000   0.0000 352.8000 14.92546055    00
SATNET-590-01081 [DTC]
1   601U 00000A   25274.57329142 .00000000  00000-0 0 000           2
2   601  50.0000 108.0000 0000000   0.0000   0.0000 14.92546055    04
SATNET-590-01082 [DTC]
1   602U 00000A   25274.57329142 .00000000  00000-0 0 000           3
2   602  50.0000 108.0000 0000000   0.0000   7.2000 14.92546055    04
SATNET-590-01083 [DTC]
1   603U 00000A   25274.57329142 .00000000  00000-0 0 000           4
2   603  50.0000 108.0000 0000000   0.0000  14.4000 14.92546055    05
SATNET-590-01084 [DTC]
1   604U 00000A   25274.57329142 .00000000  00000-0 0 000           5
2   604  50.0000 108.0000 0000000   0.0000  21.6000 14.92546055    06
SATNET-590-01085 [DTC]
1   605U 00000A   25274.57329142 .00000000  00000-0 0 000           6
2   605  50.0000 108.0000 0000000   0.0000  28.8000 14.92546055    06
SATNET-590-01086 [DTC]
1   606U 00000A   25274.57329142 .00000000  00000-0 0 000           7
2   606  50.0000 108.0000 0000000   0.0000  36.0000 14.92546055    08
SATNET-590-01087 [DTC]
1   607U 00000A   25274.57329142 .00000000  00000-0 0 000           8
2   607  50.0000 108.0000 0000000   0.0000  43.2000 14.92546055    09
SATNET-590-01088 [DTC]
1   608U 00000A   25274.57329142 .00000000  00000-0 0 000           9
2   608  50.0000 108.0000 0000000   0.0000  50.4000 14.92546055    00
SATNET-590-01089 [DTC]
1   609U 00000A   25274.57329142 .00000000  00000-0 0 000           0
2   609  50.0000 108.0000 0000000   0.0000  57.6000 14.92546055    00
SATNET-590-01090 [DTC]
1   610U 00000A   25274.57329142 .00000000  00000-0 0 000           2
2   610  50.0000 108.0000 0000000   0.0000  64.8000 14.92546055    02
SATNET-590-01091 [DTC]
1   611U 00000A   25274.57329142 .00000000  00000-0 0 000           3
2   611  50.0000 108.0000 0000000   0.0000  72.0000 14.92546055    04
SATNET-590-01092 [DTC]
1   612U 00000A   25274.57329142 .00000000  00000-0 0 000           4
2   612  50.0000 108.0000 0000000   0.0000  79.2000 14.92546055    04
SATNET-590-01093 [DTC]
1   613U 00000A   25274.57329142 .00000000  00000-0 0 000           5
2   613  50.0000 108.0000 0000000   0.0000  86.4000 14.92546055    05
SATNET-590-01094 [DTC]
1   614U 00000A   25274.57329142 .00000000  00000-0 0 000           6
2   614  50.0000 108.0000 0000000   0.0000  93.6000 14.92546055    06
SATNET-590-01095 [DTC]
1   615U 00000A   25274.57329142 .00000000  00000-0 0 000           7
2   615  50.0000 108.0000 0000000   0.0000 100.8000 14.92546055    08
SATNET-590-01096 [DTC]
1   616U 00000A   25274.57329142 .00000000  00000-0 0 000           8
2   616  50.0000 108.0000 0000000   0.0000 108.0000 14.92546055    09
SATNET-590-01097 [DTC]
1   617U 00000A   25274.57329142 .00000000  00000-0 0 000           9
2   617  50.0000 108.0000 0000000   0.0000 115.2000 14.92546055    00
SATNET-590-01098 [DTC]
1   618U 00000A   25274.57329142 .00000000  00000-0 0 000           0
2   618  50.0000 108.0000 0000000   0.0000 122.4000 14.92546055    01
SATNET-590-01099 [DTC]
1   619U 00000A   25274.57329142 .00000000  00000-0 0 000           1
2   619  50.0000 108.0000 0000000   0.0000 129.6000 14.92546055    01
SATNET-590-01100 [DTC]
1   620U 00000A   25274.57329142 .00000000  00000-0 0 000           3
2   620  50.0000 108.0000 0000000   0.0000 136.8000 14.92546055    03
SATNET-590-01101 [DTC]
1   621U 00000A   25274.57329142 .00000000  00000-0 0 000           4
2   621  50.0000 108.0000 0000000   0.0000 144.0000 14.92546055    05
SATNET-590-01102 [DTC]
1   622U 00000A   25274.57329142 .00000000  00000-0 0 000           5
2   622  50.0000 108.0000 0000000   0.0000 151.2000 14.92546055    06
SATNET-590-01103 [DTC]
1   623U 00000A   25274.57329142 .00000000  00000-0 0 000           6
2   623  50.0000 108.0000 0000000   0.0000 158.4000 14.92546055    06
SATNET-590-01104 [DTC]
1   624U 00000A   25274.57329142 .00000000  00000-0 0 000           7
2   624  50.0000 108.0000 0000000   0.0000 165.6000 14.92546055    07
SATNET-590-01105 [DTC]
1   625U 00000A   25274.57329142 .00000000  00000-0 0 000           8
2   625  50.0000 108.0000 0000000   0.0000 172.8000 14.92546055    08
SATNET-590-01106 [DTC]
1   626U 00000A   25274.57329142 .00000000  00000-0 0 000           9
2   626  50.0000 108.0000 0000000   0.0000 180.0000 14.92546055    00
SATNET-590-01107 [DTC]
1   627U 00000A   25274.57329142 .00000000  00000-0 0 000           0
2   627  50.0000 108.0000 0000000   0.0000 187.2000 14.92546055    00
SATNET-590-01108 [DTC]
1   628U 00000A   25274.57329142 .00000000  00000-0 0 000           1
2   628  50.0000 108.0000 0000000   0.0000 194.4000 14.92546055    01
SATNET-590-01109 [DTC]
1   629U 00000A   25274.57329142 .00000000  00000-0 0 000           2
2   629  50.0000 108.0000 0000000   0.0000 201.6000 14.92546055    03
SATNET-590-01110 [DTC]
1   630U 00000A   25274.57329142 .00000000  00000-0 0 000           4
2   630  50.0000 108.0000 0000000   0.0000 208.8000 14.92546055    04
SATNET-590-01111 [DTC]
1   631U 00000A   25274.57329142 .00000000  00000-0 0 000           5
2   631  50.0000 108.0000 0000000   0.0000 216.0000 14.92546055    06
SATNET-590-01112 [DTC]
1   632U 00000A   25274.57329142 .00000000  00000-0 0 000           6
2   632  50.0000 108.0000 0000000   0.0000 223.2000 14.92546055    07
SATNET-590-01113 [DTC]
1   633U 00000A   25274.57329142 .00000000  00000-0 0 000           7
2   633  50.0000 108.0000 0000000   0.0000 230.4000 14.92546055    08
SATNET-590-01114 [DTC]
1   634U 00000A   25274.57329142 .00000000  00000-0 0 000           8
2   634  50.0000 108.0000 0000000   0.0000 237.6000 14.92546055    08
SATNET-590-01115 [DTC]
1   635U 00000A   25274.57329142 .00000000  00000-0 0 000           9
2   635  50.0000 108.0000 0000000   0.0000 244.8000 14.92546055    09
SATNET-590-01116 [DTC]
1   636U 00000A   25274.57329142 .00000000  00000-0 0 000           0
2   636  50.0000 108.0000 0000000   0.0000 252.0000 14.92546055    01
SATNET-590-01117 [DTC]
1   637U 00000A   25274.57329142 .00000000  00000-0 0 000           1
2   637  50.0000 108.0000 0000000   0.0000 259.2000 14.92546055    01
SATNET-590-01118 [DTC]
1   638U 00000A   25274.57329142 .00000000  00000-0 0 000           2
2   638  50.0000 108.0000 0000000   0.0000 266.4000 14.92546055    02
SATNET-590-01119 [DTC]
1   639U 00000A   25274.57329142 .00000000  00000-0 0 000           3
2   639  50.0000 108.0000 0000000   0.0000 273.6000 14.92546055    03
SATNET-590-01120 [DTC]
1   640U 00000A   25274.57329142 .00000000  00000-0 0 000           5
2   640  50.0000 108.0000 0000000   0.0000 280.8000 14.92546055    05
SATNET-590-01121 [DTC]
1   641U 00000A   25274.57329142 .00000000  00000-0 0 000           6
2   641  50.0000 108.0000 0000000   0.0000 288.0000 14.92546055    06
SATNET-590-01122 [DTC]
1   642U 00000A   25274.57329142 .00000000  00000-0 0 000           7
2   642  50.0000 108.0000 0000000   0.0000 295.2000 14.92546055    07
SATNET-590-01123 [DTC]
1   643U 00000A   25274.57329142 .00000000  00000-0 0 000           8
2   643  50.0000 108.0000 0000000   0.0000 302.4000 14.92546055    09
SATNET-590-01124 [DTC]
1   644U 00000A   25274.57329142 .00000000  00000-0 0 000           9
2   644  50.0000 108.0000 0000000   0.0000 309.6000 14.92546055    09
SATNET-590-01125 [DTC]
1   645U 00000A   25274.57329142 .00000000  00000-0 0 000           0
2   645  50.0000 108.0000 0000000   0.0000 316.8000 14.92546055    00
SATNET-590-01126 [DTC]
1   646U 00000A   25274.57329142 .00000000  00000-0 0 000           1
2   646  50.0000 108.0000 0000000   0.0000 324.0000 14.92546055    02
SATNET-590-01127 [DTC]
1   647U 00000A   25274.57329142 .00000000  00000-0 0 000           2
2   647  50.0000 108.0000 0000000   0.0000 331.2000 14.92546055    03
SATNET-590-01128 [DTC]
1   648U 00000A   25274.57329142 .00000000  00000-0 0 000           3
2   648  50.0000 108.0000 0000000   0.0000 338.4000 14.92546055    03
SATNET-590-01129 [DTC]
1   649U 00000A   25274.57329142 .00000000  00000-0 0 000           4
2   649  50.0000 108.0000 0000000   0.0000 345.6000 14.92546055    04
SATNET-590-01130 [DTC]
1   650U 00000A   25274.57329142 .00000000  00000-0 0 000           6
2   650  50.0000 108.0000 0000000   0.0000 352.8000 14.92546055    06
SATNET-590-01131 [DTC]
1   651U 00000A   25274.57329142 .00000000  00000-0 0 000           7
2   651  50.0000 117.0000 0000000   0.0000   0.0000 14.92546055    09
SATNET-590-01132 [DTC]
1   652U 00000A   25274.57329142 .00000000  00000-0 0 000           8
2   652  50.0000 117.0000 0000000   0.0000   7.2000 14.92546055    09
SATNET-590-01133 [DTC]
1   653U 00000A   25274.57329142 .00000000  00000-0 0 000           9
2   653  50.0000 117.0000 0000000   0.0000  14.4000 14.92546055    00
SATNET-590-01134 [DTC]
1   654U 00000A   25274.57329142 .00000000  00000-0 0 000           0
2   654  50.0000 117.0000 0000000   0.0000  21.6000 14.92546055    01
SATNET-590-01135 [DTC]
1   655U 00000A   25274.57329142 .00000000  00000-0 0 000           1
2   655  50.0000 117.0000 0000000   0.0000  28.8000 14.92546055    01
SATNET-590-01136 [DTC]
1   656U 00000A   25274.57329142 .00000000  00000-0 0 000           2
2   656  50.0000 117.0000 0000000   0.0000  36.0000 14.92546055    03
SATNET-590-01137 [DTC]
1   657U 00000A   25274.57329142 .00000000  00000-0 0 000           3
2   657  50.0000 117.0000 0000000   0.0000  43.2000 14.92546055    04
SATNET-590-01138 [DTC]
1   658U 00000A   25274.57329142 .00000000  00000-0 0 000           4
2   658  50.0000 117.0000 0000000   0.0000  50.4000 14.92546055    05
SATNET-590-01139 [DTC]
1   659U 00000A   25274.57329142 .00000000  00000-0 0 000           5
2   659  50.0000 117.0000 0000000   0.0000  57.6000 14.92546055    05
SATNET-590-01140 [DTC]
1   660U 00000A   25274.57329142 .00000000  00000-0 0 000           7
2   660  50.0000 117.0000 0000000   0.0000  64.8000 14.92546055    07
SATNET-590-01141 [DTC]
1   661U 00000A   25274.57329142 .00000000  00000-0 0 000           8
2   661  50.0000 117.0000 0000000   0.0000  72.0000 14.92546055    09
SATNET-590-01142 [DTC]
1   662U 00000A   25274.57329142 .00000000  00000-0 0 000           9
2   662  50.0000 117.0000 0000000   0.0000  79.2000 14.92546055    09
SATNET-590-01143 [DTC]
1   663U 00000A   25274.57329142 .00000000  00000-0 0 000           0
2   663  50.0000 117.0000 0000000   0.0000  86.4000 14.92546055    00
SATNET-590-01144 [DTC]
1   664U 00000A   25274.57329142 .00000000  00000-0 0 000           1
2   664  50.0000 117.0000 0000000   0.0000  93.6000 14.92546055    01
SATNET-590-01145 [DTC]
1   665U 00000A   25274.57329142 .00000000  00000-0 0 000           2
2   665  50.0000 117.0000 0000000   0.0000 100.8000 14.92546055    03
SATNET-590-01146 [DTC]
1   666U 00000A   25274.57329142 .00000000  00000-0 0 000           3
2   666  50.0000 117.0000 0000000   0.0000 108.0000 14.92546055    04
SATNET-590-01147 [DTC]
1   667U 00000A   25274.57329142 .00000000  00000-0 0 000           4
2   667  50.0000 117.0000 0000000   0.0000 115.2000 14.92546055    05
SATNET-590-01148 [DTC]
1   668U 00000A   25274.57329142 .00000000  00000-0 0 000           5
2   668  50.0000 117.0000 0000000   0.0000 122.4000 14.92546055    06
SATNET-590-01149 [DTC]
1   669U 00000A   25274.57329142 .00000000  00000-0 0 000           6
2   669  50.0000 117.0000 0000000   0.0000 129.6000 14.92546055    06
SATNET-590-01150 [DTC]
1   670U 00000A   25274.57329142 .00000000  00000-0 0 000           8
2   670  50.0000 117.0000 0000000   0.0000 136.8000 14.92546055    08
SATNET-590-01151 [DTC]
1   671U 00000A   25274.57329142 .00000000  00000-0 0 000           9
2   671  50.0000 117.0000 0000000   0.0000 144.0000 14.92546055    00
SATNET-590-01152 [DTC]
1   672U 00000A   25274.57329142 .00000000  00000-0 0 000           0
2   672  50.0000 117.0000 0000000   0.0000 151.2000 14.92546055    01
SATNET-590-01153 [DTC]
1   673U 00000A   25274.57329142 .00000000  00000-0 0 000           1
2   673  50.0000 117.0000 0000000   0.0000 158.4000 14.92546055    01
SATNET-590-01154 [DTC]
1   674U 00000A   25274.57329142 .00000000  00000-0 0 000           2
2   674  50.0000 117.0000 0000000   0.0000 165.6000 14.92546055    02
SATNET-590-01155 [DTC]
1   675U 00000A   25274.57329142 .00000000  00000-0 0 000           3
2   675  50.0000 117.0000 0000000   0.0000 172.8000 14.92546055    03
SATNET-590-01156 [DTC]
1   676U 00000A   25274.57329142 .00000000  00000-0 0 000           4
2   676  50.0000 117.0000 0000000   0.0000 180.0000 14.92546055    05
SATNET-590-01157 [DTC]
1   677U 00000A   25274.57329142 .00000000  00000-0 0 000           5
2   677  50.0000 117.0000 0000000   0.0000 187.2000 14.92546055    05
SATNET-590-01158 [DTC]
1   678U 00000A   25274.57329142 .00000000  00000-0 0 000           6
2   678  50.0000 117.0000 0000000   0.0000 194.4000 14.92546055    06
SATNET-590-01159 [DTC]
1   679U 00000A   25274.57329142 .00000000  00000-0 0 000           7
2   679  50.0000 117.0000 0000000   0.0000 201.6000 14.92546055    08
SATNET-590-01160 [DTC]
1   680U 00000A   25274.57329142 .00000000  00000-0 0 000           9
2   680  50.0000 117.0000 0000000   0.0000 208.8000 14.92546055    09
SATNET-590-01161 [DTC]
1   681U 00000A   25274.57329142 .00000000  00000-0 0 000           0
2   681  50.0000 117.0000 0000000   0.0000 216.0000 14.92546055    01
SATNET-590-01162 [DTC]
1   682U 00000A   25274.57329142 .00000000  00000-0 0 000           1
2   682  50.0000 117.0000 0000000   0.0000 223.2000 14.92546055    02
SATNET-590-01163 [DTC]
1   683U 00000A   25274.57329142 .00000000  00000-0 0 000           2
2   683  50.0000 117.0000 0000000   0.0000 230.4000 14.92546055    03
SATNET-590-01164 [DTC]
1   684U 00000A   25274.57329142 .00000000  00000-0 0 000           3
2   684  50.0000 117.0000 0000000   0.0000 237.6000 14.92546055    03
SATNET-590-01165 [DTC]
1   685U 00000A   25274.57329142 .00000000  00000-0 0 000           4
2   685  50.0000 117.0000 0000000   0.0000 244.8000 14.92546055    04
SATNET-590-01166 [DTC]
1   686U 00000A   25274.57329142 .00000000  00000-0 0 000           5
2   686  50.0000 117.0000 0000000   0.0000 252.0000 14.92546055    06
SATNET-590-01167 [DTC]
1   687U 00000A   25274.57329142 .00000000  00000-0 0 000           6
2   687  50.0000 117.0000 0000000   0.0000 259.2000 14.92546055    06
SATNET-590-01168 [DTC]
1   688U 00000A   25274.57329142 .00000000  00000-0 0 000           7
2   688  50.0000 117.0000 0000000   0.0000 266.4000 14.92546055    07
SATNET-590-01169 [DTC]
1   689U 00000A   25274.57329142 .00000000  00000-0 0 000           8
2   689  50.0000 117.0000 0000000   0.0000 273.6000 14.92546055    08
SATNET-590-01170 [DTC]
1   690U 00000A   25274.57329142 .00000000  00000-0 0 000           0
2   690  50.0000 117.0000 0000000   0.0000 280.8000 14.92546055    00
SATNET-590-01171 [DTC]
1   691U 00000A   25274.57329142 .00000000  00000-0 0 000           1
2   691  50.0000 117.0000 0000000   0.0000 288.0000 14.92546055    01
SATNET-590-01172 [DTC]
1   692U 00000A   25274.57329142 .00000000  00000-0 0 000           2
2   692  50.0000 117.0000 0000000   0.0000 295.2000 14.92546055    02
SATNET-590-01173 [DTC]
1   693U 00000A   25274.57329142 .00000000  00000-0 0 000           3
2   693  50.0000 117.0000 0000000   0.0000 302.4000 14.92546055    04
SATNET-590-01174 [DTC]
1   694U 00000A   25274.57329142 .00000000  00000-0 0 000           4
2   694  50.0000 117.0000 0000000   0.0000 309.6000 14.92546055    04
SATNET-590-01175 [DTC]
1   695U 00000A   25274.57329142 .00000000  00000-0 0 000           5
2   695  50.0000 117.0000 0000000   0.0000 316.8000 14.92546055    05
SATNET-590-01176 [DTC]
1   696U 00000A   25274.57329142 .00000000  00000-0 0 000           6
2   696  50.0000 117.0000 0000000   0.0000 324.0000 14.92546055    07
SATNET-590-01177 [DTC]
1   697U 00000A   25274.57329142 .00000000  00000-0 0 000           7
2   697  50.0000 117.0000 0000000   0.0000 331.2000 14.92546055    08
SATNET-590-01178 [DTC]
1   698U 00000A   25274.57329142 .00000000  00000-0 0 000           8
2   698  50.0000 117.0000 0000000   0.0000 338.4000 14.92546055    08
SATNET-590-01179 [DTC]
1   699U 00000A   25274.57329142 .00000000  00000-0 0 000           9
2   699  50.0000 117.0000 0000000   0.0000 345.6000 14.92546055    09
SATNET-590-01180 [DTC]
1   700U 00000A   25274.57329142 .00000000  00000-0 0 000           2
2   700  50.0000 117.0000 0000000   0.0000 352.8000 14.92546055    02
SATNET-590-01181 [DTC]
1   701U 00000A   25274.57329142 .00000000  00000-0 0 000           3
2   701  50.0000 126.0000 0000000   0.0000   0.0000 14.92546055    05
SATNET-590-01182 [DTC]
1   702U 00000A   25274.57329142 .00000000  00000-0 0 000           4
2   702  50.0000 126.0000 0000000   0.0000   7.2000 14.92546055    05
SATNET-590-01183 [DTC]
1   703U 00000A   25274.57329142 .00000000  00000-0 0 000           5
2   703  50.0000 126.0000 0000000   0.0000  14.4000 14.92546055    06
SATNET-590-01184 [DTC]
1   704U 00000A   25274.57329142 .00000000  00000-0 0 000           6
2   704  50.0000 126.0000 0000000   0.0000  21.6000 14.92546055    07
SATNET-590-01185 [DTC]
1   705U 00000A   25274.57329142 .00000000  00000-0 0 000           7
2   705  50.0000 126.0000 0000000   0.0000  28.8000 14.92546055    07
SATNET-590-01186 [DTC]
1   706U 00000A   25274.57329142 .00000000  00000-0 0 000           8
2   706  50.0000 126.0000 0000000   0.0000  36.0000 14.92546055    09
SATNET-590-01187 [DTC]
1   707U 00000A   25274.57329142 .00000000  00000-0 0 000           9
2   707  50.0000 126.0000 0000000   0.0000  43.2000 14.92546055    00
SATNET-590-01188 [DTC]
1   708U 00000A   25274.57329142 .00000000  00000-0 0 000           0
2   708  50.0000 126.0000 0000000   0.0000  50.4000 14.92546055    01
SATNET-590-01189 [DTC]
1   709U 00000A   25274.57329142 .00000000  00000-0 0 000           1
2   709  50.0000 126.0000 0000000   0.0000  57.6000 14.92546055    01
SATNET-590-01190 [DTC]
1   710U 00000A   25274.57329142 .00000000  00000-0 0 000           3
2   710  50.0000 126.0000 0000000   0.0000  64.8000 14.92546055    03
SATNET-590-01191 [DTC]
1   711U 00000A   25274.57329142 .00000000  00000-0 0 000           4
2   711  50.0000 126.0000 0000000   0.0000  72.0000 14.92546055    05
SATNET-590-01192 [DTC]
1   712U 00000A   25274.57329142 .00000000  00000-0 0 000           5
2   712  50.0000 126.0000 0000000   0.0000  79.2000 14.92546055    05
SATNET-590-01193 [DTC]
1   713U 00000A   25274.57329142 .00000000  00000-0 0 000           6
2   713  50.0000 126.0000 0000000   0.0000  86.4000 14.92546055    06
SATNET-590-01194 [DTC]
1   714U 00000A   25274.57329142 .00000000  00000-0 0 000           7
2   714  50.0000 126.0000 0000000   0.0000  93.6000 14.92546055    07
SATNET-590-01195 [DTC]
1   715U 00000A   25274.57329142 .00000000  00000-0 0 000           8
2   715  50.0000 126.0000 0000000   0.0000 100.8000 14.92546055    09
SATNET-590-01196 [DTC]
1   716U 00000A   25274.57329142 .00000000  00000-0 0 000           9
2   716  50.0000 126.0000 0000000   0.0000 108.0000 14.92546055    00
SATNET-590-01197 [DTC]
1   717U 00000A   25274.57329142 .00000000  00000-0 0 000           0
2   717  50.0000 126.0000 0000000   0.0000 115.2000 14.92546055    01
SATNET-590-01198 [DTC]
1   718U 00000A   25274.57329142 .00000000  00000-0 0 000           1
2   718  50.0000 126.0000 0000000   0.0000 122.4000 14.92546055    02
SATNET-590-01199 [DTC]
1   719U 00000A   25274.57329142 .00000000  00000-0 0 000           2
2   719  50.0000 126.0000 0000000   0.0000 129.6000 14.92546055    02
SATNET-590-01200 [DTC]
1   720U 00000A   25274.57329142 .00000000  00000-0 0 000           4
2   720  50.0000 126.0000 0000000   0.0000 136.8000 14.92546055    04
SATNET-590-01201 [DTC]
1   721U 00000A   25274.57329142 .00000000  00000-0 0 000           5
2   721  50.0000 126.0000 0000000   0.0000 144.0000 14.92546055    06
SATNET-590-01202 [DTC]
1   722U 00000A   25274.57329142 .00000000  00000-0 0 000           6
2   722  50.0000 126.0000 0000000   0.0000 151.2000 14.92546055    07
SATNET-590-01203 [DTC]
1   723U 00000A   25274.57329142 .00000000  00000-0 0 000           7
2   723  50.0000 126.0000 0000000   0.0000 158.4000 14.92546055    07
SATNET-590-01204 [DTC]
1   724U 00000A   25274.57329142 .00000000  00000-0 0 000           8
2   724  50.0000 126.0000 0000000   0.0000 165.6000 14.92546055    08
SATNET-590-01205 [DTC]
1   725U 00000A   25274.57329142 .00000000  00000-0 0 000           9
2   725  50.0000 126.0000 0000000   0.0000 172.8000 14.92546055    09
SATNET-590-01206 [DTC]
1   726U 00000A   25274.57329142 .00000000  00000-0 0 000           0
2   726  50.0000 126.0000 0000000   0.0000 180.0000 14.92546055    01
SATNET-590-01207 [DTC]
1   727U 00000A   25274.57329142 .00000000  00000-0 0 000           1
2   727  50.0000 126.0000 0000000   0.0000 187.2000 14.92546055    01
SATNET-590-01208 [DTC]
1   728U 00000A   25274.57329142 .00000000  00000-0 0 000           2
2   728  50.0000 126.0000 0000000   0.0000 194.4000 14.92546055    02
SATNET-590-01209 [DTC]
1   729U 00000A   25274.57329142 .00000000  00000-0 0 000           3
2   729  50.0000 126.0000 0000000   0.0000 201.6000 14.92546055    04
SATNET-590-01210 [DTC]
1   730U 00000A   25274.57329142 .00000000  00000-0 0 000           5
2   730  50.0000 126.0000 0000000   0.0000 208.8000 14.92546055    05
SATNET-590-01211 [DTC]
1   731U 00000A   25274.57329142 .00000000  00000-0 0 000           6
2   731  50.0000 126.0000 0000000   0.0000 216.0000 14.92546055    07
SATNET-590-01212 [DTC]
1   732U 00000A   25274.57329142 .00000000  00000-0 0 000           7
2   732  50.0000 126.0000 0000000   0.0000 223.2000 14.92546055    08
SATNET-590-01213 [DTC]
1   733U 00000A   25274.57329142 .00000000  00000-0 0 000           8
2   733  50.0000 126.0000 0000000   0.0000 230.4000 14.92546055    09
SATNET-590-01214 [DTC]
1   734U 00000A   25274.57329142 .00000000  00000-0 0 000           9
2   734  50.0000 126.0000 0000000   0.0000 237.6000 14.92546055    09
SATNET-590-01215 [DTC]
1   735U 00000A   25274.57329142 .00000000  00000-0 0 000           0
2   735  50.0000 126.0000 0000000   0.0000 244.8000 14.92546055    00
SATNET-590-01216 [DTC]
1   736U 00000A   25274.57329142 .00000000  00000-0 0 000           1
2   736  50.0000 126.0000 0000000   0.0000 252.0000 14.92546055    02
SATNET-590-01217 [DTC]
1   737U 00000A   25274.57329142 .00000000  00000-0 0 000           2
2   737  50.0000 126.0000 0000000   0.0000 259.2000 14.92546055    02
SATNET-590-01218 [DTC]
1   738U 00000A   25274.57329142 .00000000  00000-0 0 000           3
2   738  50.0000 126.0000 0000000   0.0000 266.4000 14.92546055    03
SATNET-590-01219 [DTC]
1   739U 00000A   25274.57329142 .00000000  00000-0 0 000           4
2   739  50.0000 126.0000 0000000   0.0000 273.6000 14.92546055    04
SATNET-590-01220 [DTC]
1   740U 00000A   25274.57329142 .00000000  00000-0 0 000           6
2   740  50.0000 126.0000 0000000   0.0000 280.8000 14.92546055    06
SATNET-590-01221 [DTC]
1   741U 00000A   25274.57329142 .00000000  00000-0 0 000           7
2   741  50.0000 126.0000 0000000   0.0000 288.0000 14.92546055    07
SATNET-590-01222 [DTC]
1   742U 00000A   25274.57329142 .00000000  00000-0 0 000           8
2   742  50.0000 126.0000 0000000   0.0000 295.2000 14.92546055    08
SATNET-590-01223 [DTC]
1   743U 00000A   25274.57329142 .00000000  00000-0 0 000           9
2   743  50.0000 126.0000 0000000   0.0000 302.4000 14.92546055    00
SATNET-590-01224 [DTC]
1   744U 00000A   25274.57329142 .00000000  00000-0 0 000           0
2   744  50.0000 126.0000 0000000   0.0000 309.6000 14.92546055    00
SATNET-590-01225 [DTC]
1   745U 00000A   25274.57329142 .00000000  00000-0 0 000           1
2   745  50.0000 126.0000 0000000   0.0000 316.8000 14.92546055    01
SATNET-590-01226 [DTC]
1   746U 00000A   25274.57329142 .00000000  00000-0 0 000           2
2   746  50.0000 126.0000 0000000   0.0000 324.0000 14.92546055    03
SATNET-590-01227 [DTC]
1   747U 00000A   25274.57329142 .00000000  00000-0 0 000           3
2   747  50.0000 126.0000 0000000   0.0000 331.2000 14.92546055    04
SATNET-590-01228 [DTC]
1   748U 00000A   25274.57329142 .00000000  00000-0 0 000           4
2   748  50.0000 126.0000 0000000   0.0000 338.4000 14.92546055    04
SATNET-590-01229 [DTC]
1   749U 00000A   25274.57329142 .00000000  00000-0 0 000           5
2   749  50.0000 126.0000 0000000   0.0000 345.6000 14.92546055    05
SATNET-590-01230 [DTC]
1   750U 00000A   25274.57329142 .00000000  00000-0 0 000           7
2   750  50.0000 126.0000 0000000   0.0000 352.8000 14.92546055    07
SATNET-590-01231 [DTC]
1   751U 00000A   25274.57329142 .00000000  00000-0 0 000           8
2   751  50.0000 135.0000 0000000   0.0000   0.0000 14.92546055    00
SATNET-590-01232 [DTC]
1   752U 00000A   25274.57329142 .00000000  00000-0 0 000           9
2   752  50.0000 135.0000 0000000   0.0000   7.2000 14.92546055    00
SATNET-590-01233 [DTC]
1   753U 00000A   25274.57329142 .00000000  00000-0 0 000           0
2   753  50.0000 135.0000 0000000   0.0000  14.4000 14.92546055    01
SATNET-590-01234 [DTC]
1   754U 00000A   25274.57329142 .00000000  00000-0 0 000           1
2   754  50.0000 135.0000 0000000   0.0000  21.6000 14.92546055    02
SATNET-590-01235 [DTC]
1   755U 00000A   25274.57329142 .00000000  00000-0 0 000           2
2   755  50.0000 135.0000 0000000   0.0000  28.8000 14.92546055    02
SATNET-590-01236 [DTC]
1   756U 00000A   25274.57329142 .00000000  00000-0 0 000           3
2   756  50.0000 135.0000 0000000   0.0000  36.0000 14.92546055    04
SATNET-590-01237 [DTC]
1   757U 00000A   25274.57329142 .00000000  00000-0 0 000           4
2   757  50.0000 135.0000 0000000   0.0000  43.2000 14.92546055    05
SATNET-590-01238 [DTC]
1   758U 00000A   25274.57329142 .00000000  00000-0 0 000           5
2   758  50.0000 135.0000 0000000   0.0000  50.4000 14.92546055    06
SATNET-590-01239 [DTC]
1   759U 00000A   25274.57329142 .00000000  00000-0 0 000           6
2   759  50.0000 135.0000 0000000   0.0000  57.6000 14.92546055    06
SATNET-590-01240 [DTC]
1   760U 00000A   25274.57329142 .00000000  00000-0 0 000           8
2   760  50.0000 135.0000 0000000   0.0000  64.8000 14.92546055    08
SATNET-590-01241 [DTC]
1   761U 00000A   25274.57329142 .00000000  00000-0 0 000           9
2   761  50.0000 135.0000 0000000   0.0000  72.0000 14.92546055    00
SATNET-590-01242 [DTC]
1   762U 00000A   25274.57329142 .00000000  00000-0 0 000           0
2   762  50.0000 135.0000 0000000   0.0000  79.2000 14.92546055    00
SATNET-590-01243 [DTC]
1   763U 00000A   25274.57329142 .00000000  00000-0 0 000           1
2   763  50.0000 135.0000 0000000   0.0000  86.4000 14.92546055    01
SATNET-590-01244 [DTC]
1   764U 00000A   25274.57329142 .00000000  00000-0 0 000           2
2   764  50.0000 135.0000 0000000   0.0000  93.6000 14.92546055    02
SATNET-590-01245 [DTC]
1   765U 00000A   25274.57329142 .00000000  00000-0 0 000           3
2   765  50.0000 135.0000 0000000   0.0000 100.8000 14.92546055    04
SATNET-590-01246 [DTC]
1   766U 00000A   25274.57329142 .00000000  00000-0 0 000           4
2   766  50.0000 135.0000 0000000   0.0000 108.0000 14.92546055    05
SATNET-590-01247 [DTC]
1   767U 00000A   25274.57329142 .00000000  00000-0 0 000           5
2   767  50.0000 135.0000 0000000   0.0000 115.2000 14.92546055    06
SATNET-590-01248 [DTC]
1   768U 00000A   25274.57329142 .00000000  00000-0 0 000           6
2   768  50.0000 135.0000 0000000   0.0000 122.4000 14.92546055    07
SATNET-590-01249 [DTC]
1   769U 00000A   25274.57329142 .00000000  00000-0 0 000           7
2   769  50.0000 135.0000 0000000   0.0000 129.6000 14.92546055    07
SATNET-590-01250 [DTC]
1   770U 00000A   25274.57329142 .00000000  00000-0 0 000           9
2   770  50.0000 135.0000 0000000   0.0000 136.8000 14.92546055    09
SATNET-590-01251 [DTC]
1   771U 00000A   25274.57329142 .00000000  00000-0 0 000           0
2   771  50.0000 135.0000 0000000   0.0000 144.0000 14.92546055    01
SATNET-590-01252 [DTC]
1   772U 00000A   25274.57329142 .00000000  00000-0 0 000           1
2   772  50.0000 135.0000 0000000   0.0000 151.2000 14.92546055    02
SATNET-590-01253 [DTC]
1   773U 00000A   25274.57329142 .00000000  00000-0 0 000           2
2   773  50.0000 135.0000 0000000   0.0000 158.4000 14.92546055    02
SATNET-590-01254 [DTC]
1   774U 00000A   25274.57329142 .00000000  00000-0 0 000           3
2   774  50.0000 135.0000 0000000   0.0000 165.6000 14.92546055    03
SATNET-590-01255 [DTC]
1   775U 00000A   25274.57329142 .00000000  00000-0 0 000           4
2   775  50.0000 135.0000 0000000   0.0000 172.8000 14.92546055    04
SATNET-590-01256 [DTC]
1   776U 00000A   25274.57329142 .00000000  00000-0 0 000           5
2   776  50.0000 135.0000 0000000   0.0000 180.0000 14.92546055    06
SATNET-590-01257 [DTC]
1   777U 00000A   25274.57329142 .00000000  00000-0 0 000           6
2   777  50.0000 135.0000 0000000   0.0000 187.2000 14.92546055    06
SATNET-590-01258 [DTC]
1   778U 00000A   25274.57329142 .00000000  00000-0 0 000           7
2   778  50.0000 135.0000 0000000   0.0000 194.4000 14.92546055    07
SATNET-590-01259 [DTC]
1   779U 00000A   25274.57329142 .00000000  00000-0 0 000           8
2   779  50.0000 135.0000 0000000   0.0000 201.6000 14.92546055    09
SATNET-590-01260 [DTC]
1   780U 00000A   25274.57329142 .00000000  00000-0 0 000           0
2   780  50.0000 135.0000 0000000   0.0000 208.8000 14.92546055    00
SATNET-590-01261 [DTC]
1   781U 00000A   25274.57329142 .00000000  00000-0 0 000           1
2   781  50.0000 135.0000 0000000   0.0000 216.0000 14.92546055    02
SATNET-590-01262 [DTC]
1   782U 00000A   25274.57329142 .00000000  00000-0 0 000           2
2   782  50.0000 135.0000 0000000   0.0000 223.2000 14.92546055    03
SATNET-590-01263 [DTC]
1   783U 00000A   25274.57329142 .00000000  00000-0 0 000           3
2   783  50.0000 135.0000 0000000   0.0000 230.4000 14.92546055    04
SATNET-590-01264 [DTC]
1   784U 00000A   25274.57329142 .00000000  00000-0 0 000           4
2   784  50.0000 135.0000 0000000   0.0000 237.6000 14.92546055    04
SATNET-590-01265 [DTC]
1   785U 00000A   25274.57329142 .00000000  00000-0 0 000           5
2   785  50.0000 135.0000 0000000   0.0000 244.8000 14.92546055    05
SATNET-590-01266 [DTC]
1   786U 00000A   25274.57329142 .00000000  00000-0 0 000           6
2   786  50.0000 135.0000 0000000   0.0000 252.0000 14.92546055    07
SATNET-590-01267 [DTC]
1   787U 00000A   25274.57329142 .00000000  00000-0 0 000           7
2   787  50.0000 135.0000 0000000   0.0000 259.2000 14.92546055    07
SATNET-590-01268 [DTC]
1   788U 00000A   25274.57329142 .00000000  00000-0 0 000           8
2   788  50.0000 135.0000 0000000   0.0000 266.4000 14.92546055    08
SATNET-590-01269 [DTC]
1   789U 00000A   25274.57329142 .00000000  00000-0 0 000           9
2   789  50.0000 135.0000 0000000   0.0000 273.6000 14.92546055    09
SATNET-590-01270 [DTC]
1   790U 00000A   25274.57329142 .00000000  00000-0 0 000           1
2   790  50.0000 135.0000 0000000   0.0000 280.8000 14.92546055    01
SATNET-590-01271 [DTC]
1   791U 00000A   25274.57329142 .00000000  00000-0 0 000           2
2   791  50.0000 135.0000 0000000   0.0000 288.0000 14.92546055    02
SATNET-590-01272 [DTC]
1   792U 00000A   25274.57329142 .00000000  00000-0 0 000           3
2   792  50.0000 135.0000 0000000   0.0000 295.2000 14.92546055    03
SATNET-590-01273 [DTC]
1   793U 00000A   25274.57329142 .00000000  00000-0 0 000           4
2   793  50.0000 135.0000 0000000   0.0000 302.4000 14.92546055    05
SATNET-590-01274 [DTC]
1   794U 00000A   25274.57329142 .00000000  00000-0 0 000           5
2   794  50.0000 135.0000 0000000   0.0000 309.6000 14.92546055    05
SATNET-590-01275 [DTC]
1   795U 00000A   25274.57329142 .00000000  00000-0 0 000           6
2   795  50.0000 135.0000 0000000   0.0000 316.8000 14.92546055    06
SATNET-590-01276 [DTC]
1   796U 00000A   25274.57329142 .00000000  00000-0 0 000           7
2   796  50.0000 135.0000 0000000   0.0000 324.0000 14.92546055    08
SATNET-590-01277 [DTC]
1   797U 00000A   25274.57329142 .00000000  00000-0 0 000           8
2   797  50.0000 135.0000 0000000   0.0000 331.2000 14.92546055    09
SATNET-590-01278 [DTC]
1   798U 00000A   25274.57329142 .00000000  00000-0 0 000           9
2   798  50.0000 135.0000 0000000   0.0000 338.4000 14.92546055    09
SATNET-590-01279 [DTC]
1   799U 00000A   25274.57329142 .00000000  00000-0 0 000           0
2   799  50.0000 135.0000 0000000   0.0000 345.6000 14.92546055    00
SATNET-590-01280 [DTC]
1   800U 00000A   25274.57329142 .00000000  00000-0 0 000           3
2   800  50.0000 135.0000 0000000   0.0000 352.8000 14.92546055    03
SATNET-590-01281 [DTC]
1   801U 00000A   25274.57329142 .00000000  00000-0 0 000           4
2   801  50.0000 144.0000 0000000   0.0000   0.0000 14.92546055    06
SATNET-590-01282 [DTC]
1   802U 00000A   25274.57329142 .00000000  00000-0 0 000           5
2   802  50.0000 144.0000 0000000   0.0000   7.2000 14.92546055    06
SATNET-590-01283 [DTC]
1   803U 00000A   25274.57329142 .00000000  00000-0 0 000           6
2   803  50.0000 144.0000 0000000   0.0000  14.4000 14.92546055    07
SATNET-590-01284 [DTC]
1   804U 00000A   25274.57329142 .00000000  00000-0 0 000           7
2   804  50.0000 144.0000 0000000   0.0000  21.6000 14.92546055    08
SATNET-590-01285 [DTC]
1   805U 00000A   25274.57329142 .00000000  00000-0 0 000           8
2   805  50.0000 144.0000 0000000   0.0000  28.8000 14.92546055    08
SATNET-590-01286 [DTC]
1   806U 00000A   25274.57329142 .00000000  00000-0 0 000           9
2   806  50.0000 144.0000 0000000   0.0000  36.0000 14.92546055    00
SATNET-590-01287 [DTC]
1   807U 00000A   25274.57329142 .00000000  00000-0 0 000           0
2   807  50.0000 144.0000 0000000   0.0000  43.2000 14.92546055    01
SATNET-590-01288 [DTC]
1   808U 00000A   25274.57329142 .00000000  00000-0 0 000           1
2   808  50.0000 144.0000 0000000   0.0000  50.4000 14.92546055    02
SATNET-590-01289 [DTC]
1   809U 00000A   25274.57329142 .00000000  00000-0 0 000           2
2   809  50.0000 144.0000 0000000   0.0000  57.6000 14.92546055    02
SATNET-590-01290 [DTC]
1   810U 00000A   25274.57329142 .00000000  00000-0 0 000           4
2   810  50.0000 144.0000 0000000   0.0000  64.8000 14.92546055    04
SATNET-590-01291 [DTC]
1   811U 00000A   25274.57329142 .00000000  00000-0 0 000           5
2   811  50.0000 144.0000 0000000   0.0000  72.0000 14.92546055    06
SATNET-590-01292 [DTC]
1   812U 00000A   25274.57329142 .00000000  00000-0 0 000           6
2   812  50.0000 144.0000 0000000   0.0000  79.2000 14.92546055    06
SATNET-590-01293 [DTC]
1   813U 00000A   25274.57329142 .00000000  00000-0 0 000           7
2   813  50.0000 144.0000 0000000   0.0000  86.4000 14.92546055    07
SATNET-590-01294 [DTC]
1   814U 00000A   25274.57329142 .00000000  00000-0 0 000           8
2   814  50.0000 144.0000 0000000   0.0000  93.6000 14.92546055    08
SATNET-590-01295 [DTC]
1   815U 00000A   25274.57329142 .00000000  00000-0 0 000           9
2   815  50.0000 144.0000 0000000   0.0000 100.8000 14.92546055    00
SATNET-590-01296 [DTC]
1   816U 00000A   25274.57329142 .00000000  00000-0 0 000           0
2   816  50.0000 144.0000 0000000   0.0000 108.0000 14.92546055    01
SATNET-590-01297 [DTC]
1   817U 00000A   25274.57329142 .00000000  00000-0 0 000           1
2   817  50.0000 144.0000 0000000   0.0000 115.2000 14.92546055    02
SATNET-590-01298 [DTC]
1   818U 00000A   25274.57329142 .00000000  00000-0 0 000           2
2   818  50.0000 144.0000 0000000   0.0000 122.4000 14.92546055    03
SATNET-590-01299 [DTC]
1   819U 00000A   25274.57329142 .00000000  00000-0 0 000           3
2   819  50.0000 144.0000 0000000   0.0000 129.6000 14.92546055    03
SATNET-590-01300 [DTC]
1   820U 00000A   25274.57329142 .00000000  00000-0 0 000           5
2   820  50.0000 144.0000 0000000   0.0000 136.8000 14.92546055    05
SATNET-590-01301 [DTC]
1   821U 00000A   25274.57329142 .00000000  00000-0 0 000           6
2   821  50.0000 144.0000 0000000   0.0000 144.0000 14.92546055    07
SATNET-590-01302 [DTC]
1   822U 00000A   25274.57329142 .00000000  00000-0 0 000           7
2   822  50.0000 144.0000 0000000   0.0000 151.2000 14.92546055    08
SATNET-590-01303 [DTC]
1   823U 00000A   25274.57329142 .00000000  00000-0 0 000           8
2   823  50.0000 144.0000 0000000   0.0000 158.4000 14.92546055    08
SATNET-590-01304 [DTC]
1   824U 00000A   25274.57329142 .00000000  00000-0 0 000           9
2   824  50.0000 144.0000 0000000   0.0000 165.6000 14.92546055    09
SATNET-590-01305 [DTC]
1   825U 00000A   25274.57329142 .00000000  00000-0 0 000           0
2   825  50.0000 144.0000 0000000   0.0000 172.8000 14.92546055    00
SATNET-590-01306 [DTC]
1   826U 00000A   25274.57329142 .00000000  00000-0 0 000           1
2   826  50.0000 144.0000 0000000   0.0000 180.0000 14.92546055    02
SATNET-590-01307 [DTC]
1   827U 00000A   25274.57329142 .00000000  00000-0 0 000           2
2   827  50.0000 144.0000 0000000   0.0000 187.2000 14.92546055    02
SATNET-590-01308 [DTC]
1   828U 00000A   25274.57329142 .00000000  00000-0 0 000           3
2   828  50.0000 144.0000 0000000   0.0000 194.4000 14.92546055    03
SATNET-590-01309 [DTC]
1   829U 00000A   25274.57329142 .00000000  00000-0 0 000           4
2   829  50.0000 144.0000 0000000   0.0000 201.6000 14.92546055    05
SATNET-590-01310 [DTC]
1   830U 00000A   25274.57329142 .00000000  00000-0 0 000           6
2   830  50.0000 144.0000 0000000   0.0000 208.8000 14.92546055    06
SATNET-590-01311 [DTC]
1   831U 00000A   25274.57329142 .00000000  00000-0 0 000           7
2   831  50.0000 144.0000 0000000   0.0000 216.0000 14.92546055    08
SATNET-590-01312 [DTC]
1   832U 00000A   25274.57329142 .00000000  00000-0 0 000           8
2   832  50.0000 144.0000 0000000   0.0000 223.2000 14.92546055    09
SATNET-590-01313 [DTC]
1   833U 00000A   25274.57329142 .00000000  00000-0 0 000           9
2   833  50.0000 144.0000 0000000   0.0000 230.4000 14.92546055    00
SATNET-590-01314 [DTC]
1   834U 00000A   25274.57329142 .00000000  00000-0 0 000           0
2   834  50.0000 144.0000 0000000   0.0000 237.6000 14.92546055    00
SATNET-590-01315 [DTC]
1   835U 00000A   25274.57329142 .00000000  00000-0 0 000           1
2   835  50.0000 144.0000 0000000   0.0000 244.8000 14.92546055    01
SATNET-590-01316 [DTC]
1   836U 00000A   25274.57329142 .00000000  00000-0 0 000           2
2   836  50.0000 144.0000 0000000   0.0000 252.0000 14.92546055    03
SATNET-590-01317 [DTC]
1   837U 00000A   25274.57329142 .00000000  00000-0 0 000           3
2   837  50.0000 144.0000 0000000   0.0000 259.2000 14.92546055    03
SATNET-590-01318 [DTC]
1   838U 00000A   25274.57329142 .00000000  00000-0 0 000           4
2   838  50.0000 144.0000 0000000   0.0000 266.4000 14.92546055    04
SATNET-590-01319 [DTC]
1   839U 00000A   25274.57329142 .00000000  00000-0 0 000           5
2   839  50.0000 144.0000 0000000   0.0000 273.6000 14.92546055    05
SATNET-590-01320 [DTC]
1   840U 00000A   25274.57329142 .00000000  00000-0 0 000           7
2   840  50.0000 144.0000 0000000   0.0000 280.8000 14.92546055    07
SATNET-590-01321 [DTC]
1   841U 00000A   25274.57329142 .00000000  00000-0 0 000           8
2   841  50.0000 144.0000 0000000   0.0000 288.0000 14.92546055    08
SATNET-590-01322 [DTC]
1   842U 00000A   25274.57329142 .00000000  00000-0 0 000           9
2   842  50.0000 144.0000 0000000   0.0000 295.2000 14.92546055    09
SATNET-590-01323 [DTC]
1   843U 00000A   25274.57329142 .00000000  00000-0 0 000           0
2   843  50.0000 144.0000 0000000   0.0000 302.4000 14.92546055    01
SATNET-590-01324 [DTC]
1   844U 00000A   25274.57329142 .00000000  00000-0 0 000           1
2   844  50.0000 144.0000 0000000   0.0000 309.6000 14.92546055    01
SATNET-590-01325 [DTC]
1   845U 00000A   25274.57329142 .00000000  00000-0 0 000           2
2   845  50.0000 144.0000 0000000   0.0000 316.8000 14.92546055    02
SATNET-590-01326 [DTC]
1   846U 00000A   25274.57329142 .00000000  00000-0 0 000           3
2   846  50.0000 144.0000 0000000   0.0000 324.0000 14.92546055    04
SATNET-590-01327 [DTC]
1   847U 00000A   25274.57329142 .00000000  00000-0 0 000           4
2   847  50.0000 144.0000 0000000   0.0000 331.2000 14.92546055    05
SATNET-590-01328 [DTC]
1   848U 00000A   25274.57329142 .00000000  00000-0 0 000           5
2   848  50.0000 144.0000 0000000   0.0000 338.4000 14.92546055    05
SATNET-590-01329 [DTC]
1   849U 00000A   25274.57329142 .00000000  00000-0 0 000           6
2   849  50.0000 144.0000 0000000   0.0000 345.6000 14.92546055    06
SATNET-590-01330 [DTC]
1   850U 00000A   25274.57329142 .00000000  00000-0 0 000           8
2   850  50.0000 144.0000 0000000   0.0000 352.8000 14.92546055    08
SATNET-590-01331 [DTC]
1   851U 00000A   25274.57329142 .00000000  00000-0 0 000           9
2   851  50.0000 153.0000 0000000   0.0000   0.0000 14.92546055    01
SATNET-590-01332 [DTC]
1   852U 00000A   25274.57329142 .00000000  00000-0 0 000           0
2   852  50.0000 153.0000 0000000   0.0000   7.2000 14.92546055    01
SATNET-590-01333 [DTC]
1   853U 00000A   25274.57329142 .00000000  00000-0 0 000           1
2   853  50.0000 153.0000 0000000   0.0000  14.4000 14.92546055    02
SATNET-590-01334 [DTC]
1   854U 00000A   25274.57329142 .00000000  00000-0 0 000           2
2   854  50.0000 153.0000 0000000   0.0000  21.6000 14.92546055    03
SATNET-590-01335 [DTC]
1   855U 00000A   25274.57329142 .00000000  00000-0 0 000           3
2   855  50.0000 153.0000 0000000   0.0000  28.8000 14.92546055    03
SATNET-590-01336 [DTC]
1   856U 00000A   25274.57329142 .00000000  00000-0 0 000           4
2   856  50.0000 153.0000 0000000   0.0000  36.0000 14.92546055    05
SATNET-590-01337 [DTC]
1   857U 00000A   25274.57329142 .00000000  00000-0 0 000           5
2   857  50.0000 153.0000 0000000   0.0000  43.2000 14.92546055    06
SATNET-590-01338 [DTC]
1   858U 00000A   25274.57329142 .00000000  00000-0 0 000           6
2   858  50.0000 153.0000 0000000   0.0000  50.4000 14.92546055    07
SATNET-590-01339 [DTC]
1   859U 00000A   25274.57329142 .00000000  00000-0 0 000           7
2   859  50.0000 153.0000 0000000   0.0000  57.6000 14.92546055    07
SATNET-590-01340 [DTC]
1   860U 00000A   25274.57329142 .00000000  00000-0 0 000           9
2   860  50.0000 153.0000 0000000   0.0000  64.8000 14.92546055    09
SATNET-590-01341 [DTC]
1   861U 00000A   25274.57329142 .00000000  00000-0 0 000           0
2   861  50.0000 153.0000 0000000   0.0000  72.0000 14.92546055    01
SATNET-590-01342 [DTC]
1   862U 00000A   25274.57329142 .00000000  00000-0 0 000           1
2   862  50.0000 153.0000 0000000   0.0000  79.2000 14.92546055    01
SATNET-590-01343 [DTC]
1   863U 00000A   25274.57329142 .00000000  00000-0 0 000           2
2   863  50.0000 153.0000 0000000   0.0000  86.4000 14.92546055    02
SATNET-590-01344 [DTC]
1   864U 00000A   25274.57329142 .00000000  00000-0 0 000           3
2   864  50.0000 153.0000 0000000   0.0000  93.6000 14.92546055    03
SATNET-590-01345 [DTC]
1   865U 00000A   25274.57329142 .00000000  00000-0 0 000           4
2   865  50.0000 153.0000 0000000   0.0000 100.8000 14.92546055    05
SATNET-590-01346 [DTC]
1   866U 00000A   25274.57329142 .00000000  00000-0 0 000           5
2   866  50.0000 153.0000 0000000   0.0000 108.0000 14.92546055    06
SATNET-590-01347 [DTC]
1   867U 00000A   25274.57329142 .00000000  00000-0 0 000           6
2   867  50.0000 153.0000 0000000   0.0000 115.2000 14.92546055    07
SATNET-590-01348 [DTC]
1   868U 00000A   25274.57329142 .00000000  00000-0 0 000           7
2   868  50.0000 153.0000 0000000   0.0000 122.4000 14.92546055    08
SATNET-590-01349 [DTC]
1   869U 00000A   25274.57329142 .00000000  00000-0 0 000           8
2   869  50.0000 153.0000 0000000   0.0000 129.6000 14.92546055    08
SATNET-590-01350 [DTC]
1   870U 00000A   25274.57329142 .00000000  00000-0 0 000           0
2   870  50.0000 153.0000 0000000   0.0000 136.8000 14.92546055    00
SATNET-590-01351 [DTC]
1   871U 00000A   25274.57329142 .00000000  00000-0 0 000           1
2   871  50.0000 153.0000 0000000   0.0000 144.0000 14.92546055    02
SATNET-590-01352 [DTC]
1   872U 00000A   25274.57329142 .00000000  00000-0 0 000           2
2   872  50.0000 153.0000 0000000   0.0000 151.2000 14.92546055    03
SATNET-590-01353 [DTC]
1   873U 00000A   25274.57329142 .00000000  00000-0 0 000           3
2   873  50.0000 153.0000 0000000   0.0000 158.4000 14.92546055    03
SATNET-590-01354 [DTC]
1   874U 00000A   25274.57329142 .00000000  00000-0 0 000           4
2   874  50.0000 153.0000 0000000   0.0000 165.6000 14.92546055    04
SATNET-590-01355 [DTC]
1   875U 00000A   25274.57329142 .00000000  00000-0 0 000           5
2   875  50.0000 153.0000 0000000   0.0000 172.8000 14.92546055    05
SATNET-590-01356 [DTC]
1   876U 00000A   25274.57329142 .00000000  00000-0 0 000           6
2   876  50.0000 153.0000 0000000   0.0000 180.0000 14.92546055    07
SATNET-590-01357 [DTC]
1   877U 00000A   25274.57329142 .00000000  00000-0 0 000           7
2   877  50.0000 153.0000 0000000   0.0000 187.2000 14.92546055    07
SATNET-590-01358 [DTC]
1   878U 00000A   25274.57329142 .00000000  00000-0 0 000           8
2   878  50.0000 153.0000 0000000   0.0000 194.4000 14.92546055    08
SATNET-590-01359 [DTC]
1   879U 00000A   25274.57329142 .00000000  00000-0 0 000           9
2   879  50.0000 153.0000 0000000   0.0000 201.6000 14.92546055    00
SATNET-590-01360 [DTC]
1   880U 00000A   25274.57329142 .00000000  00000-0 0 000           1
2   880  50.0000 153.0000 0000000   0.0000 208.8000 14.92546055    01
SATNET-590-01361 [DTC]
1   881U 00000A   25274.57329142 .00000000  00000-0 0 000           2
2   881  50.0000 153.0000 0000000   0.0000 216.0000 14.92546055    03
SATNET-590-01362 [DTC]
1   882U 00000A   25274.57329142 .00000000  00000-0 0 000           3
2   882  50.0000 153.0000 0000000   0.0000 223.2000 14.92546055    04
SATNET-590-01363 [DTC]
1   883U 00000A   25274.57329142 .00000000  00000-0 0 000           4
2   883  50.0000 153.0000 0000000   0.0000 230.4000 14.92546055    05
SATNET-590-01364 [DTC]
1   884U 00000A   25274.57329142 .00000000  00000-0 0 000           5
2   884  50.0000 153.0000 0000000   0.0000 237.6000 14.92546055    05
SATNET-590-01365 [DTC]
1   885U 00000A   25274.57329142 .00000000  00000-0 0 000           6
2   885  50.0000 153.0000 0000000   0.0000 244.8000 14.92546055    06
SATNET-590-01366 [DTC]
1   886U 00000A   25274.57329142 .00000000  00000-0 0 000           7
2   886  50.0000 153.0000 0000000   0.0000 252.0000 14.92546055    08
SATNET-590-01367 [DTC]
1   887U 00000A   25274.57329142 .00000000  00000-0 0 000           8
2   887  50.0000 153.0000 0000000   0.0000 259.2000 14.92546055    08
SATNET-590-01368 [DTC]
1   888U 00000A   25274.57329142 .00000000  00000-0 0 000           9
2   888  50.0000 153.0000 0000000   0.0000 266.4000 14.92546055    09
SATNET-590-01369 [DTC]
1   889U 00000A   25274.57329142 .00000000  00000-0 0 000           0
2   889  50.0000 153.0000 0000000   0.0000 273.6000 14.92546055    00
SATNET-590-01370 [DTC]
1   890U 00000A   25274.57329142 .00000000  00000-0 0 000           2
2   890  50.0000 153.0000 0000000   0.0000 280.8000 14.92546055    02
SATNET-590-01371 [DTC]
1   891U 00000A   25274.57329142 .00000000  00000-0 0 000           3
2   891  50.0000 153.0000 0000000   0.0000 288.0000 14.92546055    03
SATNET-590-01372 [DTC]
1   892U 00000A   25274.57329142 .00000000  00000-0 0 000           4
2   892  50.0000 153.0000 0000000   0.0000 295.2000 14.92546055    04
SATNET-590-01373 [DTC]
1   893U 00000A   25274.57329142 .00000000  00000-0 0 000           5
2   893  50.0000 153.0000 0000000   0.0000 302.4000 14.92546055    06
SATNET-590-01374 [DTC]
1   894U 00000A   25274.57329142 .00000000  00000-0 0 000           6
2   894  50.0000 153.0000 0000000   0.0000 309.6000 14.92546055    06
SATNET-590-01375 [DTC]
1   895U 00000A   25274.57329142 .00000000  00000-0 0 000           7
2   895  50.0000 153.0000 0000000   0.0000 316.8000 14.92546055    07
SATNET-590-01376 [DTC]
1   896U 00000A   25274.57329142 .00000000  00000-0 0 000           8
2   896  50.0000 153.0000 0000000   0.0000 324.0000 14.92546055    09
SATNET-590-01377 [DTC]
1   897U 00000A   25274.57329142 .00000000  00000-0 0 000           9
2   897  50.0000 153.0000 0000000   0.0000 331.2000 14.92546055    00
SATNET-590-01378 [DTC]
1   898U 00000A   25274.57329142 .00000000  00000-0 0 000           0
2   898  50.0000 153.0000 0000000   0.0000 338.4000 14.92546055    00
SATNET-590-01379 [DTC]
1   899U 00000A   25274.57329142 .00000000  00000-0 0 000           1
2   899  50.0000 153.0000 0000000   0.0000 345.6000 14.92546055    01
SATNET-590-01380 [DTC]
1   900U 00000A   25274.57329142 .00000000  00000-0 0 000           4
2   900  50.0000 153.0000 0000000   0.0000 352.8000 14.92546055    04
SATNET-590-01381 [DTC]
1   901U 00000A   25274.57329142 .00000000  00000-0 0 000           5
2   901  50.0000 162.0000 0000000   0.0000   0.0000 14.92546055    07
SATNET-590-01382 [DTC]
1   902U 00000A   25274.57329142 .00000000  00000-0 0 000           6
2   902  50.0000 162.0000 0000000   0.0000   7.2000 14.92546055    07
SATNET-590-01383 [DTC]
1   903U 00000A   25274.57329142 .00000000  00000-0 0 000           7
2   903  50.0000 162.0000 0000000   0.0000  14.4000 14.92546055    08
SATNET-590-01384 [DTC]
1   904U 00000A   25274.57329142 .00000000  00000-0 0 000           8
2   904  50.0000 162.0000 0000000   0.0000  21.6000 14.92546055    09
SATNET-590-01385 [DTC]
1   905U 00000A   25274.57329142 .00000000  00000-0 0 000           9
2   905  50.0000 162.0000 0000000   0.0000  28.8000 14.92546055    09
SATNET-590-01386 [DTC]
1   906U 00000A   25274.57329142 .00000000  00000-0 0 000           0
2   906  50.0000 162.0000 0000000   0.0000  36.0000 14.92546055    01
SATNET-590-01387 [DTC]
1   907U 00000A   25274.57329142 .00000000  00000-0 0 000           1
2   907  50.0000 162.0000 0000000   0.0000  43.2000 14.92546055    02
SATNET-590-01388 [DTC]
1   908U 00000A   25274.57329142 .00000000  00000-0 0 000           2
2   908  50.0000 162.0000 0000000   0.0000  50.4000 14.92546055    03
SATNET-590-01389 [DTC]
1   909U 00000A   25274.57329142 .00000000  00000-0 0 000           3
2   909  50.0000 162.0000 0000000   0.0000  57.6000 14.92546055    03
SATNET-590-01390 [DTC]
1   910U 00000A   25274.57329142 .00000000  00000-0 0 000           5
2   910  50.0000 162.0000 0000000   0.0000  64.8000 14.92546055    05
SATNET-590-01391 [DTC]
1   911U 00000A   25274.57329142 .00000000  00000-0 0 000           6
2   911  50.0000 162.0000 0000000   0.0000  72.0000 14.92546055    07
SATNET-590-01392 [DTC]
1   912U 00000A   25274.57329142 .00000000  00000-0 0 000           7
2   912  50.0000 162.0000 0000000   0.0000  79.2000 14.92546055    07
SATNET-590-01393 [DTC]
1   913U 00000A   25274.57329142 .00000000  00000-0 0 000           8
2   913  50.0000 162.0000 0000000   0.0000  86.4000 14.92546055    08
SATNET-590-01394 [DTC]
1   914U 00000A   25274.57329142 .00000000  00000-0 0 000           9
2   914  50.0000 162.0000 0000000   0.0000  93.6000 14.92546055    09
SATNET-590-01395 [DTC]
1   915U 00000A   25274.57329142 .00000000  00000-0 0 000           0
2   915  50.0000 162.0000 0000000   0.0000 100.8000 14.92546055    01
SATNET-590-01396 [DTC]
1   916U 00000A   25274.57329142 .00000000  00000-0 0 000           1
2   916  50.0000 162.0000 0000000   0.0000 108.0000 14.92546055    02
SATNET-590-01397 [DTC]
1   917U 00000A   25274.57329142 .00000000  00000-0 0 000           2
2   917  50.0000 162.0000 0000000   0.0000 115.2000 14.92546055    03
SATNET-590-01398 [DTC]
1   918U 00000A   25274.57329142 .00000000  00000-0 0 000           3
2   918  50.0000 162.0000 0000000   0.0000 122.4000 14.92546055    04
SATNET-590-01399 [DTC]
1   919U 00000A   25274.57329142 .00000000  00000-0 0 000           4
2   919  50.0000 162.0000 0000000   0.0000 129.6000 14.92546055    04
SATNET-590-01400 [DTC]
1   920U 00000A   25274.57329142 .00000000  00000-0 0 000           6
2   920  50.0000 162.0000 0000000   0.0000 136.8000 14.92546055    06
SATNET-590-01401 [DTC]
1   921U 00000A   25274.57329142 .00000000  00000-0 0 000           7
2   921  50.0000 162.0000 0000000   0.0000 144.0000 14.92546055    08
SATNET-590-01402 [DTC]
1   922U 00000A   25274.57329142 .00000000  00000-0 0 000           8
2   922  50.0000 162.0000 0000000   0.0000 151.2000 14.92546055    09
SATNET-590-01403 [DTC]
1   923U 00000A   25274.57329142 .00000000  00000-0 0 000           9
2   923  50.0000 162.0000 0000000   0.0000 158.4000 14.92546055    09
SATNET-590-01404 [DTC]
1   924U 00000A   25274.57329142 .00000000  00000-0 0 000           0
2   924  50.0000 162.0000 0000000   0.0000 165.6000 14.92546055    00
SATNET-590-01405 [DTC]
1   925U 00000A   25274.57329142 .00000000  00000-0 0 000           1
2   925  50.0000 162.0000 0000000   0.0000 172.8000 14.92546055    01
SATNET-590-01406 [DTC]
1   926U 00000A   25274.57329142 .00000000  00000-0 0 000           2
2   926  50.0000 162.0000 0000000   0.0000 180.0000 14.92546055    03
SATNET-590-01407 [DTC]
1   927U 00000A   25274.57329142 .00000000  00000-0 0 000           3
2   927  50.0000 162.0000 0000000   0.0000 187.2000 14.92546055    03
SATNET-590-01408 [DTC]
1   928U 00000A   25274.57329142 .00000000  00000-0 0 000           4
2   928  50.0000 162.0000 0000000   0.0000 194.4000 14.92546055    04
SATNET-590-01409 [DTC]
1   929U 00000A   25274.57329142 .00000000  00000-0 0 000           5
2   929  50.0000 162.0000 0000000   0.0000 201.6000 14.92546055    06
SATNET-590-01410 [DTC]
1   930U 00000A   25274.57329142 .00000000  00000-0 0 000           7
2   930  50.0000 162.0000 0000000   0.0000 208.8000 14.92546055    07
SATNET-590-01411 [DTC]
1   931U 00000A   25274.57329142 .00000000  00000-0 0 000           8
2   931  50.0000 162.0000 0000000   0.0000 216.0000 14.92546055    09
SATNET-590-01412 [DTC]
1   932U 00000A   25274.57329142 .00000000  00000-0 0 000           9
2   932  50.0000 162.0000 0000000   0.0000 223.2000 14.92546055    00
SATNET-590-01413 [DTC]
1   933U 00000A   25274.57329142 .00000000  00000-0 0 000           0
2   933  50.0000 162.0000 0000000   0.0000 230.4000 14.92546055    01
SATNET-590-01414 [DTC]
1   934U 00000A   25274.57329142 .00000000  00000-0 0 000           1
2   934  50.0000 162.0000 0000000   0.0000 237.6000 14.92546055    01
SATNET-590-01415 [DTC]
1   935U 00000A   25274.57329142 .00000000  00000-0 0 000           2
2   935  50.0000 162.0000 0000000   0.0000 244.8000 14.92546055    02
SATNET-590-01416 [DTC]
1   936U 00000A   25274.57329142 .00000000  00000-0 0 000           3
2   936  50.0000 162.0000 0000000   0.0000 252.0000 14.92546055    04
SATNET-590-01417 [DTC]
1   937U 00000A   25274.57329142 .00000000  00000-0 0 000           4
2   937  50.0000 162.0000 0000000   0.0000 259.2000 14.92546055    04
SATNET-590-01418 [DTC]
1   938U 00000A   25274.57329142 .00000000  00000-0 0 000           5
2   938  50.0000 162.0000 0000000   0.0000 266.4000 14.92546055    05
SATNET-590-01419 [DTC]
1   939U 00000A   25274.57329142 .00000000  00000-0 0 000           6
2   939  50.0000 162.0000 0000000   0.0000 273.6000 14.92546055    06
SATNET-590-01420 [DTC]
1   940U 00000A   25274.57329142 .00000000  00000-0 0 000           8
2   940  50.0000 162.0000 0000000   0.0000 280.8000 14.92546055    08
SATNET-590-01421 [DTC]
1   941U 00000A   25274.57329142 .00000000  00000-0 0 000           9
2   941  50.0000 162.0000 0000000   0.0000 288.0000 14.92546055    09
SATNET-590-01422 [DTC]
1   942U 00000A   25274.57329142 .00000000  00000-0 0 000           0
2   942  50.0000 162.0000 0000000   0.0000 295.2000 14.92546055    00
SATNET-590-01423 [DTC]
1   943U 00000A   25274.57329142 .00000000  00000-0 0 000           1
2   943  50.0000 162.0000 0000000   0.0000 302.4000 14.92546055    02
SATNET-590-01424 [DTC]
1   944U 00000A   25274.57329142 .00000000  00000-0 0 000           2
2   944  50.0000 162.0000 0000000   0.0000 309.6000 14.92546055    02
SATNET-590-01425 [DTC]
1   945U 00000A   25274.57329142 .00000000  00000-0 0 000           3
2   945  50.0000 162.0000 0000000   0.0000 316.8000 14.92546055    03
SATNET-590-01426 [DTC]
1   946U 00000A   25274.57329142 .00000000  00000-0 0 000           4
2   946  50.0000 162.0000 0000000   0.0000 324.0000 14.92546055    05
SATNET-590-01427 [DTC]
1   947U 00000A   25274.57329142 .00000000  00000-0 0 000           5
2   947  50.0000 162.0000 0000000   0.0000 331.2000 14.92546055    06
SATNET-590-01428 [DTC]
1   948U 00000A   25274.57329142 .00000000  00000-0 0 000           6
2   948  50.0000 162.0000 0000000   0.0000 338.4000 14.92546055    06
SATNET-590-01429 [DTC]
1   949U 00000A   25274.57329142 .00000000  00000-0 0 000           7
2   949  50.0000 162.0000 0000000   0.0000 345.6000 14.92546055    07
SATNET-590-01430 [DTC]
1   950U 00000A   25274.57329142 .00000000  00000-0 0 000           9
2   950  50.0000 162.0000 0000000   0.0000 352.8000 14.92546055    09
SATNET-590-01431 [DTC]
1   951U 00000A   25274.57329142 .00000000  00000-0 0 000           0
2   951  50.0000 171.0000 0000000   0.0000   0.0000 14.92546055    02
SATNET-590-01432 [DTC]
1   952U 00000A   25274.57329142 .00000000  00000-0 0 000           1
2   952  50.0000 171.0000 0000000   0.0000   7.2000 14.92546055    02
SATNET-590-01433 [DTC]
1   953U 00000A   25274.57329142 .00000000  00000-0 0 000           2
2   953  50.0000 171.0000 0000000   0.0000  14.4000 14.92546055    03
SATNET-590-01434 [DTC]
1   954U 00000A   25274.57329142 .00000000  00000-0 0 000           3
2   954  50.0000 171.0000 0000000   0.0000  21.6000 14.92546055    04
SATNET-590-01435 [DTC]
1   955U 00000A   25274.57329142 .00000000  00000-0 0 000           4
2   955  50.0000 171.0000 0000000   0.0000  28.8000 14.92546055    04
SATNET-590-01436 [DTC]
1   956U 00000A   25274.57329142 .00000000  00000-0 0 000           5
2   956  50.0000 171.0000 0000000   0.0000  36.0000 14.92546055    06
SATNET-590-01437 [DTC]
1   957U 00000A   25274.57329142 .00000000  00000-0 0 000           6
2   957  50.0000 171.0000 0000000   0.0000  43.2000 14.92546055    07
SATNET-590-01438 [DTC]
1   958U 00000A   25274.57329142 .00000000  00000-0 0 000           7
2   958  50.0000 171.0000 0000000   0.0000  50.4000 14.92546055    08
SATNET-590-01439 [DTC]
1   959U 00000A   25274.57329142 .00000000  00000-0 0 000           8
2   959  50.0000 171.0000 0000000   0.0000  57.6000 14.92546055    08
SATNET-590-01440 [DTC]
1   960U 00000A   25274.57329142 .00000000  00000-0 0 000           0
2   960  50.0000 171.0000 0000000   0.0000  64.8000 14.92546055    00
SATNET-590-01441 [DTC]
1   961U 00000A   25274.57329142 .00000000  00000-0 0 000           1
2   961  50.0000 171.0000 0000000   0.0000  72.0000 14.92546055    02
SATNET-590-01442 [DTC]
1   962U 00000A   25274.57329142 .00000000  00000-0 0 000           2
2   962  50.0000 171.0000 0000000   0.0000  79.2000 14.92546055    02
SATNET-590-01443 [DTC]
1   963U 00000A   25274.57329142 .00000000  00000-0 0 000           3
2   963  50.0000 171.0000 0000000   0.0000  86.4000 14.92546055    03
SATNET-590-01444 [DTC]
1   964U 00000A   25274.57329142 .00000000  00000-0 0 000           4
2   964  50.0000 171.0000 0000000   0.0000  93.6000 14.92546055    04
SATNET-590-01445 [DTC]
1   965U 00000A   25274.57329142 .00000000  00000-0 0 000           5
2   965  50.0000 171.0000 0000000   0.0000 100.8000 14.92546055    06
SATNET-590-01446 [DTC]
1   966U 00000A   25274.57329142 .00000000  00000-0 0 000           6
2   966  50.0000 171.0000 0000000   0.0000 108.0000 14.92546055    07
SATNET-590-01447 [DTC]
1   967U 00000A   25274.57329142 .00000000  00000-0 0 000           7
2   967  50.0000 171.0000 0000000   0.0000 115.2000 14.92546055    08
SATNET-590-01448 [DTC]
1   968U 00000A   25274.57329142 .00000000  00000-0 0 000           8
2   968  50.0000 171.0000 0000000   0.0000 122.4000 14.92546055    09
SATNET-590-01449 [DTC]
1   969U 00000A   25274.57329142 .00000000  00000-0 0 000           9
2   969  50.0000 171.0000 0000000   0.0000 129.6000 14.92546055    09
SATNET-590-01450 [DTC]
1   970U 00000A   25274.57329142 .00000000  00000-0 0 000           1
2   970  50.0000 171.0000 0000000   0.0000 136.8000 14.92546055    01
SATNET-590-01451 [DTC]
1   971U 00000A   25274.57329142 .00000000  00000-0 0 000           2
2   971  50.0000 171.0000 0000000   0.0000 144.0000 14.92546055    03
SATNET-590-01452 [DTC]
1   972U 00000A   25274.57329142 .00000000  00000-0 0 000           3
2   972  50.0000 171.0000 0000000   0.0000 151.2000 14.92546055    04
SATNET-590-01453 [DTC]
1   973U 00000A   25274.57329142 .00000000  00000-0 0 000           4
2   973  50.0000 171.0000 0000000   0.0000 158.4000 14.92546055    04
SATNET-590-01454 [DTC]
1   974U 00000A   25274.57329142 .00000000  00000-0 0 000           5
2   974  50.0000 171.0000 0000000   0.0000 165.6000 14.92546055    05
SATNET-590-01455 [DTC]
1   975U 00000A   25274.57329142 .00000000  00000-0 0 000           6
2   975  50.0000 171.0000 0000000   0.0000 172.8000 14.92546055    06
SATNET-590-01456 [DTC]
1   976U 00000A   25274.57329142 .00000000  00000-0 0 000           7
2   976  50.0000 171.0000 0000000   0.0000 180.0000 14.92546055    08
SATNET-590-01457 [DTC]
1   977U 00000A   25274.57329142 .00000000  00000-0 0 000           8
2   977  50.0000 171.0000 0000000   0.0000 187.2000 14.92546055    08
SATNET-590-01458 [DTC]
1   978U 00000A   25274.57329142 .00000000  00000-0 0 000           9
2   978  50.0000 171.0000 0000000   0.0000 194.4000 14.92546055    09
SATNET-590-01459 [DTC]
1   979U 00000A   25274.57329142 .00000000  00000-0 0 000           0
2   979  50.0000 171.0000 0000000   0.0000 201.6000 14.92546055    01
SATNET-590-01460 [DTC]
1   980U 00000A   25274.57329142 .00000000  00000-0 0 000           2
2   980  50.0000 171.0000 0000000   0.0000 208.8000 14.92546055    02
SATNET-590-01461 [DTC]
1   981U 00000A   25274.57329142 .00000000  00000-0 0 000           3
2   981  50.0000 171.0000 0000000   0.0000 216.0000 14.92546055    04
SATNET-590-01462 [DTC]
1   982U 00000A   25274.57329142 .00000000  00000-0 0 000           4
2   982  50.0000 171.0000 0000000   0.0000 223.2000 14.92546055    05
SATNET-590-01463 [DTC]
1   983U 00000A   25274.57329142 .00000000  00000-0 0 000           5
2   983  50.0000 171.0000 0000000   0.0000 230.4000 14.92546055    06
SATNET-590-01464 [DTC]
1   984U 00000A   25274.57329142 .00000000  00000-0 0 000           6
2   984  50.0000 171.0000 0000000   0.0000 237.6000 14.92546055    06
SATNET-590-01465 [DTC]
1   985U 00000A   25274.57329142 .00000000  00000-0 0 000           7
2   985  50.0000 171.0000 0000000   0.0000 244.8000 14.92546055    07
SATNET-590-01466 [DTC]
1   986U 00000A   25274.57329142 .00000000  00000-0 0 000           8
2   986  50.0000 171.0000 0000000   0.0000 252.0000 14.92546055    09
SATNET-590-01467 [DTC]
1   987U 00000A   25274.57329142 .00000000  00000-0 0 000           9
2   987  50.0000 171.0000 0000000   0.0000 259.2000 14.92546055    09
SATNET-590-01468 [DTC]
1   988U 00000A   25274.57329142 .00000000  00000-0 0 000           0
2   988  50.0000 171.0000 0000000   0.0000 266.4000 14.92546055    00
SATNET-590-01469 [DTC]
1   989U 00000A   25274.57329142 .00000000  00000-0 0 000           1
2   989  50.0000 171.0000 0000000   0.0000 273.6000 14.92546055    01
SATNET-590-01470 [DTC]
1   990U 00000A   25274.57329142 .00000000  00000-0 0 000           3
2   990  50.0000 171.0000 0000000   0.0000 280.8000 14.92546055    03
SATNET-590-01471 [DTC]
1   991U 00000A   25274.57329142 .00000000  00000-0 0 000           4
2   991  50.0000 171.0000 0000000   0.0000 288.0000 14.92546055    04
SATNET-590-01472 [DTC]
1   992U 00000A   25274.57329142 .00000000  00000-0 0 000           5
2   992  50.0000 171.0000 0000000   0.0000 295.2000 14.92546055    05
SATNET-590-01473 [DTC]
1   993U 00000A   25274.57329142 .00000000  00000-0 0 000           6
2   993  50.0000 171.0000 0000000   0.0000 302.4000 14.92546055    07
SATNET-590-01474 [DTC]
1   994U 00000A   25274.57329142 .00000000  00000-0 0 000           7
2   994  50.0000 171.0000 0000000   0.0000 309.6000 14.92546055    07
SATNET-590-01475 [DTC]
1   995U 00000A   25274.57329142 .00000000  00000-0 0 000           8
2   995  50.0000 171.0000 0000000   0.0000 316.8000 14.92546055    08
SATNET-590-01476 [DTC]
1   996U 00000A   25274.57329142 .00000000  00000-0 0 000           9
2   996  50.0000 171.0000 0000000   0.0000 324.0000 14.92546055    00
SATNET-590-01477 [DTC]
1   997U 00000A   25274.57329142 .00000000  00000-0 0 000           0
2   997  50.0000 171.0000 0000000   0.0000 331.2000 14.92546055    01
SATNET-590-01478 [DTC]
1   998U 00000A   25274.57329142 .00000000  00000-0 0 000           1
2   998  50.0000 171.0000 0000000   0.0000 338.4000 14.92546055    01
SATNET-590-01479 [DTC]
1   999U 00000A   25274.57329142 .00000000  00000-0 0 000           2
2   999  50.0000 171.0000 0000000   0.0000 345.6000 14.92546055    02
SATNET-590-01480 [DTC]
1  1000U 00000A   25274.57329142 .00000000  00000-0 0 000           6
2  1000  50.0000 171.0000 0000000   0.0000 352.8000 14.92546055    06
SATNET-590-01481 [DTC]
1  1001U 00000A   25274.57329142 .00000000  00000-0 0 000           7
2  1001  50.0000 180.0000 0000000   0.0000   0.0000 14.92546055    09
SATNET-590-01482 [DTC]
1  1002U 00000A   25274.57329142 .00000000  00000-0 0 000           8
2  1002  50.0000 180.0000 0000000   0.0000   7.2000 14.92546055    09
SATNET-590-01483 [DTC]
1  1003U 00000A   25274.57329142 .00000000  00000-0 0 000           9
2  1003  50.0000 180.0000 0000000   0.0000  14.4000 14.92546055    00
SATNET-590-01484 [DTC]
1  1004U 00000A   25274.57329142 .00000000  00000-0 0 000           0
2  1004  50.0000 180.0000 0000000   0.0000  21.6000 14.92546055    01
SATNET-590-01485 [DTC]
1  1005U 00000A   25274.57329142 .00000000  00000-0 0 000           1
2  1005  50.0000 180.0000 0000000   0.0000  28.8000 14.92546055    01
SATNET-590-01486 [DTC]
1  1006U 00000A   25274.57329142 .00000000  00000-0 0 000           2
2  1006  50.0000 180.0000 0000000   0.0000  36.0000 14.92546055    03
SATNET-590-01487 [DTC]
1  1007U 00000A   25274.57329142 .00000000  00000-0 0 000           3
2  1007  50.0000 180.0000 0000000   0.0000  43.2000 14.92546055    04
SATNET-590-01488 [DTC]
1  1008U 00000A   25274.57329142 .00000000  00000-0 0 000           4
2  1008  50.0000 180.0000 0000000   0.0000  50.4000 14.92546055    05
SATNET-590-01489 [DTC]
1  1009U 00000A   25274.57329142 .00000000  00000-0 0 000           5
2  1009  50.0000 180.0000 0000000   0.0000  57.6000 14.92546055    05
SATNET-590-01490 [DTC]
1  1010U 00000A   25274.57329142 .00000000  00000-0 0 000           7
2  1010  50.0000 180.0000 0000000   0.0000  64.8000 14.92546055    07
SATNET-590-01491 [DTC]
1  1011U 00000A   25274.57329142 .00000000  00000-0 0 000           8
2  1011  50.0000 180.0000 0000000   0.0000  72.0000 14.92546055    09
SATNET-590-01492 [DTC]
1  1012U 00000A   25274.57329142 .00000000  00000-0 0 000           9
2  1012  50.0000 180.0000 0000000   0.0000  79.2000 14.92546055    09
SATNET-590-01493 [DTC]
1  1013U 00000A   25274.57329142 .00000000  00000-0 0 000           0
2  1013  50.0000 180.0000 0000000   0.0000  86.4000 14.92546055    00
SATNET-590-01494 [DTC]
1  1014U 00000A   25274.57329142 .00000000  00000-0 0 000           1
2  1014  50.0000 180.0000 0000000   0.0000  93.6000 14.92546055    01
SATNET-590-01495 [DTC]
1  1015U 00000A   25274.57329142 .00000000  00000-0 0 000           2
2  1015  50.0000 180.0000 0000000   0.0000 100.8000 14.92546055    03
SATNET-590-01496 [DTC]
1  1016U 00000A   25274.57329142 .00000000  00000-0 0 000           3
2  1016  50.0000 180.0000 0000000   0.0000 108.0000 14.92546055    04
SATNET-590-01497 [DTC]
1  1017U 00000A   25274.57329142 .00000000  00000-0 0 000           4
2  1017  50.0000 180.0000 0000000   0.0000 115.2000 14.92546055    05
SATNET-590-01498 [DTC]
1  1018U 00000A   25274.57329142 .00000000  00000-0 0 000           5
2  1018  50.0000 180.0000 0000000   0.0000 122.4000 14.92546055    06
SATNET-590-01499 [DTC]
1  1019U 00000A   25274.57329142 .00000000  00000-0 0 000           6
2  1019  50.0000 180.0000 0000000   0.0000 129.6000 14.92546055    06
SATNET-590-01500 [DTC]
1  1020U 00000A   25274.57329142 .00000000  00000-0 0 000           8
2  1020  50.0000 180.0000 0000000   0.0000 136.8000 14.92546055    08
SATNET-590-01501 [DTC]
1  1021U 00000A   25274.57329142 .00000000  00000-0 0 000           9
2  1021  50.0000 180.0000 0000000   0.0000 144.0000 14.92546055    00
SATNET-590-01502 [DTC]
1  1022U 00000A   25274.57329142 .00000000  00000-0 0 000           0
2  1022  50.0000 180.0000 0000000   0.0000 151.2000 14.92546055    01
SATNET-590-01503 [DTC]
1  1023U 00000A   25274.57329142 .00000000  00000-0 0 000           1
2  1023  50.0000 180.0000 0000000   0.0000 158.4000 14.92546055    01
SATNET-590-01504 [DTC]
1  1024U 00000A   25274.57329142 .00000000  00000-0 0 000           2
2  1024  50.0000 180.0000 0000000   0.0000 165.6000 14.92546055    02
SATNET-590-01505 [DTC]
1  1025U 00000A   25274.57329142 .00000000  00000-0 0 000           3
2  1025  50.0000 180.0000 0000000   0.0000 172.8000 14.92546055    03
SATNET-590-01506 [DTC]
1  1026U 00000A   25274.57329142 .00000000  00000-0 0 000           4
2  1026  50.0000 180.0000 0000000   0.0000 180.0000 14.92546055    05
SATNET-590-01507 [DTC]
1  1027U 00000A   25274.57329142 .00000000  00000-0 0 000           5
2  1027  50.0000 180.0000 0000000   0.0000 187.2000 14.92546055    05
SATNET-590-01508 [DTC]
1  1028U 00000A   25274.57329142 .00000000  00000-0 0 000           6
2  1028  50.0000 180.0000 0000000   0.0000 194.4000 14.92546055    06
SATNET-590-01509 [DTC]
1  1029U 00000A   25274.57329142 .00000000  00000-0 0 000           7
2  1029  50.0000 180.0000 0000000   0.0000 201.6000 14.92546055    08
SATNET-590-01510 [DTC]
1  1030U 00000A   25274.57329142 .00000000  00000-0 0 000           9
2  1030  50.0000 180.0000 0000000   0.0000 208.8000 14.92546055    09
SATNET-590-01511 [DTC]
1  1031U 00000A   25274.57329142 .00000000  00000-0 0 000           0
2  1031  50.0000 180.0000 0000000   0.0000 216.0000 14.92546055    01
SATNET-590-01512 [DTC]
1  1032U 00000A   25274.57329142 .00000000  00000-0 0 000           1
2  1032  50.0000 180.0000 0000000   0.0000 223.2000 14.92546055    02
SATNET-590-01513 [DTC]
1  1033U 00000A   25274.57329142 .00000000  00000-0 0 000           2
2  1033  50.0000 180.0000 0000000   0.0000 230.4000 14.92546055    03
SATNET-590-01514 [DTC]
1  1034U 00000A   25274.57329142 .00000000  00000-0 0 000           3
2  1034  50.0000 180.0000 0000000   0.0000 237.6000 14.92546055    03
SATNET-590-01515 [DTC]
1  1035U 00000A   25274.57329142 .00000000  00000-0 0 000           4
2  1035  50.0000 180.0000 0000000   0.0000 244.8000 14.92546055    04
SATNET-590-01516 [DTC]
1  1036U 00000A   25274.57329142 .00000000  00000-0 0 000           5
2  1036  50.0000 180.0000 0000000   0.0000 252.0000 14.92546055    06
SATNET-590-01517 [DTC]
1  1037U 00000A   25274.57329142 .00000000  00000-0 0 000           6
2  1037  50.0000 180.0000 0000000   0.0000 259.2000 14.92546055    06
SATNET-590-01518 [DTC]
1  1038U 00000A   25274.57329142 .00000000  00000-0 0 000           7
2  1038  50.0000 180.0000 0000000   0.0000 266.4000 14.92546055    07
SATNET-590-01519 [DTC]
1  1039U 00000A   25274.57329142 .00000000  00000-0 0 000           8
2  1039  50.0000 180.0000 0000000   0.0000 273.6000 14.92546055    08
SATNET-590-01520 [DTC]
1  1040U 00000A   25274.57329142 .00000000  00000-0 0 000           0
2  1040  50.0000 180.0000 0000000   0.0000 280.8000 14.92546055    00
SATNET-590-01521 [DTC]
1  1041U 00000A   25274.57329142 .00000000  00000-0 0 000           1
2  1041  50.0000 180.0000 0000000   0.0000 288.0000 14.92546055    01
SATNET-590-01522 [DTC]
1  1042U 00000A   25274.57329142 .00000000  00000-0 0 000           2
2  1042  50.0000 180.0000 0000000   0.0000 295.2000 14.92546055    02
SATNET-590-01523 [DTC]
1  1043U 00000A   25274.57329142 .00000000  00000-0 0 000           3
2  1043  50.0000 180.0000 0000000   0.0000 302.4000 14.92546055    04
SATNET-590-01524 [DTC]
1  1044U 00000A   25274.57329142 .00000000  00000-0 0 000           4
2  1044  50.0000 180.0000 0000000   0.0000 309.6000 14.92546055    04
SATNET-590-01525 [DTC]
1  1045U 00000A   25274.57329142 .00000000  00000-0 0 000           5
2  1045  50.0000 180.0000 0000000   0.0000 316.8000 14.92546055    05
SATNET-590-01526 [DTC]
1  1046U 00000A   25274.57329142 .00000000  00000-0 0 000           6
2  1046  50.0000 180.0000 0000000   0.0000 324.0000 14.92546055    07
SATNET-590-01527 [DTC]
1  1047U 00000A   25274.57329142 .00000000  00000-0 0 000           7
2  1047  50.0000 180.0000 0000000   0.0000 331.2000 14.92546055    08
SATNET-590-01528 [DTC]
1  1048U 00000A   25274.57329142 .00000000  00000-0 0 000           8
2  1048  50.0000 180.0000 0000000   0.0000 338.4000 14.92546055    08
SATNET-590-01529 [DTC]
1  1049U 00000A   25274.57329142 .00000000  00000-0 0 000           9
2  1049  50.0000 180.0000 0000000   0.0000 345.6000 14.92546055    09
SATNET-590-01530 [DTC]
1  1050U 00000A   25274.57329142 .00000000  00000-0 0 000           1
2  1050  50.0000 180.0000 0000000   0.0000 352.8000 14.92546055    01
SATNET-590-01531 [DTC]
1  1051U 00000A   25274.57329142 .00000000  00000-0 0 000           2
2  1051  50.0000 189.0000 0000000   0.0000   0.0000 14.92546055    03
SATNET-590-01532 [DTC]
1  1052U 00000A   25274.57329142 .00000000  00000-0 0 000           3
2  1052  50.0000 189.0000 0000000   0.0000   7.2000 14.92546055    03
SATNET-590-01533 [DTC]
1  1053U 00000A   25274.57329142 .00000000  00000-0 0 000           4
2  1053  50.0000 189.0000 0000000   0.0000  14.4000 14.92546055    04
SATNET-590-01534 [DTC]
1  1054U 00000A   25274.57329142 .00000000  00000-0 0 000           5
2  1054  50.0000 189.0000 0000000   0.0000  21.6000 14.92546055    05
SATNET-590-01535 [DTC]
1  1055U 00000A   25274.57329142 .00000000  00000-0 0 000           6
2  1055  50.0000 189.0000 0000000   0.0000  28.8000 14.92546055    05
SATNET-590-01536 [DTC]
1  1056U 00000A   25274.57329142 .00000000  00000-0 0 000           7
2  1056  50.0000 189.0000 0000000   0.0000  36.0000 14.92546055    07
SATNET-590-01537 [DTC]
1  1057U 00000A   25274.57329142 .00000000  00000-0 0 000           8
2  1057  50.0000 189.0000 0000000   0.0000  43.2000 14.92546055    08
SATNET-590-01538 [DTC]
1  1058U 00000A   25274.57329142 .00000000  00000-0 0 000           9
2  1058  50.0000 189.0000 0000000   0.0000  50.4000 14.92546055    09
SATNET-590-01539 [DTC]
1  1059U 00000A   25274.57329142 .00000000  00000-0 0 000           0
2  1059  50.0000 189.0000 0000000   0.0000  57.6000 14.92546055    09
SATNET-590-01540 [DTC]
1  1060U 00000A   25274.57329142 .00000000  00000-0 0 000           2
2  1060  50.0000 189.0000 0000000   0.0000  64.8000 14.92546055    01
SATNET-590-01541 [DTC]
1  1061U 00000A   25274.57329142 .00000000  00000-0 0 000           3
2  1061  50.0000 189.0000 0000000   0.0000  72.0000 14.92546055    03
SATNET-590-01542 [DTC]
1  1062U 00000A   25274.57329142 .00000000  00000-0 0 000           4
2  1062  50.0000 189.0000 0000000   0.0000  79.2000 14.92546055    03
SATNET-590-01543 [DTC]
1  1063U 00000A   25274.57329142 .00000000  00000-0 0 000           5
2  1063  50.0000 189.0000 0000000   0.0000  86.4000 14.92546055    04
SATNET-590-01544 [DTC]
1  1064U 00000A   25274.57329142 .00000000  00000-0 0 000           6
2  1064  50.0000 189.0000 0000000   0.0000  93.6000 14.92546055    05
SATNET-590-01545 [DTC]
1  1065U 00000A   25274.57329142 .00000000  00000-0 0 000           7
2  1065  50.0000 189.0000 0000000   0.0000 100.8000 14.92546055    07
SATNET-590-01546 [DTC]
1  1066U 00000A   25274.57329142 .00000000  00000-0 0 000           8
2  1066  50.0000 189.0000 0000000   0.0000 108.0000 14.92546055    08
SATNET-590-01547 [DTC]
1  1067U 00000A   25274.57329142 .00000000  00000-0 0 000           9
2  1067  50.0000 189.0000 0000000   0.0000 115.2000 14.92546055    09
SATNET-590-01548 [DTC]
1  1068U 00000A   25274.57329142 .00000000  00000-0 0 000           0
2  1068  50.0000 189.0000 0000000   0.0000 122.4000 14.92546055    00
SATNET-590-01549 [DTC]
1  1069U 00000A   25274.57329142 .00000000  00000-0 0 000           1
2  1069  50.0000 189.0000 0000000   0.0000 129.6000 14.92546055    00
SATNET-590-01550 [DTC]
1  1070U 00000A   25274.57329142 .00000000  00000-0 0 000           3
2  1070  50.0000 189.0000 0000000   0.0000 136.8000 14.92546055    02
SATNET-590-01551 [DTC]
1  1071U 00000A   25274.57329142 .00000000  00000-0 0 000           4
2  1071  50.0000 189.0000 0000000   0.0000 144.0000 14.92546055    04
SATNET-590-01552 [DTC]
1  1072U 00000A   25274.57329142 .00000000  00000-0 0 000           5
2  1072  50.0000 189.0000 0000000   0.0000 151.2000 14.92546055    05
SATNET-590-01553 [DTC]
1  1073U 00000A   25274.57329142 .00000000  00000-0 0 000           6
2  1073  50.0000 189.0000 0000000   0.0000 158.4000 14.92546055    05
SATNET-590-01554 [DTC]
1  1074U 00000A   25274.57329142 .00000000  00000-0 0 000           7
2  1074  50.0000 189.0000 0000000   0.0000 165.6000 14.92546055    06
SATNET-590-01555 [DTC]
1  1075U 00000A   25274.57329142 .00000000  00000-0 0 000           8
2  1075  50.0000 189.0000 0000000   0.0000 172.8000 14.92546055    07
SATNET-590-01556 [DTC]
1  1076U 00000A   25274.57329142 .00000000  00000-0 0 000           9
2  1076  50.0000 189.0000 0000000   0.0000 180.0000 14.92546055    09
SATNET-590-01557 [DTC]
1  1077U 00000A   25274.57329142 .00000000  00000-0 0 000           0
2  1077  50.0000 189.0000 0000000   0.0000 187.2000 14.92546055    09
SATNET-590-01558 [DTC]
1  1078U 00000A   25274.57329142 .00000000  00000-0 0 000           1
2  1078  50.0000 189.0000 0000000   0.0000 194.4000 14.92546055    00
SATNET-590-01559 [DTC]
1  1079U 00000A   25274.57329142 .00000000  00000-0 0 000           2
2  1079  50.0000 189.0000 0000000   0.0000 201.6000 14.92546055    02
SATNET-590-01560 [DTC]
1  1080U 00000A   25274.57329142 .00000000  00000-0 0 000           4
2  1080  50.0000 189.0000 0000000   0.0000 208.8000 14.92546055    03
SATNET-590-01561 [DTC]
1  1081U 00000A   25274.57329142 .00000000  00000-0 0 000           5
2  1081  50.0000 189.0000 0000000   0.0000 216.0000 14.92546055    05
SATNET-590-01562 [DTC]
1  1082U 00000A   25274.57329142 .00000000  00000-0 0 000           6
2  1082  50.0000 189.0000 0000000   0.0000 223.2000 14.92546055    06
SATNET-590-01563 [DTC]
1  1083U 00000A   25274.57329142 .00000000  00000-0 0 000           7
2  1083  50.0000 189.0000 0000000   0.0000 230.4000 14.92546055    07
SATNET-590-01564 [DTC]
1  1084U 00000A   25274.57329142 .00000000  00000-0 0 000           8
2  1084  50.0000 189.0000 0000000   0.0000 237.6000 14.92546055    07
SATNET-590-01565 [DTC]
1  1085U 00000A   25274.57329142 .00000000  00000-0 0 000           9
2  1085  50.0000 189.0000 0000000   0.0000 244.8000 14.92546055    08
SATNET-590-01566 [DTC]
1  1086U 00000A   25274.57329142 .00000000  00000-0 0 000           0
2  1086  50.0000 189.0000 0000000   0.0000 252.0000 14.92546055    00
SATNET-590-01567 [DTC]
1  1087U 00000A   25274.57329142 .00000000  00000-0 0 000           1
2  1087  50.0000 189.0000 0000000   0.0000 259.2000 14.92546055    00
SATNET-590-01568 [DTC]
1  1088U 00000A   25274.57329142 .00000000  00000-0 0 000           2
2  1088  50.0000 189.0000 0000000   0.0000 266.4000 14.92546055    01
SATNET-590-01569 [DTC]
1  1089U 00000A   25274.57329142 .00000000  00000-0 0 000           3
2  1089  50.0000 189.0000 0000000   0.0000 273.6000 14.92546055    02
SATNET-590-01570 [DTC]
1  1090U 00000A   25274.57329142 .00000000  00000-0 0 000           5
2  1090  50.0000 189.0000 0000000   0.0000 280.8000 14.92546055    04
SATNET-590-01571 [DTC]
1  1091U 00000A   25274.57329142 .00000000  00000-0 0 000           6
2  1091  50.0000 189.0000 0000000   0.0000 288.0000 14.92546055    05
SATNET-590-01572 [DTC]
1  1092U 00000A   25274.57329142 .00000000  00000-0 0 000           7
2  1092  50.0000 189.0000 0000000   0.0000 295.2000 14.92546055    06
SATNET-590-01573 [DTC]
1  1093U 00000A   25274.57329142 .00000000  00000-0 0 000           8
2  1093  50.0000 189.0000 0000000   0.0000 302.4000 14.92546055    08
SATNET-590-01574 [DTC]
1  1094U 00000A   25274.57329142 .00000000  00000-0 0 000           9
2  1094  50.0000 189.0000 0000000   0.0000 309.6000 14.92546055    08
SATNET-590-01575 [DTC]
1  1095U 00000A   25274.57329142 .00000000  00000-0 0 000           0
2  1095  50.0000 189.0000 0000000   0.0000 316.8000 14.92546055    09
SATNET-590-01576 [DTC]
1  1096U 00000A   25274.57329142 .00000000  00000-0 0 000           1
2  1096  50.0000 189.0000 0000000   0.0000 324.0000 14.92546055    01
SATNET-590-01577 [DTC]
1  1097U 00000A   25274.57329142 .00000000  00000-0 0 000           2
2  1097  50.0000 189.0000 0000000   0.0000 331.2000 14.92546055    02
SATNET-590-01578 [DTC]
1  1098U 00000A   25274.57329142 .00000000  00000-0 0 000           3
2  1098  50.0000 189.0000 0000000   0.0000 338.4000 14.92546055    02
SATNET-590-01579 [DTC]
1  1099U 00000A   25274.57329142 .00000000  00000-0 0 000           4
2  1099  50.0000 189.0000 0000000   0.0000 345.6000 14.92546055    03
SATNET-590-01580 [DTC]
1  1100U 00000A   25274.57329142 .00000000  00000-0 0 000           7
2  1100  50.0000 189.0000 0000000   0.0000 352.8000 14.92546055    06
SATNET-590-01581 [DTC]
1  1101U 00000A   25274.57329142 .00000000  00000-0 0 000           8
2  1101  50.0000 198.0000 0000000   0.0000   0.0000 14.92546055    09
SATNET-590-01582 [DTC]
1  1102U 00000A   25274.57329142 .00000000  00000-0 0 000           9
2  1102  50.0000 198.0000 0000000   0.0000   7.2000 14.92546055    09
SATNET-590-01583 [DTC]
1  1103U 00000A   25274.57329142 .00000000  00000-0 0 000           0
2  1103  50.0000 198.0000 0000000   0.0000  14.4000 14.92546055    00
SATNET-590-01584 [DTC]
1  1104U 00000A   25274.57329142 .00000000  00000-0 0 000           1
2  1104  50.0000 198.0000 0000000   0.0000  21.6000 14.92546055    01
SATNET-590-01585 [DTC]
1  1105U 00000A   25274.57329142 .00000000  00000-0 0 000           2
2  1105  50.0000 198.0000 0000000   0.0000  28.8000 14.92546055    01
SATNET-590-01586 [DTC]
1  1106U 00000A   25274.57329142 .00000000  00000-0 0 000           3
2  1106  50.0000 198.0000 0000000   0.0000  36.0000 14.92546055    03
SATNET-590-01587 [DTC]
1  1107U 00000A   25274.57329142 .00000000  00000-0 0 000           4
2  1107  50.0000 198.0000 0000000   0.0000  43.2000 14.92546055    04
SATNET-590-01588 [DTC]
1  1108U 00000A   25274.57329142 .00000000  00000-0 0 000           5
2  1108  50.0000 198.0000 0000000   0.0000  50.4000 14.92546055    05
SATNET-590-01589 [DTC]
1  1109U 00000A   25274.57329142 .00000000  00000-0 0 000           6
2  1109  50.0000 198.0000 0000000   0.0000  57.6000 14.92546055    05
SATNET-590-01590 [DTC]
1  1110U 00000A   25274.57329142 .00000000  00000-0 0 000           8
2  1110  50.0000 198.0000 0000000   0.0000  64.8000 14.92546055    07
SATNET-590-01591 [DTC]
1  1111U 00000A   25274.57329142 .00000000  00000-0 0 000           9
2  1111  50.0000 198.0000 0000000   0.0000  72.0000 14.92546055    09
SATNET-590-01592 [DTC]
1  1112U 00000A   25274.57329142 .00000000  00000-0 0 000           0
2  1112  50.0000 198.0000 0000000   0.0000  79.2000 14.92546055    09
SATNET-590-01593 [DTC]
1  1113U 00000A   25274.57329142 .00000000  00000-0 0 000           1
2  1113  50.0000 198.0000 0000000   0.0000  86.4000 14.92546055    00
SATNET-590-01594 [DTC]
1  1114U 00000A   25274.57329142 .00000000  00000-0 0 000           2
2  1114  50.0000 198.0000 0000000   0.0000  93.6000 14.92546055    01
SATNET-590-01595 [DTC]
1  1115U 00000A   25274.57329142 .00000000  00000-0 0 000           3
2  1115  50.0000 198.0000 0000000   0.0000 100.8000 14.92546055    03
SATNET-590-01596 [DTC]
1  1116U 00000A   25274.57329142 .00000000  00000-0 0 000           4
2  1116  50.0000 198.0000 0000000   0.0000 108.0000 14.92546055    04
SATNET-590-01597 [DTC]
1  1117U 00000A   25274.57329142 .00000000  00000-0 0 000           5
2  1117  50.0000 198.0000 0000000   0.0000 115.2000 14.92546055    05
SATNET-590-01598 [DTC]
1  1118U 00000A   25274.57329142 .00000000  00000-0 0 000           6
2  1118  50.0000 198.0000 0000000   0.0000 122.4000 14.92546055    06
SATNET-590-01599 [DTC]
1  1119U 00000A   25274.57329142 .00000000  00000-0 0 000           7
2  1119  50.0000 198.0000 0000000   0.0000 129.6000 14.92546055    06
SATNET-590-01600 [DTC]
1  1120U 00000A   25274.57329142 .00000000  00000-0 0 000           9
2  1120  50.0000 198.0000 0000000   0.0000 136.8000 14.92546055    08
SATNET-590-01601 [DTC]
1  1121U 00000A   25274.57329142 .00000000  00000-0 0 000           0
2  1121  50.0000 198.0000 0000000   0.0000 144.0000 14.92546055    00
SATNET-590-01602 [DTC]
1  1122U 00000A   25274.57329142 .00000000  00000-0 0 000           1
2  1122  50.0000 198.0000 0000000   0.0000 151.2000 14.92546055    01
SATNET-590-01603 [DTC]
1  1123U 00000A   25274.57329142 .00000000  00000-0 0 000           2
2  1123  50.0000 198.0000 0000000   0.0000 158.4000 14.92546055    01
SATNET-590-01604 [DTC]
1  1124U 00000A   25274.57329142 .00000000  00000-0 0 000           3
2  1124  50.0000 198.0000 0000000   0.0000 165.6000 14.92546055    02
SATNET-590-01605 [DTC]
1  1125U 00000A   25274.57329142 .00000000  00000-0 0 000           4
2  1125  50.0000 198.0000 0000000   0.0000 172.8000 14.92546055    03
SATNET-590-01606 [DTC]
1  1126U 00000A   25274.57329142 .00000000  00000-0 0 000           5
2  1126  50.0000 198.0000 0000000   0.0000 180.0000 14.92546055    05
SATNET-590-01607 [DTC]
1  1127U 00000A   25274.57329142 .00000000  00000-0 0 000           6
2  1127  50.0000 198.0000 0000000   0.0000 187.2000 14.92546055    05
SATNET-590-01608 [DTC]
1  1128U 00000A   25274.57329142 .00000000  00000-0 0 000           7
2  1128  50.0000 198.0000 0000000   0.0000 194.4000 14.92546055    06
SATNET-590-01609 [DTC]
1  1129U 00000A   25274.57329142 .00000000  00000-0 0 000           8
2  1129  50.0000 198.0000 0000000   0.0000 201.6000 14.92546055    08
SATNET-590-01610 [DTC]
1  1130U 00000A   25274.57329142 .00000000  00000-0 0 000           0
2  1130  50.0000 198.0000 0000000   0.0000 208.8000 14.92546055    09
SATNET-590-01611 [DTC]
1  1131U 00000A   25274.57329142 .00000000  00000-0 0 000           1
2  1131  50.0000 198.0000 0000000   0.0000 216.0000 14.92546055    01
SATNET-590-01612 [DTC]
1  1132U 00000A   25274.57329142 .00000000  00000-0 0 000           2
2  1132  50.0000 198.0000 0000000   0.0000 223.2000 14.92546055    02
SATNET-590-01613 [DTC]
1  1133U 00000A   25274.57329142 .00000000  00000-0 0 000           3
2  1133  50.0000 198.0000 0000000   0.0000 230.4000 14.92546055    03
SATNET-590-01614 [DTC]
1  1134U 00000A   25274.57329142 .00000000  00000-0 0 000           4
2  1134  50.0000 198.0000 0000000   0.0000 237.6000 14.92546055    03
SATNET-590-01615 [DTC]
1  1135U 00000A   25274.57329142 .00000000  00000-0 0 000           5
2  1135  50.0000 198.0000 0000000   0.0000 244.8000 14.92546055    04
SATNET-590-01616 [DTC]
1  1136U 00000A   25274.57329142 .00000000  00000-0 0 000           6
2  1136  50.0000 198.0000 0000000   0.0000 252.0000 14.92546055    06
SATNET-590-01617 [DTC]
1  1137U 00000A   25274.57329142 .00000000  00000-0 0 000           7
2  1137  50.0000 198.0000 0000000   0.0000 259.2000 14.92546055    06
SATNET-590-01618 [DTC]
1  1138U 00000A   25274.57329142 .00000000  00000-0 0 000           8
2  1138  50.0000 198.0000 0000000   0.0000 266.4000 14.92546055    07
SATNET-590-01619 [DTC]
1  1139U 00000A   25274.57329142 .00000000  00000-0 0 000           9
2  1139  50.0000 198.0000 0000000   0.0000 273.6000 14.92546055    08
SATNET-590-01620 [DTC]
1  1140U 00000A   25274.57329142 .00000000  00000-0 0 000           1
2  1140  50.0000 198.0000 0000000   0.0000 280.8000 14.92546055    00
SATNET-590-01621 [DTC]
1  1141U 00000A   25274.57329142 .00000000  00000-0 0 000           2
2  1141  50.0000 198.0000 0000000   0.0000 288.0000 14.92546055    01
SATNET-590-01622 [DTC]
1  1142U 00000A   25274.57329142 .00000000  00000-0 0 000           3
2  1142  50.0000 198.0000 0000000   0.0000 295.2000 14.92546055    02
SATNET-590-01623 [DTC]
1  1143U 00000A   25274.57329142 .00000000  00000-0 0 000           4
2  1143  50.0000 198.0000 0000000   0.0000 302.4000 14.92546055    04
SATNET-590-01624 [DTC]
1  1144U 00000A   25274.57329142 .00000000  00000-0 0 000           5
2  1144  50.0000 198.0000 0000000   0.0000 309.6000 14.92546055    04
SATNET-590-01625 [DTC]
1  1145U 00000A   25274.57329142 .00000000  00000-0 0 000           6
2  1145  50.0000 198.0000 0000000   0.0000 316.8000 14.92546055    05
SATNET-590-01626 [DTC]
1  1146U 00000A   25274.57329142 .00000000  00000-0 0 000           7
2  1146  50.0000 198.0000 0000000   0.0000 324.0000 14.92546055    07
SATNET-590-01627 [DTC]
1  1147U 00000A   25274.57329142 .00000000  00000-0 0 000           8
2  1147  50.0000 198.0000 0000000   0.0000 331.2000 14.92546055    08
SATNET-590-01628 [DTC]
1  1148U 00000A   25274.57329142 .00000000  00000-0 0 000           9
2  1148  50.0000 198.0000 0000000   0.0000 338.4000 14.92546055    08
SATNET-590-01629 [DTC]
1  1149U 00000A   25274.57329142 .00000000  00000-0 0 000           0
2  1149  50.0000 198.0000 0000000   0.0000 345.6000 14.92546055    09
SATNET-590-01630 [DTC]
1  1150U 00000A   25274.57329142 .00000000  00000-0 0 000           2
2  1150  50.0000 198.0000 0000000   0.0000 352.8000 14.92546055    01
SATNET-590-01631 [DTC]
1  1151U 00000A   25274.57329142 .00000000  00000-0 0 000           3
2  1151  50.0000 207.0000 0000000   0.0000   0.0000 14.92546055    05
SATNET-590-01632 [DTC]
1  1152U 00000A   25274.57329142 .00000000  00000-0 0 000           4
2  1152  50.0000 207.0000 0000000   0.0000   7.2000 14.92546055    05
SATNET-590-01633 [DTC]
1  1153U 00000A   25274.57329142 .00000000  00000-0 0 000           5
2  1153  50.0000 207.0000 0000000   0.0000  14.4000 14.92546055    06
SATNET-590-01634 [DTC]
1  1154U 00000A   25274.57329142 .00000000  00000-0 0 000           6
2  1154  50.0000 207.0000 0000000   0.0000  21.6000 14.92546055    07
SATNET-590-01635 [DTC]
1  1155U 00000A   25274.57329142 .00000000  00000-0 0 000           7
2  1155  50.0000 207.0000 0000000   0.0000  28.8000 14.92546055    07
SATNET-590-01636 [DTC]
1  1156U 00000A   25274.57329142 .00000000  00000-0 0 000           8
2  1156  50.0000 207.0000 0000000   0.0000  36.0000 14.92546055    09
SATNET-590-01637 [DTC]
1  1157U 00000A   25274.57329142 .00000000  00000-0 0 000           9
2  1157  50.0000 207.0000 0000000   0.0000  43.2000 14.92546055    00
SATNET-590-01638 [DTC]
1  1158U 00000A   25274.57329142 .00000000  00000-0 0 000           0
2  1158  50.0000 207.0000 0000000   0.0000  50.4000 14.92546055    01
SATNET-590-01639 [DTC]
1  1159U 00000A   25274.57329142 .00000000  00000-0 0 000           1
2  1159  50.0000 207.0000 0000000   0.0000  57.6000 14.92546055    01
SATNET-590-01640 [DTC]
1  1160U 00000A   25274.57329142 .00000000  00000-0 0 000           3
2  1160  50.0000 207.0000 0000000   0.0000  64.8000 14.92546055    03
SATNET-590-01641 [DTC]
1  1161U 00000A   25274.57329142 .00000000  00000-0 0 000           4
2  1161  50.0000 207.0000 0000000   0.0000  72.0000 14.92546055    05
SATNET-590-01642 [DTC]
1  1162U 00000A   25274.57329142 .00000000  00000-0 0 000           5
2  1162  50.0000 207.0000 0000000   0.0000  79.2000 14.92546055    05
SATNET-590-01643 [DTC]
1  1163U 00000A   25274.57329142 .00000000  00000-0 0 000           6
2  1163  50.0000 207.0000 0000000   0.0000  86.4000 14.92546055    06
SATNET-590-01644 [DTC]
1  1164U 00000A   25274.57329142 .00000000  00000-0 0 000           7
2  1164  50.0000 207.0000 0000000   0.0000  93.6000 14.92546055    07
SATNET-590-01645 [DTC]
1  1165U 00000A   25274.57329142 .00000000  00000-0 0 000           8
2  1165  50.0000 207.0000 0000000   0.0000 100.8000 14.92546055    09
SATNET-590-01646 [DTC]
1  1166U 00000A   25274.57329142 .00000000  00000-0 0 000           9
2  1166  50.0000 207.0000 0000000   0.0000 108.0000 14.92546055    00
SATNET-590-01647 [DTC]
1  1167U 00000A   25274.57329142 .00000000  00000-0 0 000           0
2  1167  50.0000 207.0000 0000000   0.0000 115.2000 14.92546055    01
SATNET-590-01648 [DTC]
1  1168U 00000A   25274.57329142 .00000000  00000-0 0 000           1
2  1168  50.0000 207.0000 0000000   0.0000 122.4000 14.92546055    02
SATNET-590-01649 [DTC]
1  1169U 00000A   25274.57329142 .00000000  00000-0 0 000           2
2  1169  50.0000 207.0000 0000000   0.0000 129.6000 14.92546055    02
SATNET-590-01650 [DTC]
1  1170U 00000A   25274.57329142 .00000000  00000-0 0 000           4
2  1170  50.0000 207.0000 0000000   0.0000 136.8000 14.92546055    04
SATNET-590-01651 [DTC]
1  1171U 00000A   25274.57329142 .00000000  00000-0 0 000           5
2  1171  50.0000 207.0000 0000000   0.0000 144.0000 14.92546055    06
SATNET-590-01652 [DTC]
1  1172U 00000A   25274.57329142 .00000000  00000-0 0 000           6
2  1172  50.0000 207.0000 0000000   0.0000 151.2000 14.92546055    07
SATNET-590-01653 [DTC]
1  1173U 00000A   25274.57329142 .00000000  00000-0 0 000           7
2  1173  50.0000 207.0000 0000000   0.0000 158.4000 14.92546055    07
SATNET-590-01654 [DTC]
1  1174U 00000A   25274.57329142 .00000000  00000-0 0 000           8
2  1174  50.0000 207.0000 0000000   0.0000 165.6000 14.92546055    08
SATNET-590-01655 [DTC]
1  1175U 00000A   25274.57329142 .00000000  00000-0 0 000           9
2  1175  50.0000 207.0000 0000000   0.0000 172.8000 14.92546055    09
SATNET-590-01656 [DTC]
1  1176U 00000A   25274.57329142 .00000000  00000-0 0 000           0
2  1176  50.0000 207.0000 0000000   0.0000 180.0000 14.92546055    01
SATNET-590-01657 [DTC]
1  1177U 00000A   25274.57329142 .00000000  00000-0 0 000           1
2  1177  50.0000 207.0000 0000000   0.0000 187.2000 14.92546055    01
SATNET-590-01658 [DTC]
1  1178U 00000A   25274.57329142 .00000000  00000-0 0 000           2
2  1178  50.0000 207.0000 0000000   0.0000 194.4000 14.92546055    02
SATNET-590-01659 [DTC]
1  1179U 00000A   25274.57329142 .00000000  00000-0 0 000           3
2  1179  50.0000 207.0000 0000000   0.0000 201.6000 14.92546055    04
SATNET-590-01660 [DTC]
1  1180U 00000A   25274.57329142 .00000000  00000-0 0 000           5
2  1180  50.0000 207.0000 0000000   0.0000 208.8000 14.92546055    05
SATNET-590-01661 [DTC]
1  1181U 00000A   25274.57329142 .00000000  00000-0 0 000           6
2  1181  50.0000 207.0000 0000000   0.0000 216.0000 14.92546055    07
SATNET-590-01662 [DTC]
1  1182U 00000A   25274.57329142 .00000000  00000-0 0 000           7
2  1182  50.0000 207.0000 0000000   0.0000 223.2000 14.92546055    08
SATNET-590-01663 [DTC]
1  1183U 00000A   25274.57329142 .00000000  00000-0 0 000           8
2  1183  50.0000 207.0000 0000000   0.0000 230.4000 14.92546055    09
SATNET-590-01664 [DTC]
1  1184U 00000A   25274.57329142 .00000000  00000-0 0 000           9
2  1184  50.0000 207.0000 0000000   0.0000 237.6000 14.92546055    09
SATNET-590-01665 [DTC]
1  1185U 00000A   25274.57329142 .00000000  00000-0 0 000           0
2  1185  50.0000 207.0000 0000000   0.0000 244.8000 14.92546055    00
SATNET-590-01666 [DTC]
1  1186U 00000A   25274.57329142 .00000000  00000-0 0 000           1
2  1186  50.0000 207.0000 0000000   0.0000 252.0000 14.92546055    02
SATNET-590-01667 [DTC]
1  1187U 00000A   25274.57329142 .00000000  00000-0 0 000           2
2  1187  50.0000 207.0000 0000000   0.0000 259.2000 14.92546055    02
SATNET-590-01668 [DTC]
1  1188U 00000A   25274.57329142 .00000000  00000-0 0 000           3
2  1188  50.0000 207.0000 0000000   0.0000 266.4000 14.92546055    03
SATNET-590-01669 [DTC]
1  1189U 00000A   25274.57329142 .00000000  00000-0 0 000           4
2  1189  50.0000 207.0000 0000000   0.0000 273.6000 14.92546055    04
SATNET-590-01670 [DTC]
1  1190U 00000A   25274.57329142 .00000000  00000-0 0 000           6
2  1190  50.0000 207.0000 0000000   0.0000 280.8000 14.92546055    06
SATNET-590-01671 [DTC]
1  1191U 00000A   25274.57329142 .00000000  00000-0 0 000           7
2  1191  50.0000 207.0000 0000000   0.0000 288.0000 14.92546055    07
SATNET-590-01672 [DTC]
1  1192U 00000A   25274.57329142 .00000000  00000-0 0 000           8
2  1192  50.0000 207.0000 0000000   0.0000 295.2000 14.92546055    08
SATNET-590-01673 [DTC]
1  1193U 00000A   25274.57329142 .00000000  00000-0 0 000           9
2  1193  50.0000 207.0000 0000000   0.0000 302.4000 14.92546055    00
SATNET-590-01674 [DTC]
1  1194U 00000A   25274.57329142 .00000000  00000-0 0 000           0
2  1194  50.0000 207.0000 0000000   0.0000 309.6000 14.92546055    00
SATNET-590-01675 [DTC]
1  1195U 00000A   25274.57329142 .00000000  00000-0 0 000           1
2  1195  50.0000 207.0000 0000000   0.0000 316.8000 14.92546055    01
SATNET-590-01676 [DTC]
1  1196U 00000A   25274.57329142 .00000000  00000-0 0 000           2
2  1196  50.0000 207.0000 0000000   0.0000 324.0000 14.92546055    03
SATNET-590-01677 [DTC]
1  1197U 00000A   25274.57329142 .00000000  00000-0 0 000           3
2  1197  50.0000 207.0000 0000000   0.0000 331.2000 14.92546055    04
SATNET-590-01678 [DTC]
1  1198U 00000A   25274.57329142 .00000000  00000-0 0 000           4
2  1198  50.0000 207.0000 0000000   0.0000 338.4000 14.92546055    04
SATNET-590-01679 [DTC]
1  1199U 00000A   25274.57329142 .00000000  00000-0 0 000           5
2  1199  50.0000 207.0000 0000000   0.0000 345.6000 14.92546055    05
SATNET-590-01680 [DTC]
1  1200U 00000A   25274.57329142 .00000000  00000-0 0 000           8
2  1200  50.0000 207.0000 0000000   0.0000 352.8000 14.92546055    08
SATNET-590-01681 [DTC]
1  1201U 00000A   25274.57329142 .00000000  00000-0 0 000           9
2  1201  50.0000 216.0000 0000000   0.0000   0.0000 14.92546055    01
SATNET-590-01682 [DTC]
1  1202U 00000A   25274.57329142 .00000000  00000-0 0 000           0
2  1202  50.0000 216.0000 0000000   0.0000   7.2000 14.92546055    01
SATNET-590-01683 [DTC]
1  1203U 00000A   25274.57329142 .00000000  00000-0 0 000           1
2  1203  50.0000 216.0000 0000000   0.0000  14.4000 14.92546055    02
SATNET-590-01684 [DTC]
1  1204U 00000A   25274.57329142 .00000000  00000-0 0 000           2
2  1204  50.0000 216.0000 0000000   0.0000  21.6000 14.92546055    03
SATNET-590-01685 [DTC]
1  1205U 00000A   25274.57329142 .00000000  00000-0 0 000           3
2  1205  50.0000 216.0000 0000000   0.0000  28.8000 14.92546055    03
SATNET-590-01686 [DTC]
1  1206U 00000A   25274.57329142 .00000000  00000-0 0 000           4
2  1206  50.0000 216.0000 0000000   0.0000  36.0000 14.92546055    05
SATNET-590-01687 [DTC]
1  1207U 00000A   25274.57329142 .00000000  00000-0 0 000           5
2  1207  50.0000 216.0000 0000000   0.0000  43.2000 14.92546055    06
SATNET-590-01688 [DTC]
1  1208U 00000A   25274.57329142 .00000000  00000-0 0 000           6
2  1208  50.0000 216.0000 0000000   0.0000  50.4000 14.92546055    07
SATNET-590-01689 [DTC]
1  1209U 00000A   25274.57329142 .00000000  00000-0 0 000           7
2  1209  50.0000 216.0000 0000000   0.0000  57.6000 14.92546055    07
SATNET-590-01690 [DTC]
1  1210U 00000A   25274.57329142 .00000000  00000-0 0 000           9
2  1210  50.0000 216.0000 0000000   0.0000  64.8000 14.92546055    09
SATNET-590-01691 [DTC]
1  1211U 00000A   25274.57329142 .00000000  00000-0 0 000           0
2  1211  50.0000 216.0000 0000000   0.0000  72.0000 14.92546055    01
SATNET-590-01692 [DTC]
1  1212U 00000A   25274.57329142 .00000000  00000-0 0 000           1
2  1212  50.0000 216.0000 0000000   0.0000  79.2000 14.92546055    01
SATNET-590-01693 [DTC]
1  1213U 00000A   25274.57329142 .00000000  00000-0 0 000           2
2  1213  50.0000 216.0000 0000000   0.0000  86.4000 14.92546055    02
SATNET-590-01694 [DTC]
1  1214U 00000A   25274.57329142 .00000000  00000-0 0 000           3
2  1214  50.0000 216.0000 0000000   0.0000  93.6000 14.92546055    03
SATNET-590-01695 [DTC]
1  1215U 00000A   25274.57329142 .00000000  00000-0 0 000           4
2  1215  50.0000 216.0000 0000000   0.0000 100.8000 14.92546055    05
SATNET-590-01696 [DTC]
1  1216U 00000A   25274.57329142 .00000000  00000-0 0 000           5
2  1216  50.0000 216.0000 0000000   0.0000 108.0000 14.92546055    06
SATNET-590-01697 [DTC]
1  1217U 00000A   25274.57329142 .00000000  00000-0 0 000           6
2  1217  50.0000 216.0000 0000000   0.0000 115.2000 14.92546055    07
SATNET-590-01698 [DTC]
1  1218U 00000A   25274.57329142 .00000000  00000-0 0 000           7
2  1218  50.0000 216.0000 0000000   0.0000 122.4000 14.92546055    08
SATNET-590-01699 [DTC]
1  1219U 00000A   25274.57329142 .00000000  00000-0 0 000           8
2  1219  50.0000 216.0000 0000000   0.0000 129.6000 14.92546055    08
SATNET-590-01700 [DTC]
1  1220U 00000A   25274.57329142 .00000000  00000-0 0 000           0
2  1220  50.0000 216.0000 0000000   0.0000 136.8000 14.92546055    00
SATNET-590-01701 [DTC]
1  1221U 00000A   25274.57329142 .00000000  00000-0 0 000           1
2  1221  50.0000 216.0000 0000000   0.0000 144.0000 14.92546055    02
SATNET-590-01702 [DTC]
1  1222U 00000A   25274.57329142 .00000000  00000-0 0 000           2
2  1222  50.0000 216.0000 0000000   0.0000 151.2000 14.92546055    03
SATNET-590-01703 [DTC]
1  1223U 00000A   25274.57329142 .00000000  00000-0 0 000           3
2  1223  50.0000 216.0000 0000000   0.0000 158.4000 14.92546055    03
SATNET-590-01704 [DTC]
1  1224U 00000A   25274.57329142 .00000000  00000-0 0 000           4
2  1224  50.0000 216.0000 0000000   0.0000 165.6000 14.92546055    04
SATNET-590-01705 [DTC]
1  1225U 00000A   25274.57329142 .00000000  00000-0 0 000           5
2  1225  50.0000 216.0000 0000000   0.0000 172.8000 14.92546055    05
SATNET-590-01706 [DTC]
1  1226U 00000A   25274.57329142 .00000000  00000-0 0 000           6
2  1226  50.0000 216.0000 0000000   0.0000 180.0000 14.92546055    07
SATNET-590-01707 [DTC]
1  1227U 00000A   25274.57329142 .00000000  00000-0 0 000           7
2  1227  50.0000 216.0000 0000000   0.0000 187.2000 14.92546055    07
SATNET-590-01708 [DTC]
1  1228U 00000A   25274.57329142 .00000000  00000-0 0 000           8
2  1228  50.0000 216.0000 0000000   0.0000 194.4000 14.92546055    08
SATNET-590-01709 [DTC]
1  1229U 00000A   25274.57329142 .00000000  00000-0 0 000           9
2  1229  50.0000 216.0000 0000000   0.0000 201.6000 14.92546055    00
SATNET-590-01710 [DTC]
1  1230U 00000A   25274.57329142 .00000000  00000-0 0 000           1
2  1230  50.0000 216.0000 0000000   0.0000 208.8000 14.92546055    01
SATNET-590-01711 [DTC]
1  1231U 00000A   25274.57329142 .00000000  00000-0 0 000           2
2  1231  50.0000 216.0000 0000000   0.0000 216.0000 14.92546055    03
SATNET-590-01712 [DTC]
1  1232U 00000A   25274.57329142 .00000000  00000-0 0 000           3
2  1232  50.0000 216.0000 0000000   0.0000 223.2000 14.92546055    04
SATNET-590-01713 [DTC]
1  1233U 00000A   25274.57329142 .00000000  00000-0 0 000           4
2  1233  50.0000 216.0000 0000000   0.0000 230.4000 14.92546055    05
SATNET-590-01714 [DTC]
1  1234U 00000A   25274.57329142 .00000000  00000-0 0 000           5
2  1234  50.0000 216.0000 0000000   0.0000 237.6000 14.92546055    05
SATNET-590-01715 [DTC]
1  1235U 00000A   25274.57329142 .00000000  00000-0 0 000           6
2  1235  50.0000 216.0000 0000000   0.0000 244.8000 14.92546055    06
SATNET-590-01716 [DTC]
1  1236U 00000A   25274.57329142 .00000000  00000-0 0 000           7
2  1236  50.0000 216.0000 0000000   0.0000 252.0000 14.92546055    08
SATNET-590-01717 [DTC]
1  1237U 00000A   25274.57329142 .00000000  00000-0 0 000           8
2  1237  50.0000 216.0000 0000000   0.0000 259.2000 14.92546055    08
SATNET-590-01718 [DTC]
1  1238U 00000A   25274.57329142 .00000000  00000-0 0 000           9
2  1238  50.0000 216.0000 0000000   0.0000 266.4000 14.92546055    09
SATNET-590-01719 [DTC]
1  1239U 00000A   25274.57329142 .00000000  00000-0 0 000           0
2  1239  50.0000 216.0000 0000000   0.0000 273.6000 14.92546055    00
SATNET-590-01720 [DTC]
1  1240U 00000A   25274.57329142 .00000000  00000-0 0 000           2
2  1240  50.0000 216.0000 0000000   0.0000 280.8000 14.92546055    02
SATNET-590-01721 [DTC]
1  1241U 00000A   25274.57329142 .00000000  00000-0 0 000           3
2  1241  50.0000 216.0000 0000000   0.0000 288.0000 14.92546055    03
SATNET-590-01722 [DTC]
1  1242U 00000A   25274.57329142 .00000000  00000-0 0 000           4
2  1242  50.0000 216.0000 0000000   0.0000 295.2000 14.92546055    04
SATNET-590-01723 [DTC]
1  1243U 00000A   25274.57329142 .00000000  00000-0 0 000           5
2  1243  50.0000 216.0000 0000000   0.0000 302.4000 14.92546055    06
SATNET-590-01724 [DTC]
1  1244U 00000A   25274.57329142 .00000000  00000-0 0 000           6
2  1244  50.0000 216.0000 0000000   0.0000 309.6000 14.92546055    06
SATNET-590-01725 [DTC]
1  1245U 00000A   25274.57329142 .00000000  00000-0 0 000           7
2  1245  50.0000 216.0000 0000000   0.0000 316.8000 14.92546055    07
SATNET-590-01726 [DTC]
1  1246U 00000A   25274.57329142 .00000000  00000-0 0 000           8
2  1246  50.0000 216.0000 0000000   0.0000 324.0000 14.92546055    09
SATNET-590-01727 [DTC]
1  1247U 00000A   25274.57329142 .00000000  00000-0 0 000           9
2  1247  50.0000 216.0000 0000000   0.0000 331.2000 14.92546055    00
SATNET-590-01728 [DTC]
1  1248U 00000A   25274.57329142 .00000000  00000-0 0 000           0
2  1248  50.0000 216.0000 0000000   0.0000 338.4000 14.92546055    00
SATNET-590-01729 [DTC]
1  1249U 00000A   25274.57329142 .00000000  00000-0 0 000           1
2  1249  50.0000 216.0000 0000000   0.0000 345.6000 14.92546055    01
SATNET-590-01730 [DTC]
1  1250U 00000A   25274.57329142 .00000000  00000-0 0 000           3
2  1250  50.0000 216.0000 0000000   0.0000 352.8000 14.92546055    03
SATNET-590-01731 [DTC]
1  1251U 00000A   25274.57329142 .00000000  00000-0 0 000           4
2  1251  50.0000 225.0000 0000000   0.0000   0.0000 14.92546055    06
SATNET-590-01732 [DTC]
1  1252U 00000A   25274.57329142 .00000000  00000-0 0 000           5
2  1252  50.0000 225.0000 0000000   0.0000   7.2000 14.92546055    06
SATNET-590-01733 [DTC]
1  1253U 00000A   25274.57329142 .00000000  00000-0 0 000           6
2  1253  50.0000 225.0000 0000000   0.0000  14.4000 14.92546055    07
SATNET-590-01734 [DTC]
1  1254U 00000A   25274.57329142 .00000000  00000-0 0 000           7
2  1254  50.0000 225.0000 0000000   0.0000  21.6000 14.92546055    08
SATNET-590-01735 [DTC]
1  1255U 00000A   25274.57329142 .00000000  00000-0 0 000           8
2  1255  50.0000 225.0000 0000000   0.0000  28.8000 14.92546055    08
SATNET-590-01736 [DTC]
1  1256U 00000A   25274.57329142 .00000000  00000-0 0 000           9
2  1256  50.0000 225.0000 0000000   0.0000  36.0000 14.92546055    00
SATNET-590-01737 [DTC]
1  1257U 00000A   25274.57329142 .00000000  00000-0 0 000           0
2  1257  50.0000 225.0000 0000000   0.0000  43.2000 14.92546055    01
SATNET-590-01738 [DTC]
1  1258U 00000A   25274.57329142 .00000000  00000-0 0 000           1
2  1258  50.0000 225.0000 0000000   0.0000  50.4000 14.92546055    02
SATNET-590-01739 [DTC]
1  1259U 00000A   25274.57329142 .00000000  00000-0 0 000           2
2  1259  50.0000 225.0000 0000000   0.0000  57.6000 14.92546055    02
SATNET-590-01740 [DTC]
1  1260U 00000A   25274.57329142 .00000000  00000-0 0 000           4
2  1260  50.0000 225.0000 0000000   0.0000  64.8000 14.92546055    04
SATNET-590-01741 [DTC]
1  1261U 00000A   25274.57329142 .00000000  00000-0 0 000           5
2  1261  50.0000 225.0000 0000000   0.0000  72.0000 14.92546055    06
SATNET-590-01742 [DTC]
1  1262U 00000A   25274.57329142 .00000000  00000-0 0 000           6
2  1262  50.0000 225.0000 0000000   0.0000  79.2000 14.92546055    06
SATNET-590-01743 [DTC]
1  1263U 00000A   25274.57329142 .00000000  00000-0 0 000           7
2  1263  50.0000 225.0000 0000000   0.0000  86.4000 14.92546055    07
SATNET-590-01744 [DTC]
1  1264U 00000A   25274.57329142 .00000000  00000-0 0 000           8
2  1264  50.0000 225.0000 0000000   0.0000  93.6000 14.92546055    08
SATNET-590-01745 [DTC]
1  1265U 00000A   25274.57329142 .00000000  00000-0 0 000           9
2  1265  50.0000 225.0000 0000000   0.0000 100.8000 14.92546055    00
SATNET-590-01746 [DTC]
1  1266U 00000A   25274.57329142 .00000000  00000-0 0 000           0
2  1266  50.0000 225.0000 0000000   0.0000 108.0000 14.92546055    01
SATNET-590-01747 [DTC]
1  1267U 00000A   25274.57329142 .00000000  00000-0 0 000           1
2  1267  50.0000 225.0000 0000000   0.0000 115.2000 14.92546055    02
SATNET-590-01748 [DTC]
1  1268U 00000A   25274.57329142 .00000000  00000-0 0 000           2
2  1268  50.0000 225.0000 0000000   0.0000 122.4000 14.92546055    03
SATNET-590-01749 [DTC]
1  1269U 00000A   25274.57329142 .00000000  00000-0 0 000           3
2  1269  50.0000 225.0000 0000000   0.0000 129.6000 14.92546055    03
SATNET-590-01750 [DTC]
1  1270U 00000A   25274.57329142 .00000000  00000-0 0 000           5
2  1270  50.0000 225.0000 0000000   0.0000 136.8000 14.92546055    05
SATNET-590-01751 [DTC]
1  1271U 00000A   25274.57329142 .00000000  00000-0 0 000           6
2  1271  50.0000 225.0000 0000000   0.0000 144.0000 14.92546055    07
SATNET-590-01752 [DTC]
1  1272U 00000A   25274.57329142 .00000000  00000-0 0 000           7
2  1272  50.0000 225.0000 0000000   0.0000 151.2000 14.92546055    08
SATNET-590-01753 [DTC]
1  1273U 00000A   25274.57329142 .00000000  00000-0 0 000           8
2  1273  50.0000 225.0000 0000000   0.0000 158.4000 14.92546055    08
SATNET-590-01754 [DTC]
1  1274U 00000A   25274.57329142 .00000000  00000-0 0 000           9
2  1274  50.0000 225.0000 0000000   0.0000 165.6000 14.92546055    09
SATNET-590-01755 [DTC]
1  1275U 00000A   25274.57329142 .00000000  00000-0 0 000           0
2  1275  50.0000 225.0000 0000000   0.0000 172.8000 14.92546055    00
SATNET-590-01756 [DTC]
1  1276U 00000A   25274.57329142 .00000000  00000-0 0 000           1
2  1276  50.0000 225.0000 0000000   0.0000 180.0000 14.92546055    02
SATNET-590-01757 [DTC]
1  1277U 00000A   25274.57329142 .00000000  00000-0 0 000           2
2  1277  50.0000 225.0000 0000000   0.0000 187.2000 14.92546055    02
SATNET-590-01758 [DTC]
1  1278U 00000A   25274.57329142 .00000000  00000-0 0 000           3
2  1278  50.0000 225.0000 0000000   0.0000 194.4000 14.92546055    03
SATNET-590-01759 [DTC]
1  1279U 00000A   25274.57329142 .00000000  00000-0 0 000           4
2  1279  50.0000 225.0000 0000000   0.0000 201.6000 14.92546055    05
SATNET-590-01760 [DTC]
1  1280U 00000A   25274.57329142 .00000000  00000-0 0 000           6
2  1280  50.0000 225.0000 0000000   0.0000 208.8000 14.92546055    06
SATNET-590-01761 [DTC]
1  1281U 00000A   25274.57329142 .00000000  00000-0 0 000           7
2  1281  50.0000 225.0000 0000000   0.0000 216.0000 14.92546055    08
SATNET-590-01762 [DTC]
1  1282U 00000A   25274.57329142 .00000000  00000-0 0 000           8
2  1282  50.0000 225.0000 0000000   0.0000 223.2000 14.92546055    09
SATNET-590-01763 [DTC]
1  1283U 00000A   25274.57329142 .00000000  00000-0 0 000           9
2  1283  50.0000 225.0000 0000000   0.0000 230.4000 14.92546055    00
SATNET-590-01764 [DTC]
1  1284U 00000A   25274.57329142 .00000000  00000-0 0 000           0
2  1284  50.0000 225.0000 0000000   0.0000 237.6000 14.92546055    00
SATNET-590-01765 [DTC]
1  1285U 00000A   25274.57329142 .00000000  00000-0 0 000           1
2  1285  50.0000 225.0000 0000000   0.0000 244.8000 14.92546055    01
SATNET-590-01766 [DTC]
1  1286U 00000A   25274.57329142 .00000000  00000-0 0 000           2
2  1286  50.0000 225.0000 0000000   0.0000 252.0000 14.92546055    03
SATNET-590-01767 [DTC]
1  1287U 00000A   25274.57329142 .00000000  00000-0 0 000           3
2  1287  50.0000 225.0000 0000000   0.0000 259.2000 14.92546055    03
SATNET-590-01768 [DTC]
1  1288U 00000A   25274.57329142 .00000000  00000-0 0 000           4
2  1288  50.0000 225.0000 0000000   0.0000 266.4000 14.92546055    04
SATNET-590-01769 [DTC]
1  1289U 00000A   25274.57329142 .00000000  00000-0 0 000           5
2  1289  50.0000 225.0000 0000000   0.0000 273.6000 14.92546055    05
SATNET-590-01770 [DTC]
1  1290U 00000A   25274.57329142 .00000000  00000-0 0 000           7
2  1290  50.0000 225.0000 0000000   0.0000 280.8000 14.92546055    07
SATNET-590-01771 [DTC]
1  1291U 00000A   25274.57329142 .00000000  00000-0 0 000           8
2  1291  50.0000 225.0000 0000000   0.0000 288.0000 14.92546055    08
SATNET-590-01772 [DTC]
1  1292U 00000A   25274.57329142 .00000000  00000-0 0 000           9
2  1292  50.0000 225.0000 0000000   0.0000 295.2000 14.92546055    09
SATNET-590-01773 [DTC]
1  1293U 00000A   25274.57329142 .00000000  00000-0 0 000           0
2  1293  50.0000 225.0000 0000000   0.0000 302.4000 14.92546055    01
SATNET-590-01774 [DTC]
1  1294U 00000A   25274.57329142 .00000000  00000-0 0 000           1
2  1294  50.0000 225.0000 0000000   0.0000 309.6000 14.92546055    01
SATNET-590-01775 [DTC]
1  1295U 00000A   25274.57329142 .00000000  00000-0 0 000           2
2  1295  50.0000 225.0000 0000000   0.0000 316.8000 14.92546055    02
SATNET-590-01776 [DTC]
1  1296U 00000A   25274.57329142 .00000000  00000-0 0 000           3
2  1296  50.0000 225.0000 0000000   0.0000 324.0000 14.92546055    04
SATNET-590-01777 [DTC]
1  1297U 00000A   25274.57329142 .00000000  00000-0 0 000           4
2  1297  50.0000 225.0000 0000000   0.0000 331.2000 14.92546055    05
SATNET-590-01778 [DTC]
1  1298U 00000A   25274.57329142 .00000000  00000-0 0 000           5
2  1298  50.0000 225.0000 0000000   0.0000 338.4000 14.92546055    05
SATNET-590-01779 [DTC]
1  1299U 00000A   25274.57329142 .00000000  00000-0 0 000           6
2  1299  50.0000 225.0000 0000000   0.0000 345.6000 14.92546055    06
SATNET-590-01780 [DTC]
1  1300U 00000A   25274.57329142 .00000000  00000-0 0 000           9
2  1300  50.0000 225.0000 0000000   0.0000 352.8000 14.92546055    09
SATNET-590-01781 [DTC]
1  1301U 00000A   25274.57329142 .00000000  00000-0 0 000           0
2  1301  50.0000 234.0000 0000000   0.0000   0.0000 14.92546055    02
SATNET-590-01782 [DTC]
1  1302U 00000A   25274.57329142 .00000000  00000-0 0 000           1
2  1302  50.0000 234.0000 0000000   0.0000   7.2000 14.92546055    02
SATNET-590-01783 [DTC]
1  1303U 00000A   25274.57329142 .00000000  00000-0 0 000           2
2  1303  50.0000 234.0000 0000000   0.0000  14.4000 14.92546055    03
SATNET-590-01784 [DTC]
1  1304U 00000A   25274.57329142 .00000000  00000-0 0 000           3
2  1304  50.0000 234.0000 0000000   0.0000  21.6000 14.92546055    04
SATNET-590-01785 [DTC]
1  1305U 00000A   25274.57329142 .00000000  00000-0 0 000           4
2  1305  50.0000 234.0000 0000000   0.0000  28.8000 14.92546055    04
SATNET-590-01786 [DTC]
1  1306U 00000A   25274.57329142 .00000000  00000-0 0 000           5
2  1306  50.0000 234.0000 0000000   0.0000  36.0000 14.92546055    06
SATNET-590-01787 [DTC]
1  1307U 00000A   25274.57329142 .00000000  00000-0 0 000           6
2  1307  50.0000 234.0000 0000000   0.0000  43.2000 14.92546055    07
SATNET-590-01788 [DTC]
1  1308U 00000A   25274.57329142 .00000000  00000-0 0 000           7
2  1308  50.0000 234.0000 0000000   0.0000  50.4000 14.92546055    08
SATNET-590-01789 [DTC]
1  1309U 00000A   25274.57329142 .00000000  00000-0 0 000           8
2  1309  50.0000 234.0000 0000000   0.0000  57.6000 14.92546055    08
SATNET-590-01790 [DTC]
1  1310U 00000A   25274.57329142 .00000000  00000-0 0 000           0
2  1310  50.0000 234.0000 0000000   0.0000  64.8000 14.92546055    00
SATNET-590-01791 [DTC]
1  1311U 00000A   25274.57329142 .00000000  00000-0 0 000           1
2  1311  50.0000 234.0000 0000000   0.0000  72.0000 14.92546055    02
SATNET-590-01792 [DTC]
1  1312U 00000A   25274.57329142 .00000000  00000-0 0 000           2
2  1312  50.0000 234.0000 0000000   0.0000  79.2000 14.92546055    02
SATNET-590-01793 [DTC]
1  1313U 00000A   25274.57329142 .00000000  00000-0 0 000           3
2  1313  50.0000 234.0000 0000000   0.0000  86.4000 14.92546055    03
SATNET-590-01794 [DTC]
1  1314U 00000A   25274.57329142 .00000000  00000-0 0 000           4
2  1314  50.0000 234.0000 0000000   0.0000  93.6000 14.92546055    04
SATNET-590-01795 [DTC]
1  1315U 00000A   25274.57329142 .00000000  00000-0 0 000           5
2  1315  50.0000 234.0000 0000000   0.0000 100.8000 14.92546055    06
SATNET-590-01796 [DTC]
1  1316U 00000A   25274.57329142 .00000000  00000-0 0 000           6
2  1316  50.0000 234.0000 0000000   0.0000 108.0000 14.92546055    07
SATNET-590-01797 [DTC]
1  1317U 00000A   25274.57329142 .00000000  00000-0 0 000           7
2  1317  50.0000 234.0000 0000000   0.0000 115.2000 14.92546055    08
SATNET-590-01798 [DTC]
1  1318U 00000A   25274.57329142 .00000000  00000-0 0 000           8
2  1318  50.0000 234.0000 0000000   0.0000 122.4000 14.92546055    09
SATNET-590-01799 [DTC]
1  1319U 00000A   25274.57329142 .00000000  00000-0 0 000           9
2  1319  50.0000 234.0000 0000000   0.0000 129.6000 14.92546055    09
SATNET-590-01800 [DTC]
1  1320U 00000A   25274.57329142 .00000000  00000-0 0 000           1
2  1320  50.0000 234.0000 0000000   0.0000 136.8000 14.92546055    01
SATNET-590-01801 [DTC]
1  1321U 00000A   25274.57329142 .00000000  00000-0 0 000           2
2  1321  50.0000 234.0000 0000000   0.0000 144.0000 14.92546055    03
SATNET-590-01802 [DTC]
1  1322U 00000A   25274.57329142 .00000000  00000-0 0 000           3
2  1322  50.0000 234.0000 0000000   0.0000 151.2000 14.92546055    04
SATNET-590-01803 [DTC]
1  1323U 00000A   25274.57329142 .00000000  00000-0 0 000           4
2  1323  50.0000 234.0000 0000000   0.0000 158.4000 14.92546055    04
SATNET-590-01804 [DTC]
1  1324U 00000A   25274.57329142 .00000000  00000-0 0 000           5
2  1324  50.0000 234.0000 0000000   0.0000 165.6000 14.92546055    05
SATNET-590-01805 [DTC]
1  1325U 00000A   25274.57329142 .00000000  00000-0 0 000           6
2  1325  50.0000 234.0000 0000000   0.0000 172.8000 14.92546055    06
SATNET-590-01806 [DTC]
1  1326U 00000A   25274.57329142 .00000000  00000-0 0 000           7
2  1326  50.0000 234.0000 0000000   0.0000 180.0000 14.92546055    08
SATNET-590-01807 [DTC]
1  1327U 00000A   25274.57329142 .00000000  00000-0 0 000           8
2  1327  50.0000 234.0000 0000000   0.0000 187.2000 14.92546055    08
SATNET-590-01808 [DTC]
1  1328U 00000A   25274.57329142 .00000000  00000-0 0 000           9
2  1328  50.0000 234.0000 0000000   0.0000 194.4000 14.92546055    09
SATNET-590-01809 [DTC]
1  1329U 00000A   25274.57329142 .00000000  00000-0 0 000           0
2  1329  50.0000 234.0000 0000000   0.0000 201.6000 14.92546055    01
SATNET-590-01810 [DTC]
1  1330U 00000A   25274.57329142 .00000000  00000-0 0 000           2
2  1330  50.0000 234.0000 0000000   0.0000 208.8000 14.92546055    02
SATNET-590-01811 [DTC]
1  1331U 00000A   25274.57329142 .00000000  00000-0 0 000           3
2  1331  50.0000 234.0000 0000000   0.0000 216.0000 14.92546055    04
SATNET-590-01812 [DTC]
1  1332U 00000A   25274.57329142 .00000000  00000-0 0 000           4
2  1332  50.0000 234.0000 0000000   0.0000 223.2000 14.92546055    05
SATNET-590-01813 [DTC]
1  1333U 00000A   25274.57329142 .00000000  00000-0 0 000           5
2  1333  50.0000 234.0000 0000000   0.0000 230.4000 14.92546055    06
SATNET-590-01814 [DTC]
1  1334U 00000A   25274.57329142 .00000000  00000-0 0 000           6
2  1334  50.0000 234.0000 0000000   0.0000 237.6000 14.92546055    06
SATNET-590-01815 [DTC]
1  1335U 00000A   25274.57329142 .00000000  00000-0 0 000           7
2  1335  50.0000 234.0000 0000000   0.0000 244.8000 14.92546055    07
SATNET-590-01816 [DTC]
1  1336U 00000A   25274.57329142 .00000000  00000-0 0 000           8
2  1336  50.0000 234.0000 0000000   0.0000 252.0000 14.92546055    09
SATNET-590-01817 [DTC]
1  1337U 00000A   25274.57329142 .00000000  00000-0 0 000           9
2  1337  50.0000 234.0000 0000000   0.0000 259.2000 14.92546055    09
SATNET-590-01818 [DTC]
1  1338U 00000A   25274.57329142 .00000000  00000-0 0 000           0
2  1338  50.0000 234.0000 0000000   0.0000 266.4000 14.92546055    00
SATNET-590-01819 [DTC]
1  1339U 00000A   25274.57329142 .00000000  00000-0 0 000           1
2  1339  50.0000 234.0000 0000000   0.0000 273.6000 14.92546055    01
SATNET-590-01820 [DTC]
1  1340U 00000A   25274.57329142 .00000000  00000-0 0 000           3
2  1340  50.0000 234.0000 0000000   0.0000 280.8000 14.92546055    03
SATNET-590-01821 [DTC]
1  1341U 00000A   25274.57329142 .00000000  00000-0 0 000           4
2  1341  50.0000 234.0000 0000000   0.0000 288.0000 14.92546055    04
SATNET-590-01822 [DTC]
1  1342U 00000A   25274.57329142 .00000000  00000-0 0 000           5
2  1342  50.0000 234.0000 0000000   0.0000 295.2000 14.92546055    05
SATNET-590-01823 [DTC]
1  1343U 00000A   25274.57329142 .00000000  00000-0 0 000           6
2  1343  50.0000 234.0000 0000000   0.0000 302.4000 14.92546055    07
SATNET-590-01824 [DTC]
1  1344U 00000A   25274.57329142 .00000000  00000-0 0 000           7
2  1344  50.0000 234.0000 0000000   0.0000 309.6000 14.92546055    07
SATNET-590-01825 [DTC]
1  1345U 00000A   25274.57329142 .00000000  00000-0 0 000           8
2  1345  50.0000 234.0000 0000000   0.0000 316.8000 14.92546055    08
SATNET-590-01826 [DTC]
1  1346U 00000A   25274.57329142 .00000000  00000-0 0 000           9
2  1346  50.0000 234.0000 0000000   0.0000 324.0000 14.92546055    00
SATNET-590-01827 [DTC]
1  1347U 00000A   25274.57329142 .00000000  00000-0 0 000           0
2  1347  50.0000 234.0000 0000000   0.0000 331.2000 14.92546055    01
SATNET-590-01828 [DTC]
1  1348U 00000A   25274.57329142 .00000000  00000-0 0 000           1
2  1348  50.0000 234.0000 0000000   0.0000 338.4000 14.92546055    01
SATNET-590-01829 [DTC]
1  1349U 00000A   25274.57329142 .00000000  00000-0 0 000           2
2  1349  50.0000 234.0000 0000000   0.0000 345.6000 14.92546055    02
SATNET-590-01830 [DTC]
1  1350U 00000A   25274.57329142 .00000000  00000-0 0 000           4
2  1350  50.0000 234.0000 0000000   0.0000 352.8000 14.92546055    04
SATNET-590-01831 [DTC]
1  1351U 00000A   25274.57329142 .00000000  00000-0 0 000           5
2  1351  50.0000 243.0000 0000000   0.0000   0.0000 14.92546055    07
SATNET-590-01832 [DTC]
1  1352U 00000A   25274.57329142 .00000000  00000-0 0 000           6
2  1352  50.0000 243.0000 0000000   0.0000   7.2000 14.92546055    07
SATNET-590-01833 [DTC]
1  1353U 00000A   25274.57329142 .00000000  00000-0 0 000           7
2  1353  50.0000 243.0000 0000000   0.0000  14.4000 14.92546055    08
SATNET-590-01834 [DTC]
1  1354U 00000A   25274.57329142 .00000000  00000-0 0 000           8
2  1354  50.0000 243.0000 0000000   0.0000  21.6000 14.92546055    09
SATNET-590-01835 [DTC]
1  1355U 00000A   25274.57329142 .00000000  00000-0 0 000           9
2  1355  50.0000 243.0000 0000000   0.0000  28.8000 14.92546055    09
SATNET-590-01836 [DTC]
1  1356U 00000A   25274.57329142 .00000000  00000-0 0 000           0
2  1356  50.0000 243.0000 0000000   0.0000  36.0000 14.92546055    01
SATNET-590-01837 [DTC]
1  1357U 00000A   25274.57329142 .00000000  00000-0 0 000           1
2  1357  50.0000 243.0000 0000000   0.0000  43.2000 14.92546055    02
SATNET-590-01838 [DTC]
1  1358U 00000A   25274.57329142 .00000000  00000-0 0 000           2
2  1358  50.0000 243.0000 0000000   0.0000  50.4000 14.92546055    03
SATNET-590-01839 [DTC]
1  1359U 00000A   25274.57329142 .00000000  00000-0 0 000           3
2  1359  50.0000 243.0000 0000000   0.0000  57.6000 14.92546055    03
SATNET-590-01840 [DTC]
1  1360U 00000A   25274.57329142 .00000000  00000-0 0 000           5
2  1360  50.0000 243.0000 0000000   0.0000  64.8000 14.92546055    05
SATNET-590-01841 [DTC]
1  1361U 00000A   25274.57329142 .00000000  00000-0 0 000           6
2  1361  50.0000 243.0000 0000000   0.0000  72.0000 14.92546055    07
SATNET-590-01842 [DTC]
1  1362U 00000A   25274.57329142 .00000000  00000-0 0 000           7
2  1362  50.0000 243.0000 0000000   0.0000  79.2000 14.92546055    07
SATNET-590-01843 [DTC]
1  1363U 00000A   25274.57329142 .00000000  00000-0 0 000           8
2  1363  50.0000 243.0000 0000000   0.0000  86.4000 14.92546055    08
SATNET-590-01844 [DTC]
1  1364U 00000A   25274.57329142 .00000000  00000-0 0 000           9
2  1364  50.0000 243.0000 0000000   0.0000  93.6000 14.92546055    09
SATNET-590-01845 [DTC]
1  1365U 00000A   25274.57329142 .00000000  00000-0 0 000           0
2  1365  50.0000 243.0000 0000000   0.0000 100.8000 14.92546055    01
SATNET-590-01846 [DTC]
1  1366U 00000A   25274.57329142 .00000000  00000-0 0 000           1
2  1366  50.0000 243.0000 0000000   0.0000 108.0000 14.92546055    02
SATNET-590-01847 [DTC]
1  1367U 00000A   25274.57329142 .00000000  00000-0 0 000           2
2  1367  50.0000 243.0000 0000000   0.0000 115.2000 14.92546055    03
SATNET-590-01848 [DTC]
1  1368U 00000A   25274.57329142 .00000000  00000-0 0 000           3
2  1368  50.0000 243.0000 0000000   0.0000 122.4000 14.92546055    04
SATNET-590-01849 [DTC]
1  1369U 00000A   25274.57329142 .00000000  00000-0 0 000           4
2  1369  50.0000 243.0000 0000000   0.0000 129.6000 14.92546055    04
SATNET-590-01850 [DTC]
1  1370U 00000A   25274.57329142 .00000000  00000-0 0 000           6
2  1370  50.0000 243.0000 0000000   0.0000 136.8000 14.92546055    06
SATNET-590-01851 [DTC]
1  1371U 00000A   25274.57329142 .00000000  00000-0 0 000           7
2  1371  50.0000 243.0000 0000000   0.0000 144.0000 14.92546055    08
SATNET-590-01852 [DTC]
1  1372U 00000A   25274.57329142 .00000000  00000-0 0 000           8
2  1372  50.0000 243.0000 0000000   0.0000 151.2000 14.92546055    09
SATNET-590-01853 [DTC]
1  1373U 00000A   25274.57329142 .00000000  00000-0 0 000           9
2  1373  50.0000 243.0000 0000000   0.0000 158.4000 14.92546055    09
SATNET-590-01854 [DTC]
1  1374U 00000A   25274.57329142 .00000000  00000-0 0 000           0
2  1374  50.0000 243.0000 0000000   0.0000 165.6000 14.92546055    00
SATNET-590-01855 [DTC]
1  1375U 00000A   25274.57329142 .00000000  00000-0 0 000           1
2  1375  50.0000 243.0000 0000000   0.0000 172.8000 14.92546055    01
SATNET-590-01856 [DTC]
1  1376U 00000A   25274.57329142 .00000000  00000-0 0 000           2
2  1376  50.0000 243.0000 0000000   0.0000 180.0000 14.92546055    03
SATNET-590-01857 [DTC]
1  1377U 00000A   25274.57329142 .00000000  00000-0 0 000           3
2  1377  50.0000 243.0000 0000000   0.0000 187.2000 14.92546055    03
SATNET-590-01858 [DTC]
1  1378U 00000A   25274.57329142 .00000000  00000-0 0 000           4
2  1378  50.0000 243.0000 0000000   0.0000 194.4000 14.92546055    04
SATNET-590-01859 [DTC]
1  1379U 00000A   25274.57329142 .00000000  00000-0 0 000           5
2  1379  50.0000 243.0000 0000000   0.0000 201.6000 14.92546055    06
SATNET-590-01860 [DTC]
1  1380U 00000A   25274.57329142 .00000000  00000-0 0 000           7
2  1380  50.0000 243.0000 0000000   0.0000 208.8000 14.92546055    07
SATNET-590-01861 [DTC]
1  1381U 00000A   25274.57329142 .00000000  00000-0 0 000           8
2  1381  50.0000 243.0000 0000000   0.0000 216.0000 14.92546055    09
SATNET-590-01862 [DTC]
1  1382U 00000A   25274.57329142 .00000000  00000-0 0 000           9
2  1382  50.0000 243.0000 0000000   0.0000 223.2000 14.92546055    00
SATNET-590-01863 [DTC]
1  1383U 00000A   25274.57329142 .00000000  00000-0 0 000           0
2  1383  50.0000 243.0000 0000000   0.0000 230.4000 14.92546055    01
SATNET-590-01864 [DTC]
1  1384U 00000A   25274.57329142 .00000000  00000-0 0 000           1
2  1384  50.0000 243.0000 0000000   0.0000 237.6000 14.92546055    01
SATNET-590-01865 [DTC]
1  1385U 00000A   25274.57329142 .00000000  00000-0 0 000           2
2  1385  50.0000 243.0000 0000000   0.0000 244.8000 14.92546055    02
SATNET-590-01866 [DTC]
1  1386U 00000A   25274.57329142 .00000000  00000-0 0 000           3
2  1386  50.0000 243.0000 0000000   0.0000 252.0000 14.92546055    04
SATNET-590-01867 [DTC]
1  1387U 00000A   25274.57329142 .00000000  00000-0 0 000           4
2  1387  50.0000 243.0000 0000000   0.0000 259.2000 14.92546055    04
SATNET-590-01868 [DTC]
1  1388U 00000A   25274.57329142 .00000000  00000-0 0 000           5
2  1388  50.0000 243.0000 0000000   0.0000 266.4000 14.92546055    05
SATNET-590-01869 [DTC]
1  1389U 00000A   25274.57329142 .00000000  00000-0 0 000           6
2  1389  50.0000 243.0000 0000000   0.0000 273.6000 14.92546055    06
SATNET-590-01870 [DTC]
1  1390U 00000A   25274.57329142 .00000000  00000-0 0 000           8
2  1390  50.0000 243.0000 0000000   0.0000 280.8000 14.92546055    08
SATNET-590-01871 [DTC]
1  1391U 00000A   25274.57329142 .00000000  00000-0 0 000           9
2  1391  50.0000 243.0000 0000000   0.0000 288.0000 14.92546055    09
SATNET-590-01872 [DTC]
1  1392U 00000A   25274.57329142 .00000000  00000-0 0 000           0
2  1392  50.0000 243.0000 0000000   0.0000 295.2000 14.92546055    00
SATNET-590-01873 [DTC]
1  1393U 00000A   25274.57329142 .00000000  00000-0 0 000           1
2  1393  50.0000 243.0000 0000000   0.0000 302.4000 14.92546055    02
SATNET-590-01874 [DTC]
1  1394U 00000A   25274.57329142 .00000000  00000-0 0 000           2
2  1394  50.0000 243.0000 0000000   0.0000 309.6000 14.92546055    02
SATNET-590-01875 [DTC]
1  1395U 00000A   25274.57329142 .00000000  00000-0 0 000           3
2  1395  50.0000 243.0000 0000000   0.0000 316.8000 14.92546055    03
SATNET-590-01876 [DTC]
1  1396U 00000A   25274.57329142 .00000000  00000-0 0 000           4
2  1396  50.0000 243.0000 0000000   0.0000 324.0000 14.92546055    05
SATNET-590-01877 [DTC]
1  1397U 00000A   25274.57329142 .00000000  00000-0 0 000           5
2  1397  50.0000 243.0000 0000000   0.0000 331.2000 14.92546055    06
SATNET-590-01878 [DTC]
1  1398U 00000A   25274.57329142 .00000000  00000-0 0 000           6
2  1398  50.0000 243.0000 0000000   0.0000 338.4000 14.92546055    06
SATNET-590-01879 [DTC]
1  1399U 00000A   25274.57329142 .00000000  00000-0 0 000           7
2  1399  50.0000 243.0000 0000000   0.0000 345.6000 14.92546055    07
SATNET-590-01880 [DTC]
1  1400U 00000A   25274.57329142 .00000000  00000-0 0 000           0
2  1400  50.0000 243.0000 0000000   0.0000 352.8000 14.92546055    00
SATNET-590-01881 [DTC]
1  1401U 00000A   25274.57329142 .00000000  00000-0 0 000           1
2  1401  50.0000 252.0000 0000000   0.0000   0.0000 14.92546055    03
SATNET-590-01882 [DTC]
1  1402U 00000A   25274.57329142 .00000000  00000-0 0 000           2
2  1402  50.0000 252.0000 0000000   0.0000   7.2000 14.92546055    03
SATNET-590-01883 [DTC]
1  1403U 00000A   25274.57329142 .00000000  00000-0 0 000           3
2  1403  50.0000 252.0000 0000000   0.0000  14.4000 14.92546055    04
SATNET-590-01884 [DTC]
1  1404U 00000A   25274.57329142 .00000000  00000-0 0 000           4
2  1404  50.0000 252.0000 0000000   0.0000  21.6000 14.92546055    05
SATNET-590-01885 [DTC]
1  1405U 00000A   25274.57329142 .00000000  00000-0 0 000           5
2  1405  50.0000 252.0000 0000000   0.0000  28.8000 14.92546055    05
SATNET-590-01886 [DTC]
1  1406U 00000A   25274.57329142 .00000000  00000-0 0 000           6
2  1406  50.0000 252.0000 0000000   0.0000  36.0000 14.92546055    07
SATNET-590-01887 [DTC]
1  1407U 00000A   25274.57329142 .00000000  00000-0 0 000           7
2  1407  50.0000 252.0000 0000000   0.0000  43.2000 14.92546055    08
SATNET-590-01888 [DTC]
1  1408U 00000A   25274.57329142 .00000000  00000-0 0 000           8
2  1408  50.0000 252.0000 0000000   0.0000  50.4000 14.92546055    09
SATNET-590-01889 [DTC]
1  1409U 00000A   25274.57329142 .00000000  00000-0 0 000           9
2  1409  50.0000 252.0000 0000000   0.0000  57.6000 14.92546055    09
SATNET-590-01890 [DTC]
1  1410U 00000A   25274.57329142 .00000000  00000-0 0 000           1
2  1410  50.0000 252.0000 0000000   0.0000  64.8000 14.92546055    01
SATNET-590-01891 [DTC]
1  1411U 00000A   25274.57329142 .00000000  00000-0 0 000           2
2  1411  50.0000 252.0000 0000000   0.0000  72.0000 14.92546055    03
SATNET-590-01892 [DTC]
1  1412U 00000A   25274.57329142 .00000000  00000-0 0 000           3
2  1412  50.0000 252.0000 0000000   0.0000  79.2000 14.92546055    03
SATNET-590-01893 [DTC]
1  1413U 00000A   25274.57329142 .00000000  00000-0 0 000           4
2  1413  50.0000 252.0000 0000000   0.0000  86.4000 14.92546055    04
SATNET-590-01894 [DTC]
1  1414U 00000A   25274.57329142 .00000000  00000-0 0 000           5
2  1414  50.0000 252.0000 0000000   0.0000  93.6000 14.92546055    05
SATNET-590-01895 [DTC]
1  1415U 00000A   25274.57329142 .00000000  00000-0 0 000           6
2  1415  50.0000 252.0000 0000000   0.0000 100.8000 14.92546055    07
SATNET-590-01896 [DTC]
1  1416U 00000A   25274.57329142 .00000000  00000-0 0 000           7
2  1416  50.0000 252.0000 0000000   0.0000 108.0000 14.92546055    08
SATNET-590-01897 [DTC]
1  1417U 00000A   25274.57329142 .00000000  00000-0 0 000           8
2  1417  50.0000 252.0000 0000000   0.0000 115.2000 14.92546055    09
SATNET-590-01898 [DTC]
1  1418U 00000A   25274.57329142 .00000000  00000-0 0 000           9
2  1418  50.0000 252.0000 0000000   0.0000 122.4000 14.92546055    00
SATNET-590-01899 [DTC]
1  1419U 00000A   25274.57329142 .00000000  00000-0 0 000           0
2  1419  50.0000 252.0000 0000000   0.0000 129.6000 14.92546055    00
SATNET-590-01900 [DTC]
1  1420U 00000A   25274.57329142 .00000000  00000-0 0 000           2
2  1420  50.0000 252.0000 0000000   0.0000 136.8000 14.92546055    02
SATNET-590-01901 [DTC]
1  1421U 00000A   25274.57329142 .00000000  00000-0 0 000           3
2  1421  50.0000 252.0000 0000000   0.0000 144.0000 14.92546055    04
SATNET-590-01902 [DTC]
1  1422U 00000A   25274.57329142 .00000000  00000-0 0 000           4
2  1422  50.0000 252.0000 0000000   0.0000 151.2000 14.92546055    05
SATNET-590-01903 [DTC]
1  1423U 00000A   25274.57329142 .00000000  00000-0 0 000           5
2  1423  50.0000 252.0000 0000000   0.0000 158.4000 14.92546055    05
SATNET-590-01904 [DTC]
1  1424U 00000A   25274.57329142 .00000000  00000-0 0 000           6
2  1424  50.0000 252.0000 0000000   0.0000 165.6000 14.92546055    06
SATNET-590-01905 [DTC]
1  1425U 00000A   25274.57329142 .00000000  00000-0 0 000           7
2  1425  50.0000 252.0000 0000000   0.0000 172.8000 14.92546055    07
SATNET-590-01906 [DTC]
1  1426U 00000A   25274.57329142 .00000000  00000-0 0 000           8
2  1426  50.0000 252.0000 0000000   0.0000 180.0000 14.92546055    09
SATNET-590-01907 [DTC]
1  1427U 00000A   25274.57329142 .00000000  00000-0 0 000           9
2  1427  50.0000 252.0000 0000000   0.0000 187.2000 14.92546055    09
SATNET-590-01908 [DTC]
1  1428U 00000A   25274.57329142 .00000000  00000-0 0 000           0
2  1428  50.0000 252.0000 0000000   0.0000 194.4000 14.92546055    00
SATNET-590-01909 [DTC]
1  1429U 00000A   25274.57329142 .00000000  00000-0 0 000           1
2  1429  50.0000 252.0000 0000000   0.0000 201.6000 14.92546055    02
SATNET-590-01910 [DTC]
1  1430U 00000A   25274.57329142 .00000000  00000-0 0 000           3
2  1430  50.0000 252.0000 0000000   0.0000 208.8000 14.92546055    03
SATNET-590-01911 [DTC]
1  1431U 00000A   25274.57329142 .00000000  00000-0 0 000           4
2  1431  50.0000 252.0000 0000000   0.0000 216.0000 14.92546055    05
SATNET-590-01912 [DTC]
1  1432U 00000A   25274.57329142 .00000000  00000-0 0 000           5
2  1432  50.0000 252.0000 0000000   0.0000 223.2000 14.92546055    06
SATNET-590-01913 [DTC]
1  1433U 00000A   25274.57329142 .00000000  00000-0 0 000           6
2  1433  50.0000 252.0000 0000000   0.0000 230.4000 14.92546055    07
SATNET-590-01914 [DTC]
1  1434U 00000A   25274.57329142 .00000000  00000-0 0 000           7
2  1434  50.0000 252.0000 0000000   0.0000 237.6000 14.92546055    07
SATNET-590-01915 [DTC]
1  1435U 00000A   25274.57329142 .00000000  00000-0 0 000           8
2  1435  50.0000 252.0000 0000000   0.0000 244.8000 14.92546055    08
SATNET-590-01916 [DTC]
1  1436U 00000A   25274.57329142 .00000000  00000-0 0 000           9
2  1436  50.0000 252.0000 0000000   0.0000 252.0000 14.92546055    00
SATNET-590-01917 [DTC]
1  1437U 00000A   25274.57329142 .00000000  00000-0 0 000           0
2  1437  50.0000 252.0000 0000000   0.0000 259.2000 14.92546055    00
SATNET-590-01918 [DTC]
1  1438U 00000A   25274.57329142 .00000000  00000-0 0 000           1
2  1438  50.0000 252.0000 0000000   0.0000 266.4000 14.92546055    01
SATNET-590-01919 [DTC]
1  1439U 00000A   25274.57329142 .00000000  00000-0 0 000           2
2  1439  50.0000 252.0000 0000000   0.0000 273.6000 14.92546055    02
SATNET-590-01920 [DTC]
1  1440U 00000A   25274.57329142 .00000000  00000-0 0 000           4
2  1440  50.0000 252.0000 0000000   0.0000 280.8000 14.92546055    04
SATNET-590-01921 [DTC]
1  1441U 00000A   25274.57329142 .00000000  00000-0 0 000           5
2  1441  50.0000 252.0000 0000000   0.0000 288.0000 14.92546055    05
SATNET-590-01922 [DTC]
1  1442U 00000A   25274.57329142 .00000000  00000-0 0 000           6
2  1442  50.0000 252.0000 0000000   0.0000 295.2000 14.92546055    06
SATNET-590-01923 [DTC]
1  1443U 00000A   25274.57329142 .00000000  00000-0 0 000           7
2  1443  50.0000 252.0000 0000000   0.0000 302.4000 14.92546055    08
SATNET-590-01924 [DTC]
1  1444U 00000A   25274.57329142 .00000000  00000-0 0 000           8
2  1444  50.0000 252.0000 0000000   0.0000 309.6000 14.92546055    08
SATNET-590-01925 [DTC]
1  1445U 00000A   25274.57329142 .00000000  00000-0 0 000           9
2  1445  50.0000 252.0000 0000000   0.0000 316.8000 14.92546055    09
SATNET-590-01926 [DTC]
1  1446U 00000A   25274.57329142 .00000000  00000-0 0 000           0
2  1446  50.0000 252.0000 0000000   0.0000 324.0000 14.92546055    01
SATNET-590-01927 [DTC]
1  1447U 00000A   25274.57329142 .00000000  00000-0 0 000           1
2  1447  50.0000 252.0000 0000000   0.0000 331.2000 14.92546055    02
SATNET-590-01928 [DTC]
1  1448U 00000A   25274.57329142 .00000000  00000-0 0 000           2
2  1448  50.0000 252.0000 0000000   0.0000 338.4000 14.92546055    02
SATNET-590-01929 [DTC]
1  1449U 00000A   25274.57329142 .00000000  00000-0 0 000           3
2  1449  50.0000 252.0000 0000000   0.0000 345.6000 14.92546055    03
SATNET-590-01930 [DTC]
1  1450U 00000A   25274.57329142 .00000000  00000-0 0 000           5
2  1450  50.0000 252.0000 0000000   0.0000 352.8000 14.92546055    05
SATNET-590-01931 [DTC]
1  1451U 00000A   25274.57329142 .00000000  00000-0 0 000           6
2  1451  50.0000 261.0000 0000000   0.0000   0.0000 14.92546055    08
SATNET-590-01932 [DTC]
1  1452U 00000A   25274.57329142 .00000000  00000-0 0 000           7
2  1452  50.0000 261.0000 0000000   0.0000   7.2000 14.92546055    08
SATNET-590-01933 [DTC]
1  1453U 00000A   25274.57329142 .00000000  00000-0 0 000           8
2  1453  50.0000 261.0000 0000000   0.0000  14.4000 14.92546055    09
SATNET-590-01934 [DTC]
1  1454U 00000A   25274.57329142 .00000000  00000-0 0 000           9
2  1454  50.0000 261.0000 0000000   0.0000  21.6000 14.92546055    00
SATNET-590-01935 [DTC]
1  1455U 00000A   25274.57329142 .00000000  00000-0 0 000           0
2  1455  50.0000 261.0000 0000000   0.0000  28.8000 14.92546055    00
SATNET-590-01936 [DTC]
1  1456U 00000A   25274.57329142 .00000000  00000-0 0 000           1
2  1456  50.0000 261.0000 0000000   0.0000  36.0000 14.92546055    02
SATNET-590-01937 [DTC]
1  1457U 00000A   25274.57329142 .00000000  00000-0 0 000           2
2  1457  50.0000 261.0000 0000000   0.0000  43.2000 14.92546055    03
SATNET-590-01938 [DTC]
1  1458U 00000A   25274.57329142 .00000000  00000-0 0 000           3
2  1458  50.0000 261.0000 0000000   0.0000  50.4000 14.92546055    04
SATNET-590-01939 [DTC]
1  1459U 00000A   25274.57329142 .00000000  00000-0 0 000           4
2  1459  50.0000 261.0000 0000000   0.0000  57.6000 14.92546055    04
SATNET-590-01940 [DTC]
1  1460U 00000A   25274.57329142 .00000000  00000-0 0 000           6
2  1460  50.0000 261.0000 0000000   0.0000  64.8000 14.92546055    06
SATNET-590-01941 [DTC]
1  1461U 00000A   25274.57329142 .00000000  00000-0 0 000           7
2  1461  50.0000 261.0000 0000000   0.0000  72.0000 14.92546055    08
SATNET-590-01942 [DTC]
1  1462U 00000A   25274.57329142 .00000000  00000-0 0 000           8
2  1462  50.0000 261.0000 0000000   0.0000  79.2000 14.92546055    08
SATNET-590-01943 [DTC]
1  1463U 00000A   25274.57329142 .00000000  00000-0 0 000           9
2  1463  50.0000 261.0000 0000000   0.0000  86.4000 14.92546055    09
SATNET-590-01944 [DTC]
1  1464U 00000A   25274.57329142 .00000000  00000-0 0 000           0
2  1464  50.0000 261.0000 0000000   0.0000  93.6000 14.92546055    00
SATNET-590-01945 [DTC]
1  1465U 00000A   25274.57329142 .00000000  00000-0 0 000           1
2  1465  50.0000 261.0000 0000000   0.0000 100.8000 14.92546055    02
SATNET-590-01946 [DTC]
1  1466U 00000A   25274.57329142 .00000000  00000-0 0 000           2
2  1466  50.0000 261.0000 0000000   0.0000 108.0000 14.92546055    03
SATNET-590-01947 [DTC]
1  1467U 00000A   25274.57329142 .00000000  00000-0 0 000           3
2  1467  50.0000 261.0000 0000000   0.0000 115.2000 14.92546055    04
SATNET-590-01948 [DTC]
1  1468U 00000A   25274.57329142 .00000000  00000-0 0 000           4
2  1468  50.0000 261.0000 0000000   0.0000 122.4000 14.92546055    05
SATNET-590-01949 [DTC]
1  1469U 00000A   25274.57329142 .00000000  00000-0 0 000           5
2  1469  50.0000 261.0000 0000000   0.0000 129.6000 14.92546055    05
SATNET-590-01950 [DTC]
1  1470U 00000A   25274.57329142 .00000000  00000-0 0 000           7
2  1470  50.0000 261.0000 0000000   0.0000 136.8000 14.92546055    07
SATNET-590-01951 [DTC]
1  1471U 00000A   25274.57329142 .00000000  00000-0 0 000           8
2  1471  50.0000 261.0000 0000000   0.0000 144.0000 14.92546055    09
SATNET-590-01952 [DTC]
1  1472U 00000A   25274.57329142 .00000000  00000-0 0 000           9
2  1472  50.0000 261.0000 0000000   0.0000 151.2000 14.92546055    00
SATNET-590-01953 [DTC]
1  1473U 00000A   25274.57329142 .00000000  00000-0 0 000           0
2  1473  50.0000 261.0000 0000000   0.0000 158.4000 14.92546055    00
SATNET-590-01954 [DTC]
1  1474U 00000A   25274.57329142 .00000000  00000-0 0 000           1
2  1474  50.0000 261.0000 0000000   0.0000 165.6000 14.92546055    01
SATNET-590-01955 [DTC]
1  1475U 00000A   25274.57329142 .00000000  00000-0 0 000           2
2  1475  50.0000 261.0000 0000000   0.0000 172.8000 14.92546055    02
SATNET-590-01956 [DTC]
1  1476U 00000A   25274.57329142 .00000000  00000-0 0 000           3
2  1476  50.0000 261.0000 0000000   0.0000 180.0000 14.92546055    04
SATNET-590-01957 [DTC]
1  1477U 00000A   25274.57329142 .00000000  00000-0 0 000           4
2  1477  50.0000 261.0000 0000000   0.0000 187.2000 14.92546055    04
SATNET-590-01958 [DTC]
1  1478U 00000A   25274.57329142 .00000000  00000-0 0 000           5
2  1478  50.0000 261.0000 0000000   0.0000 194.4000 14.92546055    05
SATNET-590-01959 [DTC]
1  1479U 00000A   25274.57329142 .00000000  00000-0 0 000           6
2  1479  50.0000 261.0000 0000000   0.0000 201.6000 14.92546055    07
SATNET-590-01960 [DTC]
1  1480U 00000A   25274.57329142 .00000000  00000-0 0 000           8
2  1480  50.0000 261.0000 0000000   0.0000 208.8000 14.92546055    08
SATNET-590-01961 [DTC]
1  1481U 00000A   25274.57329142 .00000000  00000-0 0 000           9
2  1481  50.0000 261.0000 0000000   0.0000 216.0000 14.92546055    00
SATNET-590-01962 [DTC]
1  1482U 00000A   25274.57329142 .00000000  00000-0 0 000           0
2  1482  50.0000 261.0000 0000000   0.0000 223.2000 14.92546055    01
SATNET-590-01963 [DTC]
1  1483U 00000A   25274.57329142 .00000000  00000-0 0 000           1
2  1483  50.0000 261.0000 0000000   0.0000 230.4000 14.92546055    02
SATNET-590-01964 [DTC]
1  1484U 00000A   25274.57329142 .00000000  00000-0 0 000           2
2  1484  50.0000 261.0000 0000000   0.0000 237.6000 14.92546055    02
SATNET-590-01965 [DTC]
1  1485U 00000A   25274.57329142 .00000000  00000-0 0 000           3
2  1485  50.0000 261.0000 0000000   0.0000 244.8000 14.92546055    03
SATNET-590-01966 [DTC]
1  1486U 00000A   25274.57329142 .00000000  00000-0 0 000           4
2  1486  50.0000 261.0000 0000000   0.0000 252.0000 14.92546055    05
SATNET-590-01967 [DTC]
1  1487U 00000A   25274.57329142 .00000000  00000-0 0 000           5
2  1487  50.0000 261.0000 0000000   0.0000 259.2000 14.92546055    05
SATNET-590-01968 [DTC]
1  1488U 00000A   25274.57329142 .00000000  00000-0 0 000           6
2  1488  50.0000 261.0000 0000000   0.0000 266.4000 14.92546055    06
SATNET-590-01969 [DTC]
1  1489U 00000A   25274.57329142 .00000000  00000-0 0 000           7
2  1489  50.0000 261.0000 0000000   0.0000 273.6000 14.92546055    07
SATNET-590-01970 [DTC]
1  1490U 00000A   25274.57329142 .00000000  00000-0 0 000           9
2  1490  50.0000 261.0000 0000000   0.0000 280.8000 14.92546055    09
SATNET-590-01971 [DTC]
1  1491U 00000A   25274.57329142 .00000000  00000-0 0 000           0
2  1491  50.0000 261.0000 0000000   0.0000 288.0000 14.92546055    00
SATNET-590-01972 [DTC]
1  1492U 00000A   25274.57329142 .00000000  00000-0 0 000           1
2  1492  50.0000 261.0000 0000000   0.0000 295.2000 14.92546055    01
SATNET-590-01973 [DTC]
1  1493U 00000A   25274.57329142 .00000000  00000-0 0 000           2
2  1493  50.0000 261.0000 0000000   0.0000 302.4000 14.92546055    03
SATNET-590-01974 [DTC]
1  1494U 00000A   25274.57329142 .00000000  00000-0 0 000           3
2  1494  50.0000 261.0000 0000000   0.0000 309.6000 14.92546055    03
SATNET-590-01975 [DTC]
1  1495U 00000A   25274.57329142 .00000000  00000-0 0 000           4
2  1495  50.0000 261.0000 0000000   0.0000 316.8000 14.92546055    04
SATNET-590-01976 [DTC]
1  1496U 00000A   25274.57329142 .00000000  00000-0 0 000           5
2  1496  50.0000 261.0000 0000000   0.0000 324.0000 14.92546055    06
SATNET-590-01977 [DTC]
1  1497U 00000A   25274.57329142 .00000000  00000-0 0 000           6
2  1497  50.0000 261.0000 0000000   0.0000 331.2000 14.92546055    07
SATNET-590-01978 [DTC]
1  1498U 00000A   25274.57329142 .00000000  00000-0 0 000           7
2  1498  50.0000 261.0000 0000000   0.0000 338.4000 14.92546055    07
SATNET-590-01979 [DTC]
1  1499U 00000A   25274.57329142 .00000000  00000-0 0 000           8
2  1499  50.0000 261.0000 0000000   0.0000 345.6000 14.92546055    08
SATNET-590-01980 [DTC]
1  1500U 00000A   25274.57329142 .00000000  00000-0 0 000           1
2  1500  50.0000 261.0000 0000000   0.0000 352.8000 14.92546055    01
SATNET-590-01981 [DTC]
1  1501U 00000A   25274.57329142 .00000000  00000-0 0 000           2
2  1501  50.0000 270.0000 0000000   0.0000   0.0000 14.92546055    04
SATNET-590-01982 [DTC]
1  1502U 00000A   25274.57329142 .00000000  00000-0 0 000           3
2  1502  50.0000 270.0000 0000000   0.0000   7.2000 14.92546055    04
SATNET-590-01983 [DTC]
1  1503U 00000A   25274.57329142 .00000000  00000-0 0 000           4
2  1503  50.0000 270.0000 0000000   0.0000  14.4000 14.92546055    05
SATNET-590-01984 [DTC]
1  1504U 00000A   25274.57329142 .00000000  00000-0 0 000           5
2  1504  50.0000 270.0000 0000000   0.0000  21.6000 14.92546055    06
SATNET-590-01985 [DTC]
1  1505U 00000A   25274.57329142 .00000000  00000-0 0 000           6
2  1505  50.0000 270.0000 0000000   0.0000  28.8000 14.92546055    06
SATNET-590-01986 [DTC]
1  1506U 00000A   25274.57329142 .00000000  00000-0 0 000           7
2  1506  50.0000 270.0000 0000000   0.0000  36.0000 14.92546055    08
SATNET-590-01987 [DTC]
1  1507U 00000A   25274.57329142 .00000000  00000-0 0 000           8
2  1507  50.0000 270.0000 0000000   0.0000  43.2000 14.92546055    09
SATNET-590-01988 [DTC]
1  1508U 00000A   25274.57329142 .00000000  00000-0 0 000           9
2  1508  50.0000 270.0000 0000000   0.0000  50.4000 14.92546055    00
SATNET-590-01989 [DTC]
1  1509U 00000A   25274.57329142 .00000000  00000-0 0 000           0
2  1509  50.0000 270.0000 0000000   0.0000  57.6000 14.92546055    00
SATNET-590-01990 [DTC]
1  1510U 00000A   25274.57329142 .00000000  00000-0 0 000           2
2  1510  50.0000 270.0000 0000000   0.0000  64.8000 14.92546055    02
SATNET-590-01991 [DTC]
1  1511U 00000A   25274.57329142 .00000000  00000-0 0 000           3
2  1511  50.0000 270.0000 0000000   0.0000  72.0000 14.92546055    04
SATNET-590-01992 [DTC]
1  1512U 00000A   25274.57329142 .00000000  00000-0 0 000           4
2  1512  50.0000 270.0000 0000000   0.0000  79.2000 14.92546055    04
SATNET-590-01993 [DTC]
1  1513U 00000A   25274.57329142 .00000000  00000-0 0 000           5
2  1513  50.0000 270.0000 0000000   0.0000  86.4000 14.92546055    05
SATNET-590-01994 [DTC]
1  1514U 00000A   25274.57329142 .00000000  00000-0 0 000           6
2  1514  50.0000 270.0000 0000000   0.0000  93.6000 14.92546055    06
SATNET-590-01995 [DTC]
1  1515U 00000A   25274.57329142 .00000000  00000-0 0 000           7
2  1515  50.0000 270.0000 0000000   0.0000 100.8000 14.92546055    08
SATNET-590-01996 [DTC]
1  1516U 00000A   25274.57329142 .00000000  00000-0 0 000           8
2  1516  50.0000 270.0000 0000000   0.0000 108.0000 14.92546055    09
SATNET-590-01997 [DTC]
1  1517U 00000A   25274.57329142 .00000000  00000-0 0 000           9
2  1517  50.0000 270.0000 0000000   0.0000 115.2000 14.92546055    00
SATNET-590-01998 [DTC]
1  1518U 00000A   25274.57329142 .00000000  00000-0 0 000           0
2  1518  50.0000 270.0000 0000000   0.0000 122.4000 14.92546055    01
SATNET-590-01999 [DTC]
1  1519U 00000A   25274.57329142 .00000000  00000-0 0 000           1
2  1519  50.0000 270.0000 0000000   0.0000 129.6000 14.92546055    01
SATNET-590-02000 [DTC]
1  1520U 00000A   25274.57329142 .00000000  00000-0 0 000           3
2  1520  50.0000 270.0000 0000000   0.0000 136.8000 14.92546055    03
SATNET-590-02001 [DTC]
1  1521U 00000A   25274.57329142 .00000000  00000-0 0 000           4
2  1521  50.0000 270.0000 0000000   0.0000 144.0000 14.92546055    05
SATNET-590-02002 [DTC]
1  1522U 00000A   25274.57329142 .00000000  00000-0 0 000           5
2  1522  50.0000 270.0000 0000000   0.0000 151.2000 14.92546055    06
SATNET-590-02003 [DTC]
1  1523U 00000A   25274.57329142 .00000000  00000-0 0 000           6
2  1523  50.0000 270.0000 0000000   0.0000 158.4000 14.92546055    06
SATNET-590-02004 [DTC]
1  1524U 00000A   25274.57329142 .00000000  00000-0 0 000           7
2  1524  50.0000 270.0000 0000000   0.0000 165.6000 14.92546055    07
SATNET-590-02005 [DTC]
1  1525U 00000A   25274.57329142 .00000000  00000-0 0 000           8
2  1525  50.0000 270.0000 0000000   0.0000 172.8000 14.92546055    08
SATNET-590-02006 [DTC]
1  1526U 00000A   25274.57329142 .00000000  00000-0 0 000           9
2  1526  50.0000 270.0000 0000000   0.0000 180.0000 14.92546055    00
SATNET-590-02007 [DTC]
1  1527U 00000A   25274.57329142 .00000000  00000-0 0 000           0
2  1527  50.0000 270.0000 0000000   0.0000 187.2000 14.92546055    00
SATNET-590-02008 [DTC]
1  1528U 00000A   25274.57329142 .00000000  00000-0 0 000           1
2  1528  50.0000 270.0000 0000000   0.0000 194.4000 14.92546055    01
SATNET-590-02009 [DTC]
1  1529U 00000A   25274.57329142 .00000000  00000-0 0 000           2
2  1529  50.0000 270.0000 0000000   0.0000 201.6000 14.92546055    03
SATNET-590-02010 [DTC]
1  1530U 00000A   25274.57329142 .00000000  00000-0 0 000           4
2  1530  50.0000 270.0000 0000000   0.0000 208.8000 14.92546055    04
SATNET-590-02011 [DTC]
1  1531U 00000A   25274.57329142 .00000000  00000-0 0 000           5
2  1531  50.0000 270.0000 0000000   0.0000 216.0000 14.92546055    06
SATNET-590-02012 [DTC]
1  1532U 00000A   25274.57329142 .00000000  00000-0 0 000           6
2  1532  50.0000 270.0000 0000000   0.0000 223.2000 14.92546055    07
SATNET-590-02013 [DTC]
1  1533U 00000A   25274.57329142 .00000000  00000-0 0 000           7
2  1533  50.0000 270.0000 0000000   0.0000 230.4000 14.92546055    08
SATNET-590-02014 [DTC]
1  1534U 00000A   25274.57329142 .00000000  00000-0 0 000           8
2  1534  50.0000 270.0000 0000000   0.0000 237.6000 14.92546055    08
SATNET-590-02015 [DTC]
1  1535U 00000A   25274.57329142 .00000000  00000-0 0 000           9
2  1535  50.0000 270.0000 0000000   0.0000 244.8000 14.92546055    09
SATNET-590-02016 [DTC]
1  1536U 00000A   25274.57329142 .00000000  00000-0 0 000           0
2  1536  50.0000 270.0000 0000000   0.0000 252.0000 14.92546055    01
SATNET-590-02017 [DTC]
1  1537U 00000A   25274.57329142 .00000000  00000-0 0 000           1
2  1537  50.0000 270.0000 0000000   0.0000 259.2000 14.92546055    01
SATNET-590-02018 [DTC]
1  1538U 00000A   25274.57329142 .00000000  00000-0 0 000           2
2  1538  50.0000 270.0000 0000000   0.0000 266.4000 14.92546055    02
SATNET-590-02019 [DTC]
1  1539U 00000A   25274.57329142 .00000000  00000-0 0 000           3
2  1539  50.0000 270.0000 0000000   0.0000 273.6000 14.92546055    03
SATNET-590-02020 [DTC]
1  1540U 00000A   25274.57329142 .00000000  00000-0 0 000           5
2  1540  50.0000 270.0000 0000000   0.0000 280.8000 14.92546055    05
SATNET-590-02021 [DTC]
1  1541U 00000A   25274.57329142 .00000000  00000-0 0 000           6
2  1541  50.0000 270.0000 0000000   0.0000 288.0000 14.92546055    06
SATNET-590-02022 [DTC]
1  1542U 00000A   25274.57329142 .00000000  00000-0 0 000           7
2  1542  50.0000 270.0000 0000000   0.0000 295.2000 14.92546055    07
SATNET-590-02023 [DTC]
1  1543U 00000A   25274.57329142 .00000000  00000-0 0 000           8
2  1543  50.0000 270.0000 0000000   0.0000 302.4000 14.92546055    09
SATNET-590-02024 [DTC]
1  1544U 00000A   25274.57329142 .00000000  00000-0 0 000           9
2  1544  50.0000 270.0000 0000000   0.0000 309.6000 14.92546055    09
SATNET-590-02025 [DTC]
1  1545U 00000A   25274.57329142 .00000000  00000-0 0 000           0
2  1545  50.0000 270.0000 0000000   0.0000 316.8000 14.92546055    00
SATNET-590-02026 [DTC]
1  1546U 00000A   25274.57329142 .00000000  00000-0 0 000           1
2  1546  50.0000 270.0000 0000000   0.0000 324.0000 14.92546055    02
SATNET-590-02027 [DTC]
1  1547U 00000A   25274.57329142 .00000000  00000-0 0 000           2
2  1547  50.0000 270.0000 0000000   0.0000 331.2000 14.92546055    03
SATNET-590-02028 [DTC]
1  1548U 00000A   25274.57329142 .00000000  00000-0 0 000           3
2  1548  50.0000 270.0000 0000000   0.0000 338.4000 14.92546055    03
SATNET-590-02029 [DTC]
1  1549U 00000A   25274.57329142 .00000000  00000-0 0 000           4
2  1549  50.0000 270.0000 0000000   0.0000 345.6000 14.92546055    04
SATNET-590-02030 [DTC]
1  1550U 00000A   25274.57329142 .00000000  00000-0 0 000           6
2  1550  50.0000 270.0000 0000000   0.0000 352.8000 14.92546055    06
SATNET-590-02031 [DTC]
1  1551U 00000A   25274.57329142 .00000000  00000-0 0 000           7
2  1551  50.0000 279.0000 0000000   0.0000   0.0000 14.92546055    08
SATNET-590-02032 [DTC]
1  1552U 00000A   25274.57329142 .00000000  00000-0 0 000           8
2  1552  50.0000 279.0000 0000000   0.0000   7.2000 14.92546055    08
SATNET-590-02033 [DTC]
1  1553U 00000A   25274.57329142 .00000000  00000-0 0 000           9
2  1553  50.0000 279.0000 0000000   0.0000  14.4000 14.92546055    09
SATNET-590-02034 [DTC]
1  1554U 00000A   25274.57329142 .00000000  00000-0 0 000           0
2  1554  50.0000 279.0000 0000000   0.0000  21.6000 14.92546055    00
SATNET-590-02035 [DTC]
1  1555U 00000A   25274.57329142 .00000000  00000-0 0 000           1
2  1555  50.0000 279.0000 0000000   0.0000  28.8000 14.92546055    00
SATNET-590-02036 [DTC]
1  1556U 00000A   25274.57329142 .00000000  00000-0 0 000           2
2  1556  50.0000 279.0000 0000000   0.0000  36.0000 14.92546055    02
SATNET-590-02037 [DTC]
1  1557U 00000A   25274.57329142 .00000000  00000-0 0 000           3
2  1557  50.0000 279.0000 0000000   0.0000  43.2000 14.92546055    03
SATNET-590-02038 [DTC]
1  1558U 00000A   25274.57329142 .00000000  00000-0 0 000           4
2  1558  50.0000 279.0000 0000000   0.0000  50.4000 14.92546055    04
SATNET-590-02039 [DTC]
1  1559U 00000A   25274.57329142 .00000000  00000-0 0 000           5
2  1559  50.0000 279.0000 0000000   0.0000  57.6000 14.92546055    04
SATNET-590-02040 [DTC]
1  1560U 00000A   25274.57329142 .00000000  00000-0 0 000           7
2  1560  50.0000 279.0000 0000000   0.0000  64.8000 14.92546055    06
SATNET-590-02041 [DTC]
1  1561U 00000A   25274.57329142 .00000000  00000-0 0 000           8
2  1561  50.0000 279.0000 0000000   0.0000  72.0000 14.92546055    08
SATNET-590-02042 [DTC]
1  1562U 00000A   25274.57329142 .00000000  00000-0 0 000           9
2  1562  50.0000 279.0000 0000000   0.0000  79.2000 14.92546055    08
SATNET-590-02043 [DTC]
1  1563U 00000A   25274.57329142 .00000000  00000-0 0 000           0
2  1563  50.0000 279.0000 0000000   0.0000  86.4000 14.92546055    09
SATNET-590-02044 [DTC]
1  1564U 00000A   25274.57329142 .00000000  00000-0 0 000           1
2  1564  50.0000 279.0000 0000000   0.0000  93.6000 14.92546055    00
SATNET-590-02045 [DTC]
1  1565U 00000A   25274.57329142 .00000000  00000-0 0 000           2
2  1565  50.0000 279.0000 0000000   0.0000 100.8000 14.92546055    02
SATNET-590-02046 [DTC]
1  1566U 00000A   25274.57329142 .00000000  00000-0 0 000           3
2  1566  50.0000 279.0000 0000000   0.0000 108.0000 14.92546055    03
SATNET-590-02047 [DTC]
1  1567U 00000A   25274.57329142 .00000000  00000-0 0 000           4
2  1567  50.0000 279.0000 0000000   0.0000 115.2000 14.92546055    04
SATNET-590-02048 [DTC]
1  1568U 00000A   25274.57329142 .00000000  00000-0 0 000           5
2  1568  50.0000 279.0000 0000000   0.0000 122.4000 14.92546055    05
SATNET-590-02049 [DTC]
1  1569U 00000A   25274.57329142 .00000000  00000-0 0 000           6
2  1569  50.0000 279.0000 0000000   0.0000 129.6000 14.92546055    05
SATNET-590-02050 [DTC]
1  1570U 00000A   25274.57329142 .00000000  00000-0 0 000           8
2  1570  50.0000 279.0000 0000000   0.0000 136.8000 14.92546055    07
SATNET-590-02051 [DTC]
1  1571U 00000A   25274.57329142 .00000000  00000-0 0 000           9
2  1571  50.0000 279.0000 0000000   0.0000 144.0000 14.92546055    09
SATNET-590-02052 [DTC]
1  1572U 00000A   25274.57329142 .00000000  00000-0 0 000           0
2  1572  50.0000 279.0000 0000000   0.0000 151.2000 14.92546055    00
SATNET-590-02053 [DTC]
1  1573U 00000A   25274.57329142 .00000000  00000-0 0 000           1
2  1573  50.0000 279.0000 0000000   0.0000 158.4000 14.92546055    00
SATNET-590-02054 [DTC]
1  1574U 00000A   25274.57329142 .00000000  00000-0 0 000           2
2  1574  50.0000 279.0000 0000000   0.0000 165.6000 14.92546055    01
SATNET-590-02055 [DTC]
1  1575U 00000A   25274.57329142 .00000000  00000-0 0 000           3
2  1575  50.0000 279.0000 0000000   0.0000 172.8000 14.92546055    02
SATNET-590-02056 [DTC]
1  1576U 00000A   25274.57329142 .00000000  00000-0 0 000           4
2  1576  50.0000 279.0000 0000000   0.0000 180.0000 14.92546055    04
SATNET-590-02057 [DTC]
1  1577U 00000A   25274.57329142 .00000000  00000-0 0 000           5
2  1577  50.0000 279.0000 0000000   0.0000 187.2000 14.92546055    04
SATNET-590-02058 [DTC]
1  1578U 00000A   25274.57329142 .00000000  00000-0 0 000           6
2  1578  50.0000 279.0000 0000000   0.0000 194.4000 14.92546055    05
SATNET-590-02059 [DTC]
1  1579U 00000A   25274.57329142 .00000000  00000-0 0 000           7
2  1579  50.0000 279.0000 0000000   0.0000 201.6000 14.92546055    07
SATNET-590-02060 [DTC]
1  1580U 00000A   25274.57329142 .00000000  00000-0 0 000           9
2  1580  50.0000 279.0000 0000000   0.0000 208.8000 14.92546055    08
SATNET-590-02061 [DTC]
1  1581U 00000A   25274.57329142 .00000000  00000-0 0 000           0
2  1581  50.0000 279.0000 0000000   0.0000 216.0000 14.92546055    00
SATNET-590-02062 [DTC]
1  1582U 00000A   25274.57329142 .00000000  00000-0 0 000           1
2  1582  50.0000 279.0000 0000000   0.0000 223.2000 14.92546055    01
SATNET-590-02063 [DTC]
1  1583U 00000A   25274.57329142 .00000000  00000-0 0 000           2
2  1583  50.0000 279.0000 0000000   0.0000 230.4000 14.92546055    02
SATNET-590-02064 [DTC]
1  1584U 00000A   25274.57329142 .00000000  00000-0 0 000           3
2  1584  50.0000 279.0000 0000000   0.0000 237.6000 14.92546055    02
SATNET-590-02065 [DTC]
1  1585U 00000A   25274.57329142 .00000000  00000-0 0 000           4
2  1585  50.0000 279.0000 0000000   0.0000 244.8000 14.92546055    03
SATNET-590-02066 [DTC]
1  1586U 00000A   25274.57329142 .00000000  00000-0 0 000           5
2  1586  50.0000 279.0000 0000000   0.0000 252.0000 14.92546055    05
SATNET-590-02067 [DTC]
1  1587U 00000A   25274.57329142 .00000000  00000-0 0 000           6
2  1587  50.0000 279.0000 0000000   0.0000 259.2000 14.92546055    05
SATNET-590-02068 [DTC]
1  1588U 00000A   25274.57329142 .00000000  00000-0 0 000           7
2  1588  50.0000 279.0000 0000000   0.0000 266.4000 14.92546055    06
SATNET-590-02069 [DTC]
1  1589U 00000A   25274.57329142 .00000000  00000-0 0 000           8
2  1589  50.0000 279.0000 0000000   0.0000 273.6000 14.92546055    07
SATNET-590-02070 [DTC]
1  1590U 00000A   25274.57329142 .00000000  00000-0 0 000           0
2  1590  50.0000 279.0000 0000000   0.0000 280.8000 14.92546055    09
SATNET-590-02071 [DTC]
1  1591U 00000A   25274.57329142 .00000000  00000-0 0 000           1
2  1591  50.0000 279.0000 0000000   0.0000 288.0000 14.92546055    00
SATNET-590-02072 [DTC]
1  1592U 00000A   25274.57329142 .00000000  00000-0 0 000           2
2  1592  50.0000 279.0000 0000000   0.0000 295.2000 14.92546055    01
SATNET-590-02073 [DTC]
1  1593U 00000A   25274.57329142 .00000000  00000-0 0 000           3
2  1593  50.0000 279.0000 0000000   0.0000 302.4000 14.92546055    03
SATNET-590-02074 [DTC]
1  1594U 00000A   25274.57329142 .00000000  00000-0 0 000           4
2  1594  50.0000 279.0000 0000000   0.0000 309.6000 14.92546055    03
SATNET-590-02075 [DTC]
1  1595U 00000A   25274.57329142 .00000000  00000-0 0 000           5
2  1595  50.0000 279.0000 0000000   0.0000 316.8000 14.92546055    04
SATNET-590-02076 [DTC]
1  1596U 00000A   25274.57329142 .00000000  00000-0 0 000           6
2  1596  50.0000 279.0000 0000000   0.0000 324.0000 14.92546055    06
SATNET-590-02077 [DTC]
1  1597U 00000A   25274.57329142 .00000000  00000-0 0 000           7
2  1597  50.0000 279.0000 0000000   0.0000 331.2000 14.92546055    07
SATNET-590-02078 [DTC]
1  1598U 00000A   25274.57329142 .00000000  00000-0 0 000           8
2  1598  50.0000 279.0000 0000000   0.0000 338.4000 14.92546055    07
SATNET-590-02079 [DTC]
1  1599U 00000A   25274.57329142 .00000000  00000-0 0 000           9
2  1599  50.0000 279.0000 0000000   0.0000 345.6000 14.92546055    08
SATNET-590-02080 [DTC]
1  1600U 00000A   25274.57329142 .00000000  00000-0 0 000           2
2  1600  50.0000 279.0000 0000000   0.0000 352.8000 14.92546055    01
SATNET-590-02081 [DTC]
1  1601U 00000A   25274.57329142 .00000000  00000-0 0 000           3
2  1601  50.0000 288.0000 0000000   0.0000   0.0000 14.92546055    04
SATNET-590-02082 [DTC]
1  1602U 00000A   25274.57329142 .00000000  00000-0 0 000           4
2  1602  50.0000 288.0000 0000000   0.0000   7.2000 14.92546055    04
SATNET-590-02083 [DTC]
1  1603U 00000A   25274.57329142 .00000000  00000-0 0 000           5
2  1603  50.0000 288.0000 0000000   0.0000  14.4000 14.92546055    05
SATNET-590-02084 [DTC]
1  1604U 00000A   25274.57329142 .00000000  00000-0 0 000           6
2  1604  50.0000 288.0000 0000000   0.0000  21.6000 14.92546055    06
SATNET-590-02085 [DTC]
1  1605U 00000A   25274.57329142 .00000000  00000-0 0 000           7
2  1605  50.0000 288.0000 0000000   0.0000  28.8000 14.92546055    06
SATNET-590-02086 [DTC]
1  1606U 00000A   25274.57329142 .00000000  00000-0 0 000           8
2  1606  50.0000 288.0000 0000000   0.0000  36.0000 14.92546055    08
SATNET-590-02087 [DTC]
1  1607U 00000A   25274.57329142 .00000000  00000-0 0 000           9
2  1607  50.0000 288.0000 0000000   0.0000  43.2000 14.92546055    09
SATNET-590-02088 [DTC]
1  1608U 00000A   25274.57329142 .00000000  00000-0 0 000           0
2  1608  50.0000 288.0000 0000000   0.0000  50.4000 14.92546055    00
SATNET-590-02089 [DTC]
1  1609U 00000A   25274.57329142 .00000000  00000-0 0 000           1
2  1609  50.0000 288.0000 0000000   0.0000  57.6000 14.92546055    00
SATNET-590-02090 [DTC]
1  1610U 00000A   25274.57329142 .00000000  00000-0 0 000           3
2  1610  50.0000 288.0000 0000000   0.0000  64.8000 14.92546055    02
SATNET-590-02091 [DTC]
1  1611U 00000A   25274.57329142 .00000000  00000-0 0 000           4
2  1611  50.0000 288.0000 0000000   0.0000  72.0000 14.92546055    04
SATNET-590-02092 [DTC]
1  1612U 00000A   25274.57329142 .00000000  00000-0 0 000           5
2  1612  50.0000 288.0000 0000000   0.0000  79.2000 14.92546055    04
SATNET-590-02093 [DTC]
1  1613U 00000A   25274.57329142 .00000000  00000-0 0 000           6
2  1613  50.0000 288.0000 0000000   0.0000  86.4000 14.92546055    05
SATNET-590-02094 [DTC]
1  1614U 00000A   25274.57329142 .00000000  00000-0 0 000           7
2  1614  50.0000 288.0000 0000000   0.0000  93.6000 14.92546055    06
SATNET-590-02095 [DTC]
1  1615U 00000A   25274.57329142 .00000000  00000-0 0 000           8
2  1615  50.0000 288.0000 0000000   0.0000 100.8000 14.92546055    08
SATNET-590-02096 [DTC]
1  1616U 00000A   25274.57329142 .00000000  00000-0 0 000           9
2  1616  50.0000 288.0000 0000000   0.0000 108.0000 14.92546055    09
SATNET-590-02097 [DTC]
1  1617U 00000A   25274.57329142 .00000000  00000-0 0 000           0
2  1617  50.0000 288.0000 0000000   0.0000 115.2000 14.92546055    00
SATNET-590-02098 [DTC]
1  1618U 00000A   25274.57329142 .00000000  00000-0 0 000           1
2  1618  50.0000 288.0000 0000000   0.0000 122.4000 14.92546055    01
SATNET-590-02099 [DTC]
1  1619U 00000A   25274.57329142 .00000000  00000-0 0 000           2
2  1619  50.0000 288.0000 0000000   0.0000 129.6000 14.92546055    01
SATNET-590-02100 [DTC]
1  1620U 00000A   25274.57329142 .00000000  00000-0 0 000           4
2  1620  50.0000 288.0000 0000000   0.0000 136.8000 14.92546055    03
SATNET-590-02101 [DTC]
1  1621U 00000A   25274.57329142 .00000000  00000-0 0 000           5
2  1621  50.0000 288.0000 0000000   0.0000 144.0000 14.92546055    05
SATNET-590-02102 [DTC]
1  1622U 00000A   25274.57329142 .00000000  00000-0 0 000           6
2  1622  50.0000 288.0000 0000000   0.0000 151.2000 14.92546055    06
SATNET-590-02103 [DTC]
1  1623U 00000A   25274.57329142 .00000000  00000-0 0 000           7
2  1623  50.0000 288.0000 0000000   0.0000 158.4000 14.92546055    06
SATNET-590-02104 [DTC]
1  1624U 00000A   25274.57329142 .00000000  00000-0 0 000           8
2  1624  50.0000 288.0000 0000000   0.0000 165.6000 14.92546055    07
SATNET-590-02105 [DTC]
1  1625U 00000A   25274.57329142 .00000000  00000-0 0 000           9
2  1625  50.0000 288.0000 0000000   0.0000 172.8000 14.92546055    08
SATNET-590-02106 [DTC]
1  1626U 00000A   25274.57329142 .00000000  00000-0 0 000           0
2  1626  50.0000 288.0000 0000000   0.0000 180.0000 14.92546055    00
SATNET-590-02107 [DTC]
1  1627U 00000A   25274.57329142 .00000000  00000-0 0 000           1
2  1627  50.0000 288.0000 0000000   0.0000 187.2000 14.92546055    00
SATNET-590-02108 [DTC]
1  1628U 00000A   25274.57329142 .00000000  00000-0 0 000           2
2  1628  50.0000 288.0000 0000000   0.0000 194.4000 14.92546055    01
SATNET-590-02109 [DTC]
1  1629U 00000A   25274.57329142 .00000000  00000-0 0 000           3
2  1629  50.0000 288.0000 0000000   0.0000 201.6000 14.92546055    03
SATNET-590-02110 [DTC]
1  1630U 00000A   25274.57329142 .00000000  00000-0 0 000           5
2  1630  50.0000 288.0000 0000000   0.0000 208.8000 14.92546055    04
SATNET-590-02111 [DTC]
1  1631U 00000A   25274.57329142 .00000000  00000-0 0 000           6
2  1631  50.0000 288.0000 0000000   0.0000 216.0000 14.92546055    06
SATNET-590-02112 [DTC]
1  1632U 00000A   25274.57329142 .00000000  00000-0 0 000           7
2  1632  50.0000 288.0000 0000000   0.0000 223.2000 14.92546055    07
SATNET-590-02113 [DTC]
1  1633U 00000A   25274.57329142 .00000000  00000-0 0 000           8
2  1633  50.0000 288.0000 0000000   0.0000 230.4000 14.92546055    08
SATNET-590-02114 [DTC]
1  1634U 00000A   25274.57329142 .00000000  00000-0 0 000           9
2  1634  50.0000 288.0000 0000000   0.0000 237.6000 14.92546055    08
SATNET-590-02115 [DTC]
1  1635U 00000A   25274.57329142 .00000000  00000-0 0 000           0
2  1635  50.0000 288.0000 0000000   0.0000 244.8000 14.92546055    09
SATNET-590-02116 [DTC]
1  1636U 00000A   25274.57329142 .00000000  00000-0 0 000           1
2  1636  50.0000 288.0000 0000000   0.0000 252.0000 14.92546055    01
SATNET-590-02117 [DTC]
1  1637U 00000A   25274.57329142 .00000000  00000-0 0 000           2
2  1637  50.0000 288.0000 0000000   0.0000 259.2000 14.92546055    01
SATNET-590-02118 [DTC]
1  1638U 00000A   25274.57329142 .00000000  00000-0 0 000           3
2  1638  50.0000 288.0000 0000000   0.0000 266.4000 14.92546055    02
SATNET-590-02119 [DTC]
1  1639U 00000A   25274.57329142 .00000000  00000-0 0 000           4
2  1639  50.0000 288.0000 0000000   0.0000 273.6000 14.92546055    03
SATNET-590-02120 [DTC]
1  1640U 00000A   25274.57329142 .00000000  00000-0 0 000           6
2  1640  50.0000 288.0000 0000000   0.0000 280.8000 14.92546055    05
SATNET-590-02121 [DTC]
1  1641U 00000A   25274.57329142 .00000000  00000-0 0 000           7
2  1641  50.0000 288.0000 0000000   0.0000 288.0000 14.92546055    06
SATNET-590-02122 [DTC]
1  1642U 00000A   25274.57329142 .00000000  00000-0 0 000           8
2  1642  50.0000 288.0000 0000000   0.0000 295.2000 14.92546055    07
SATNET-590-02123 [DTC]
1  1643U 00000A   25274.57329142 .00000000  00000-0 0 000           9
2  1643  50.0000 288.0000 0000000   0.0000 302.4000 14.92546055    09
SATNET-590-02124 [DTC]
1  1644U 00000A   25274.57329142 .00000000  00000-0 0 000           0
2  1644  50.0000 288.0000 0000000   0.0000 309.6000 14.92546055    09
SATNET-590-02125 [DTC]
1  1645U 00000A   25274.57329142 .00000000  00000-0 0 000           1
2  1645  50.0000 288.0000 0000000   0.0000 316.8000 14.92546055    00
SATNET-590-02126 [DTC]
1  1646U 00000A   25274.57329142 .00000000  00000-0 0 000           2
2  1646  50.0000 288.0000 0000000   0.0000 324.0000 14.92546055    02
SATNET-590-02127 [DTC]
1  1647U 00000A   25274.57329142 .00000000  00000-0 0 000           3
2  1647  50.0000 288.0000 0000000   0.0000 331.2000 14.92546055    03
SATNET-590-02128 [DTC]
1  1648U 00000A   25274.57329142 .00000000  00000-0 0 000           4
2  1648  50.0000 288.0000 0000000   0.0000 338.4000 14.92546055    03
SATNET-590-02129 [DTC]
1  1649U 00000A   25274.57329142 .00000000  00000-0 0 000           5
2  1649  50.0000 288.0000 0000000   0.0000 345.6000 14.92546055    04
SATNET-590-02130 [DTC]
1  1650U 00000A   25274.57329142 .00000000  00000-0 0 000           7
2  1650  50.0000 288.0000 0000000   0.0000 352.8000 14.92546055    06
SATNET-590-02131 [DTC]
1  1651U 00000A   25274.57329142 .00000000  00000-0 0 000           8
2  1651  50.0000 297.0000 0000000   0.0000   0.0000 14.92546055    09
SATNET-590-02132 [DTC]
1  1652U 00000A   25274.57329142 .00000000  00000-0 0 000           9
2  1652  50.0000 297.0000 0000000   0.0000   7.2000 14.92546055    09
SATNET-590-02133 [DTC]
1  1653U 00000A   25274.57329142 .00000000  00000-0 0 000           0
2  1653  50.0000 297.0000 0000000   0.0000  14.4000 14.92546055    00
SATNET-590-02134 [DTC]
1  1654U 00000A   25274.57329142 .00000000  00000-0 0 000           1
2  1654  50.0000 297.0000 0000000   0.0000  21.6000 14.92546055    01
SATNET-590-02135 [DTC]
1  1655U 00000A   25274.57329142 .00000000  00000-0 0 000           2
2  1655  50.0000 297.0000 0000000   0.0000  28.8000 14.92546055    01
SATNET-590-02136 [DTC]
1  1656U 00000A   25274.57329142 .00000000  00000-0 0 000           3
2  1656  50.0000 297.0000 0000000   0.0000  36.0000 14.92546055    03
SATNET-590-02137 [DTC]
1  1657U 00000A   25274.57329142 .00000000  00000-0 0 000           4
2  1657  50.0000 297.0000 0000000   0.0000  43.2000 14.92546055    04
SATNET-590-02138 [DTC]
1  1658U 00000A   25274.57329142 .00000000  00000-0 0 000           5
2  1658  50.0000 297.0000 0000000   0.0000  50.4000 14.92546055    05
SATNET-590-02139 [DTC]
1  1659U 00000A   25274.57329142 .00000000  00000-0 0 000           6
2  1659  50.0000 297.0000 0000000   0.0000  57.6000 14.92546055    05
SATNET-590-02140 [DTC]
1  1660U 00000A   25274.57329142 .00000000  00000-0 0 000           8
2  1660  50.0000 297.0000 0000000   0.0000  64.8000 14.92546055    07
SATNET-590-02141 [DTC]
1  1661U 00000A   25274.57329142 .00000000  00000-0 0 000           9
2  1661  50.0000 297.0000 0000000   0.0000  72.0000 14.92546055    09
SATNET-590-02142 [DTC]
1  1662U 00000A   25274.57329142 .00000000  00000-0 0 000           0
2  1662  50.0000 297.0000 0000000   0.0000  79.2000 14.92546055    09
SATNET-590-02143 [DTC]
1  1663U 00000A   25274.57329142 .00000000  00000-0 0 000           1
2  1663  50.0000 297.0000 0000000   0.0000  86.4000 14.92546055    00
SATNET-590-02144 [DTC]
1  1664U 00000A   25274.57329142 .00000000  00000-0 0 000           2
2  1664  50.0000 297.0000 0000000   0.0000  93.6000 14.92546055    01
SATNET-590-02145 [DTC]
1  1665U 00000A   25274.57329142 .00000000  00000-0 0 000           3
2  1665  50.0000 297.0000 0000000   0.0000 100.8000 14.92546055    03
SATNET-590-02146 [DTC]
1  1666U 00000A   25274.57329142 .00000000  00000-0 0 000           4
2  1666  50.0000 297.0000 0000000   0.0000 108.0000 14.92546055    04
SATNET-590-02147 [DTC]
1  1667U 00000A   25274.57329142 .00000000  00000-0 0 000           5
2  1667  50.0000 297.0000 0000000   0.0000 115.2000 14.92546055    05
SATNET-590-02148 [DTC]
1  1668U 00000A   25274.57329142 .00000000  00000-0 0 000           6
2  1668  50.0000 297.0000 0000000   0.0000 122.4000 14.92546055    06
SATNET-590-02149 [DTC]
1  1669U 00000A   25274.57329142 .00000000  00000-0 0 000           7
2  1669  50.0000 297.0000 0000000   0.0000 129.6000 14.92546055    06
SATNET-590-02150 [DTC]
1  1670U 00000A   25274.57329142 .00000000  00000-0 0 000           9
2  1670  50.0000 297.0000 0000000   0.0000 136.8000 14.92546055    08
SATNET-590-02151 [DTC]
1  1671U 00000A   25274.57329142 .00000000  00000-0 0 000           0
2  1671  50.0000 297.0000 0000000   0.0000 144.0000 14.92546055    00
SATNET-590-02152 [DTC]
1  1672U 00000A   25274.57329142 .00000000  00000-0 0 000           1
2  1672  50.0000 297.0000 0000000   0.0000 151.2000 14.92546055    01
SATNET-590-02153 [DTC]
1  1673U 00000A   25274.57329142 .00000000  00000-0 0 000           2
2  1673  50.0000 297.0000 0000000   0.0000 158.4000 14.92546055    01
SATNET-590-02154 [DTC]
1  1674U 00000A   25274.57329142 .00000000  00000-0 0 000           3
2  1674  50.0000 297.0000 0000000   0.0000 165.6000 14.92546055    02
SATNET-590-02155 [DTC]
1  1675U 00000A   25274.57329142 .00000000  00000-0 0 000           4
2  1675  50.0000 297.0000 0000000   0.0000 172.8000 14.92546055    03
SATNET-590-02156 [DTC]
1  1676U 00000A   25274.57329142 .00000000  00000-0 0 000           5
2  1676  50.0000 297.0000 0000000   0.0000 180.0000 14.92546055    05
SATNET-590-02157 [DTC]
1  1677U 00000A   25274.57329142 .00000000  00000-0 0 000           6
2  1677  50.0000 297.0000 0000000   0.0000 187.2000 14.92546055    05
SATNET-590-02158 [DTC]
1  1678U 00000A   25274.57329142 .00000000  00000-0 0 000           7
2  1678  50.0000 297.0000 0000000   0.0000 194.4000 14.92546055    06
SATNET-590-02159 [DTC]
1  1679U 00000A   25274.57329142 .00000000  00000-0 0 000           8
2  1679  50.0000 297.0000 0000000   0.0000 201.6000 14.92546055    08
SATNET-590-02160 [DTC]
1  1680U 00000A   25274.57329142 .00000000  00000-0 0 000           0
2  1680  50.0000 297.0000 0000000   0.0000 208.8000 14.92546055    09
SATNET-590-02161 [DTC]
1  1681U 00000A   25274.57329142 .00000000  00000-0 0 000           1
2  1681  50.0000 297.0000 0000000   0.0000 216.0000 14.92546055    01
SATNET-590-02162 [DTC]
1  1682U 00000A   25274.57329142 .00000000  00000-0 0 000           2
2  1682  50.0000 297.0000 0000000   0.0000 223.2000 14.92546055    02
SATNET-590-02163 [DTC]
1  1683U 00000A   25274.57329142 .00000000  00000-0 0 000           3
2  1683  50.0000 297.0000 0000000   0.0000 230.4000 14.92546055    03
SATNET-590-02164 [DTC]
1  1684U 00000A   25274.57329142 .00000000  00000-0 0 000           4
2  1684  50.0000 297.0000 0000000   0.0000 237.6000 14.92546055    03
SATNET-590-02165 [DTC]
1  1685U 00000A   25274.57329142 .00000000  00000-0 0 000           5
2  1685  50.0000 297.0000 0000000   0.0000 244.8000 14.92546055    04
SATNET-590-02166 [DTC]
1  1686U 00000A   25274.57329142 .00000000  00000-0 0 000           6
2  1686  50.0000 297.0000 0000000   0.0000 252.0000 14.92546055    06
SATNET-590-02167 [DTC]
1  1687U 00000A   25274.57329142 .00000000  00000-0 0 000           7
2  1687  50.0000 297.0000 0000000   0.0000 259.2000 14.92546055    06
SATNET-590-02168 [DTC]
1  1688U 00000A   25274.57329142 .00000000  00000-0 0 000           8
2  1688  50.0000 297.0000 0000000   0.0000 266.4000 14.92546055    07
SATNET-590-02169 [DTC]
1  1689U 00000A   25274.57329142 .00000000  00000-0 0 000           9
2  1689  50.0000 297.0000 0000000   0.0000 273.6000 14.92546055    08
SATNET-590-02170 [DTC]
1  1690U 00000A   25274.57329142 .00000000  00000-0 0 000           1
2  1690  50.0000 297.0000 0000000   0.0000 280.8000 14.92546055    00
SATNET-590-02171 [DTC]
1  1691U 00000A   25274.57329142 .00000000  00000-0 0 000           2
2  1691  50.0000 297.0000 0000000   0.0000 288.0000 14.92546055    01
SATNET-590-02172 [DTC]
1  1692U 00000A   25274.57329142 .00000000  00000-0 0 000           3
2  1692  50.0000 297.0000 0000000   0.0000 295.2000 14.92546055    02
SATNET-590-02173 [DTC]
1  1693U 00000A   25274.57329142 .00000000  00000-0 0 000           4
2  1693  50.0000 297.0000 0000000   0.0000 302.4000 14.92546055    04
SATNET-590-02174 [DTC]
1  1694U 00000A   25274.57329142 .00000000  00000-0 0 000           5
2  1694  50.0000 297.0000 0000000   0.0000 309.6000 14.92546055    04
SATNET-590-02175 [DTC]
1  1695U 00000A   25274.57329142 .00000000  00000-0 0 000           6
2  1695  50.0000 297.0000 0000000   0.0000 316.8000 14.92546055    05
SATNET-590-02176 [DTC]
1  1696U 00000A   25274.57329142 .00000000  00000-0 0 000           7
2  1696  50.0000 297.0000 0000000   0.0000 324.0000 14.92546055    07
SATNET-590-02177 [DTC]
1  1697U 00000A   25274.57329142 .00000000  00000-0 0 000           8
2  1697  50.0000 297.0000 0000000   0.0000 331.2000 14.92546055    08
SATNET-590-02178 [DTC]
1  1698U 00000A   25274.57329142 .00000000  00000-0 0 000           9
2  1698  50.0000 297.0000 0000000   0.0000 338.4000 14.92546055    08
SATNET-590-02179 [DTC]
1  1699U 00000A   25274.57329142 .00000000  00000-0 0 000           0
2  1699  50.0000 297.0000 0000000   0.0000 345.6000 14.92546055    09
SATNET-590-02180 [DTC]
1  1700U 00000A   25274.57329142 .00000000  00000-0 0 000           3
2  1700  50.0000 297.0000 0000000   0.0000 352.8000 14.92546055    02
SATNET-590-02181 [DTC]
1  1701U 00000A   25274.57329142 .00000000  00000-0 0 000           4
2  1701  50.0000 306.0000 0000000   0.0000   0.0000 14.92546055    06
SATNET-590-02182 [DTC]
1  1702U 00000A   25274.57329142 .00000000  00000-0 0 000           5
2  1702  50.0000 306.0000 0000000   0.0000   7.2000 14.92546055    06
SATNET-590-02183 [DTC]
1  1703U 00000A   25274.57329142 .00000000  00000-0 0 000           6
2  1703  50.0000 306.0000 0000000   0.0000  14.4000 14.92546055    07
SATNET-590-02184 [DTC]
1  1704U 00000A   25274.57329142 .00000000  00000-0 0 000           7
2  1704  50.0000 306.0000 0000000   0.0000  21.6000 14.92546055    08
SATNET-590-02185 [DTC]
1  1705U 00000A   25274.57329142 .00000000  00000-0 0 000           8
2  1705  50.0000 306.0000 0000000   0.0000  28.8000 14.92546055    08
SATNET-590-02186 [DTC]
1  1706U 00000A   25274.57329142 .00000000  00000-0 0 000           9
2  1706  50.0000 306.0000 0000000   0.0000  36.0000 14.92546055    00
SATNET-590-02187 [DTC]
1  1707U 00000A   25274.57329142 .00000000  00000-0 0 000           0
2  1707  50.0000 306.0000 0000000   0.0000  43.2000 14.92546055    01
SATNET-590-02188 [DTC]
1  1708U 00000A   25274.57329142 .00000000  00000-0 0 000           1
2  1708  50.0000 306.0000 0000000   0.0000  50.4000 14.92546055    02
SATNET-590-02189 [DTC]
1  1709U 00000A   25274.57329142 .00000000  00000-0 0 000           2
2  1709  50.0000 306.0000 0000000   0.0000  57.6000 14.92546055    02
SATNET-590-02190 [DTC]
1  1710U 00000A   25274.57329142 .00000000  00000-0 0 000           4
2  1710  50.0000 306.0000 0000000   0.0000  64.8000 14.92546055    04
SATNET-590-02191 [DTC]
1  1711U 00000A   25274.57329142 .00000000  00000-0 0 000           5
2  1711  50.0000 306.0000 0000000   0.0000  72.0000 14.92546055    06
SATNET-590-02192 [DTC]
1  1712U 00000A   25274.57329142 .00000000  00000-0 0 000           6
2  1712  50.0000 306.0000 0000000   0.0000  79.2000 14.92546055    06
SATNET-590-02193 [DTC]
1  1713U 00000A   25274.57329142 .00000000  00000-0 0 000           7
2  1713  50.0000 306.0000 0000000   0.0000  86.4000 14.92546055    07
SATNET-590-02194 [DTC]
1  1714U 00000A   25274.57329142 .00000000  00000-0 0 000           8
2  1714  50.0000 306.0000 0000000   0.0000  93.6000 14.92546055    08
SATNET-590-02195 [DTC]
1  1715U 00000A   25274.57329142 .00000000  00000-0 0 000           9
2  1715  50.0000 306.0000 0000000   0.0000 100.8000 14.92546055    00
SATNET-590-02196 [DTC]
1  1716U 00000A   25274.57329142 .00000000  00000-0 0 000           0
2  1716  50.0000 306.0000 0000000   0.0000 108.0000 14.92546055    01
SATNET-590-02197 [DTC]
1  1717U 00000A   25274.57329142 .00000000  00000-0 0 000           1
2  1717  50.0000 306.0000 0000000   0.0000 115.2000 14.92546055    02
SATNET-590-02198 [DTC]
1  1718U 00000A   25274.57329142 .00000000  00000-0 0 000           2
2  1718  50.0000 306.0000 0000000   0.0000 122.4000 14.92546055    03
SATNET-590-02199 [DTC]
1  1719U 00000A   25274.57329142 .00000000  00000-0 0 000           3
2  1719  50.0000 306.0000 0000000   0.0000 129.6000 14.92546055    03
SATNET-590-02200 [DTC]
1  1720U 00000A   25274.57329142 .00000000  00000-0 0 000           5
2  1720  50.0000 306.0000 0000000   0.0000 136.8000 14.92546055    05
SATNET-590-02201 [DTC]
1  1721U 00000A   25274.57329142 .00000000  00000-0 0 000           6
2  1721  50.0000 306.0000 0000000   0.0000 144.0000 14.92546055    07
SATNET-590-02202 [DTC]
1  1722U 00000A   25274.57329142 .00000000  00000-0 0 000           7
2  1722  50.0000 306.0000 0000000   0.0000 151.2000 14.92546055    08
SATNET-590-02203 [DTC]
1  1723U 00000A   25274.57329142 .00000000  00000-0 0 000           8
2  1723  50.0000 306.0000 0000000   0.0000 158.4000 14.92546055    08
SATNET-590-02204 [DTC]
1  1724U 00000A   25274.57329142 .00000000  00000-0 0 000           9
2  1724  50.0000 306.0000 0000000   0.0000 165.6000 14.92546055    09
SATNET-590-02205 [DTC]
1  1725U 00000A   25274.57329142 .00000000  00000-0 0 000           0
2  1725  50.0000 306.0000 0000000   0.0000 172.8000 14.92546055    00
SATNET-590-02206 [DTC]
1  1726U 00000A   25274.57329142 .00000000  00000-0 0 000           1
2  1726  50.0000 306.0000 0000000   0.0000 180.0000 14.92546055    02
SATNET-590-02207 [DTC]
1  1727U 00000A   25274.57329142 .00000000  00000-0 0 000           2
2  1727  50.0000 306.0000 0000000   0.0000 187.2000 14.92546055    02
SATNET-590-02208 [DTC]
1  1728U 00000A   25274.57329142 .00000000  00000-0 0 000           3
2  1728  50.0000 306.0000 0000000   0.0000 194.4000 14.92546055    03
SATNET-590-02209 [DTC]
1  1729U 00000A   25274.57329142 .00000000  00000-0 0 000           4
2  1729  50.0000 306.0000 0000000   0.0000 201.6000 14.92546055    05
SATNET-590-02210 [DTC]
1  1730U 00000A   25274.57329142 .00000000  00000-0 0 000           6
2  1730  50.0000 306.0000 0000000   0.0000 208.8000 14.92546055    06
SATNET-590-02211 [DTC]
1  1731U 00000A   25274.57329142 .00000000  00000-0 0 000           7
2  1731  50.0000 306.0000 0000000   0.0000 216.0000 14.92546055    08
SATNET-590-02212 [DTC]
1  1732U 00000A   25274.57329142 .00000000  00000-0 0 000           8
2  1732  50.0000 306.0000 0000000   0.0000 223.2000 14.92546055    09
SATNET-590-02213 [DTC]
1  1733U 00000A   25274.57329142 .00000000  00000-0 0 000           9
2  1733  50.0000 306.0000 0000000   0.0000 230.4000 14.92546055    00
SATNET-590-02214 [DTC]
1  1734U 00000A   25274.57329142 .00000000  00000-0 0 000           0
2  1734  50.0000 306.0000 0000000   0.0000 237.6000 14.92546055    00
SATNET-590-02215 [DTC]
1  1735U 00000A   25274.57329142 .00000000  00000-0 0 000           1
2  1735  50.0000 306.0000 0000000   0.0000 244.8000 14.92546055    01
SATNET-590-02216 [DTC]
1  1736U 00000A   25274.57329142 .00000000  00000-0 0 000           2
2  1736  50.0000 306.0000 0000000   0.0000 252.0000 14.92546055    03
SATNET-590-02217 [DTC]
1  1737U 00000A   25274.57329142 .00000000  00000-0 0 000           3
2  1737  50.0000 306.0000 0000000   0.0000 259.2000 14.92546055    03
SATNET-590-02218 [DTC]
1  1738U 00000A   25274.57329142 .00000000  00000-0 0 000           4
2  1738  50.0000 306.0000 0000000   0.0000 266.4000 14.92546055    04
SATNET-590-02219 [DTC]
1  1739U 00000A   25274.57329142 .00000000  00000-0 0 000           5
2  1739  50.0000 306.0000 0000000   0.0000 273.6000 14.92546055    05
SATNET-590-02220 [DTC]
1  1740U 00000A   25274.57329142 .00000000  00000-0 0 000           7
2  1740  50.0000 306.0000 0000000   0.0000 280.8000 14.92546055    07
SATNET-590-02221 [DTC]
1  1741U 00000A   25274.57329142 .00000000  00000-0 0 000           8
2  1741  50.0000 306.0000 0000000   0.0000 288.0000 14.92546055    08
SATNET-590-02222 [DTC]
1  1742U 00000A   25274.57329142 .00000000  00000-0 0 000           9
2  1742  50.0000 306.0000 0000000   0.0000 295.2000 14.92546055    09
SATNET-590-02223 [DTC]
1  1743U 00000A   25274.57329142 .00000000  00000-0 0 000           0
2  1743  50.0000 306.0000 0000000   0.0000 302.4000 14.92546055    01
SATNET-590-02224 [DTC]
1  1744U 00000A   25274.57329142 .00000000  00000-0 0 000           1
2  1744  50.0000 306.0000 0000000   0.0000 309.6000 14.92546055    01
SATNET-590-02225 [DTC]
1  1745U 00000A   25274.57329142 .00000000  00000-0 0 000           2
2  1745  50.0000 306.0000 0000000   0.0000 316.8000 14.92546055    02
SATNET-590-02226 [DTC]
1  1746U 00000A   25274.57329142 .00000000  00000-0 0 000           3
2  1746  50.0000 306.0000 0000000   0.0000 324.0000 14.92546055    04
SATNET-590-02227 [DTC]
1  1747U 00000A   25274.57329142 .00000000  00000-0 0 000           4
2  1747  50.0000 306.0000 0000000   0.0000 331.2000 14.92546055    05
SATNET-590-02228 [DTC]
1  1748U 00000A   25274.57329142 .00000000  00000-0 0 000           5
2  1748  50.0000 306.0000 0000000   0.0000 338.4000 14.92546055    05
SATNET-590-02229 [DTC]
1  1749U 00000A   25274.57329142 .00000000  00000-0 0 000           6
2  1749  50.0000 306.0000 0000000   0.0000 345.6000 14.92546055    06
SATNET-590-02230 [DTC]
1  1750U 00000A   25274.57329142 .00000000  00000-0 0 000           8
2  1750  50.0000 306.0000 0000000   0.0000 352.8000 14.92546055    08
SATNET-590-02231 [DTC]
1  1751U 00000A   25274.57329142 .00000000  00000-0 0 000           9
2  1751  50.0000 315.0000 0000000   0.0000   0.0000 14.92546055    01
SATNET-590-02232 [DTC]
1  1752U 00000A   25274.57329142 .00000000  00000-0 0 000           0
2  1752  50.0000 315.0000 0000000   0.0000   7.2000 14.92546055    01
SATNET-590-02233 [DTC]
1  1753U 00000A   25274.57329142 .00000000  00000-0 0 000           1
2  1753  50.0000 315.0000 0000000   0.0000  14.4000 14.92546055    02
SATNET-590-02234 [DTC]
1  1754U 00000A   25274.57329142 .00000000  00000-0 0 000           2
2  1754  50.0000 315.0000 0000000   0.0000  21.6000 14.92546055    03
SATNET-590-02235 [DTC]
1  1755U 00000A   25274.57329142 .00000000  00000-0 0 000           3
2  1755  50.0000 315.0000 0000000   0.0000  28.8000 14.92546055    03
SATNET-590-02236 [DTC]
1  1756U 00000A   25274.57329142 .00000000  00000-0 0 000           4
2  1756  50.0000 315.0000 0000000   0.0000  36.0000 14.92546055    05
SATNET-590-02237 [DTC]
1  1757U 00000A   25274.57329142 .00000000  00000-0 0 000           5
2  1757  50.0000 315.0000 0000000   0.0000  43.2000 14.92546055    06
SATNET-590-02238 [DTC]
1  1758U 00000A   25274.57329142 .00000000  00000-0 0 000           6
2  1758  50.0000 315.0000 0000000   0.0000  50.4000 14.92546055    07
SATNET-590-02239 [DTC]
1  1759U 00000A   25274.57329142 .00000000  00000-0 0 000           7
2  1759  50.0000 315.0000 0000000   0.0000  57.6000 14.92546055    07
SATNET-590-02240 [DTC]
1  1760U 00000A   25274.57329142 .00000000  00000-0 0 000           9
2  1760  50.0000 315.0000 0000000   0.0000  64.8000 14.92546055    09
SATNET-590-02241 [DTC]
1  1761U 00000A   25274.57329142 .00000000  00000-0 0 000           0
2  1761  50.0000 315.0000 0000000   0.0000  72.0000 14.92546055    01
SATNET-590-02242 [DTC]
1  1762U 00000A   25274.57329142 .00000000  00000-0 0 000           1
2  1762  50.0000 315.0000 0000000   0.0000  79.2000 14.92546055    01
SATNET-590-02243 [DTC]
1  1763U 00000A   25274.57329142 .00000000  00000-0 0 000           2
2  1763  50.0000 315.0000 0000000   0.0000  86.4000 14.92546055    02
SATNET-590-02244 [DTC]
1  1764U 00000A   25274.57329142 .00000000  00000-0 0 000           3
2  1764  50.0000 315.0000 0000000   0.0000  93.6000 14.92546055    03
SATNET-590-02245 [DTC]
1  1765U 00000A   25274.57329142 .00000000  00000-0 0 000           4
2  1765  50.0000 315.0000 0000000   0.0000 100.8000 14.92546055    05
SATNET-590-02246 [DTC]
1  1766U 00000A   25274.57329142 .00000000  00000-0 0 000           5
2  1766  50.0000 315.0000 0000000   0.0000 108.0000 14.92546055    06
SATNET-590-02247 [DTC]
1  1767U 00000A   25274.57329142 .00000000  00000-0 0 000           6
2  1767  50.0000 315.0000 0000000   0.0000 115.2000 14.92546055    07
SATNET-590-02248 [DTC]
1  1768U 00000A   25274.57329142 .00000000  00000-0 0 000           7
2  1768  50.0000 315.0000 0000000   0.0000 122.4000 14.92546055    08
SATNET-590-02249 [DTC]
1  1769U 00000A   25274.57329142 .00000000  00000-0 0 000           8
2  1769  50.0000 315.0000 0000000   0.0000 129.6000 14.92546055    08
SATNET-590-02250 [DTC]
1  1770U 00000A   25274.57329142 .00000000  00000-0 0 000           0
2  1770  50.0000 315.0000 0000000   0.0000 136.8000 14.92546055    00
SATNET-590-02251 [DTC]
1  1771U 00000A   25274.57329142 .00000000  00000-0 0 000           1
2  1771  50.0000 315.0000 0000000   0.0000 144.0000 14.92546055    02
SATNET-590-02252 [DTC]
1  1772U 00000A   25274.57329142 .00000000  00000-0 0 000           2
2  1772  50.0000 315.0000 0000000   0.0000 151.2000 14.92546055    03
SATNET-590-02253 [DTC]
1  1773U 00000A   25274.57329142 .00000000  00000-0 0 000           3
2  1773  50.0000 315.0000 0000000   0.0000 158.4000 14.92546055    03
SATNET-590-02254 [DTC]
1  1774U 00000A   25274.57329142 .00000000  00000-0 0 000           4
2  1774  50.0000 315.0000 0000000   0.0000 165.6000 14.92546055    04
SATNET-590-02255 [DTC]
1  1775U 00000A   25274.57329142 .00000000  00000-0 0 000           5
2  1775  50.0000 315.0000 0000000   0.0000 172.8000 14.92546055    05
SATNET-590-02256 [DTC]
1  1776U 00000A   25274.57329142 .00000000  00000-0 0 000           6
2  1776  50.0000 315.0000 0000000   0.0000 180.0000 14.92546055    07
SATNET-590-02257 [DTC]
1  1777U 00000A   25274.57329142 .00000000  00000-0 0 000           7
2  1777  50.0000 315.0000 0000000   0.0000 187.2000 14.92546055    07
SATNET-590-02258 [DTC]
1  1778U 00000A   25274.57329142 .00000000  00000-0 0 000           8
2  1778  50.0000 315.0000 0000000   0.0000 194.4000 14.92546055    08
SATNET-590-02259 [DTC]
1  1779U 00000A   25274.57329142 .00000000  00000-0 0 000           9
2  1779  50.0000 315.0000 0000000   0.0000 201.6000 14.92546055    00
SATNET-590-02260 [DTC]
1  1780U 00000A   25274.57329142 .00000000  00000-0 0 000           1
2  1780  50.0000 315.0000 0000000   0.0000 208.8000 14.92546055    01
SATNET-590-02261 [DTC]
1  1781U 00000A   25274.57329142 .00000000  00000-0 0 000           2
2  1781  50.0000 315.0000 0000000   0.0000 216.0000 14.92546055    03
SATNET-590-02262 [DTC]
1  1782U 00000A   25274.57329142 .00000000  00000-0 0 000           3
2  1782  50.0000 315.0000 0000000   0.0000 223.2000 14.92546055    04
SATNET-590-02263 [DTC]
1  1783U 00000A   25274.57329142 .00000000  00000-0 0 000           4
2  1783  50.0000 315.0000 0000000   0.0000 230.4000 14.92546055    05
SATNET-590-02264 [DTC]
1  1784U 00000A   25274.57329142 .00000000  00000-0 0 000           5
2  1784  50.0000 315.0000 0000000   0.0000 237.6000 14.92546055    05
SATNET-590-02265 [DTC]
1  1785U 00000A   25274.57329142 .00000000  00000-0 0 000           6
2  1785  50.0000 315.0000 0000000   0.0000 244.8000 14.92546055    06
SATNET-590-02266 [DTC]
1  1786U 00000A   25274.57329142 .00000000  00000-0 0 000           7
2  1786  50.0000 315.0000 0000000   0.0000 252.0000 14.92546055    08
SATNET-590-02267 [DTC]
1  1787U 00000A   25274.57329142 .00000000  00000-0 0 000           8
2  1787  50.0000 315.0000 0000000   0.0000 259.2000 14.92546055    08
SATNET-590-02268 [DTC]
1  1788U 00000A   25274.57329142 .00000000  00000-0 0 000           9
2  1788  50.0000 315.0000 0000000   0.0000 266.4000 14.92546055    09
SATNET-590-02269 [DTC]
1  1789U 00000A   25274.57329142 .00000000  00000-0 0 000           0
2  1789  50.0000 315.0000 0000000   0.0000 273.6000 14.92546055    00
SATNET-590-02270 [DTC]
1  1790U 00000A   25274.57329142 .00000000  00000-0 0 000           2
2  1790  50.0000 315.0000 0000000   0.0000 280.8000 14.92546055    02
SATNET-590-02271 [DTC]
1  1791U 00000A   25274.57329142 .00000000  00000-0 0 000           3
2  1791  50.0000 315.0000 0000000   0.0000 288.0000 14.92546055    03
SATNET-590-02272 [DTC]
1  1792U 00000A   25274.57329142 .00000000  00000-0 0 000           4
2  1792  50.0000 315.0000 0000000   0.0000 295.2000 14.92546055    04
SATNET-590-02273 [DTC]
1  1793U 00000A   25274.57329142 .00000000  00000-0 0 000           5
2  1793  50.0000 315.0000 0000000   0.0000 302.4000 14.92546055    06
SATNET-590-02274 [DTC]
1  1794U 00000A   25274.57329142 .00000000  00000-0 0 000           6
2  1794  50.0000 315.0000 0000000   0.0000 309.6000 14.92546055    06
SATNET-590-02275 [DTC]
1  1795U 00000A   25274.57329142 .00000000  00000-0 0 000           7
2  1795  50.0000 315.0000 0000000   0.0000 316.8000 14.92546055    07
SATNET-590-02276 [DTC]
1  1796U 00000A   25274.57329142 .00000000  00000-0 0 000           8
2  1796  50.0000 315.0000 0000000   0.0000 324.0000 14.92546055    09
SATNET-590-02277 [DTC]
1  1797U 00000A   25274.57329142 .00000000  00000-0 0 000           9
2  1797  50.0000 315.0000 0000000   0.0000 331.2000 14.92546055    00
SATNET-590-02278 [DTC]
1  1798U 00000A   25274.57329142 .00000000  00000-0 0 000           0
2  1798  50.0000 315.0000 0000000   0.0000 338.4000 14.92546055    00
SATNET-590-02279 [DTC]
1  1799U 00000A   25274.57329142 .00000000  00000-0 0 000           1
2  1799  50.0000 315.0000 0000000   0.0000 345.6000 14.92546055    01
SATNET-590-02280 [DTC]
1  1800U 00000A   25274.57329142 .00000000  00000-0 0 000           4
2  1800  50.0000 315.0000 0000000   0.0000 352.8000 14.92546055    04
SATNET-590-02281 [DTC]
1  1801U 00000A   25274.57329142 .00000000  00000-0 0 000           5
2  1801  50.0000 324.0000 0000000   0.0000   0.0000 14.92546055    07
SATNET-590-02282 [DTC]
1  1802U 00000A   25274.57329142 .00000000  00000-0 0 000           6
2  1802  50.0000 324.0000 0000000   0.0000   7.2000 14.92546055    07
SATNET-590-02283 [DTC]
1  1803U 00000A   25274.57329142 .00000000  00000-0 0 000           7
2  1803  50.0000 324.0000 0000000   0.0000  14.4000 14.92546055    08
SATNET-590-02284 [DTC]
1  1804U 00000A   25274.57329142 .00000000  00000-0 0 000           8
2  1804  50.0000 324.0000 0000000   0.0000  21.6000 14.92546055    09
SATNET-590-02285 [DTC]
1  1805U 00000A   25274.57329142 .00000000  00000-0 0 000           9
2  1805  50.0000 324.0000 0000000   0.0000  28.8000 14.92546055    09
SATNET-590-02286 [DTC]
1  1806U 00000A   25274.57329142 .00000000  00000-0 0 000           0
2  1806  50.0000 324.0000 0000000   0.0000  36.0000 14.92546055    01
SATNET-590-02287 [DTC]
1  1807U 00000A   25274.57329142 .00000000  00000-0 0 000           1
2  1807  50.0000 324.0000 0000000   0.0000  43.2000 14.92546055    02
SATNET-590-02288 [DTC]
1  1808U 00000A   25274.57329142 .00000000  00000-0 0 000           2
2  1808  50.0000 324.0000 0000000   0.0000  50.4000 14.92546055    03
SATNET-590-02289 [DTC]
1  1809U 00000A   25274.57329142 .00000000  00000-0 0 000           3
2  1809  50.0000 324.0000 0000000   0.0000  57.6000 14.92546055    03
SATNET-590-02290 [DTC]
1  1810U 00000A   25274.57329142 .00000000  00000-0 0 000           5
2  1810  50.0000 324.0000 0000000   0.0000  64.8000 14.92546055    05
SATNET-590-02291 [DTC]
1  1811U 00000A   25274.57329142 .00000000  00000-0 0 000           6
2  1811  50.0000 324.0000 0000000   0.0000  72.0000 14.92546055    07
SATNET-590-02292 [DTC]
1  1812U 00000A   25274.57329142 .00000000  00000-0 0 000           7
2  1812  50.0000 324.0000 0000000   0.0000  79.2000 14.92546055    07
SATNET-590-02293 [DTC]
1  1813U 00000A   25274.57329142 .00000000  00000-0 0 000           8
2  1813  50.0000 324.0000 0000000   0.0000  86.4000 14.92546055    08
SATNET-590-02294 [DTC]
1  1814U 00000A   25274.57329142 .00000000  00000-0 0 000           9
2  1814  50.0000 324.0000 0000000   0.0000  93.6000 14.92546055    09
SATNET-590-02295 [DTC]
1  1815U 00000A   25274.57329142 .00000000  00000-0 0 000           0
2  1815  50.0000 324.0000 0000000   0.0000 100.8000 14.92546055    01
SATNET-590-02296 [DTC]
1  1816U 00000A   25274.57329142 .00000000  00000-0 0 000           1
2  1816  50.0000 324.0000 0000000   0.0000 108.0000 14.92546055    02
SATNET-590-02297 [DTC]
1  1817U 00000A   25274.57329142 .00000000  00000-0 0 000           2
2  1817  50.0000 324.0000 0000000   0.0000 115.2000 14.92546055    03
SATNET-590-02298 [DTC]
1  1818U 00000A   25274.57329142 .00000000  00000-0 0 000           3
2  1818  50.0000 324.0000 0000000   0.0000 122.4000 14.92546055    04
SATNET-590-02299 [DTC]
1  1819U 00000A   25274.57329142 .00000000  00000-0 0 000           4
2  1819  50.0000 324.0000 0000000   0.0000 129.6000 14.92546055    04
SATNET-590-02300 [DTC]
1  1820U 00000A   25274.57329142 .00000000  00000-0 0 000           6
2  1820  50.0000 324.0000 0000000   0.0000 136.8000 14.92546055    06
SATNET-590-02301 [DTC]
1  1821U 00000A   25274.57329142 .00000000  00000-0 0 000           7
2  1821  50.0000 324.0000 0000000   0.0000 144.0000 14.92546055    08
SATNET-590-02302 [DTC]
1  1822U 00000A   25274.57329142 .00000000  00000-0 0 000           8
2  1822  50.0000 324.0000 0000000   0.0000 151.2000 14.92546055    09
SATNET-590-02303 [DTC]
1  1823U 00000A   25274.57329142 .00000000  00000-0 0 000           9
2  1823  50.0000 324.0000 0000000   0.0000 158.4000 14.92546055    09
SATNET-590-02304 [DTC]
1  1824U 00000A   25274.57329142 .00000000  00000-0 0 000           0
2  1824  50.0000 324.0000 0000000   0.0000 165.6000 14.92546055    00
SATNET-590-02305 [DTC]
1  1825U 00000A   25274.57329142 .00000000  00000-0 0 000           1
2  1825  50.0000 324.0000 0000000   0.0000 172.8000 14.92546055    01
SATNET-590-02306 [DTC]
1  1826U 00000A   25274.57329142 .00000000  00000-0 0 000           2
2  1826  50.0000 324.0000 0000000   0.0000 180.0000 14.92546055    03
SATNET-590-02307 [DTC]
1  1827U 00000A   25274.57329142 .00000000  00000-0 0 000           3
2  1827  50.0000 324.0000 0000000   0.0000 187.2000 14.92546055    03
SATNET-590-02308 [DTC]
1  1828U 00000A   25274.57329142 .00000000  00000-0 0 000           4
2  1828  50.0000 324.0000 0000000   0.0000 194.4000 14.92546055    04
SATNET-590-02309 [DTC]
1  1829U 00000A   25274.57329142 .00000000  00000-0 0 000           5
2  1829  50.0000 324.0000 0000000   0.0000 201.6000 14.92546055    06
SATNET-590-02310 [DTC]
1  1830U 00000A   25274.57329142 .00000000  00000-0 0 000           7
2  1830  50.0000 324.0000 0000000   0.0000 208.8000 14.92546055    07
SATNET-590-02311 [DTC]
1  1831U 00000A   25274.57329142 .00000000  00000-0 0 000           8
2  1831  50.0000 324.0000 0000000   0.0000 216.0000 14.92546055    09
SATNET-590-02312 [DTC]
1  1832U 00000A   25274.57329142 .00000000  00000-0 0 000           9
2  1832  50.0000 324.0000 0000000   0.0000 223.2000 14.92546055    00
SATNET-590-02313 [DTC]
1  1833U 00000A   25274.57329142 .00000000  00000-0 0 000           0
2  1833  50.0000 324.0000 0000000   0.0000 230.4000 14.92546055    01
SATNET-590-02314 [DTC]
1  1834U 00000A   25274.57329142 .00000000  00000-0 0 000           1
2  1834  50.0000 324.0000 0000000   0.0000 237.6000 14.92546055    01
SATNET-590-02315 [DTC]
1  1835U 00000A   25274.57329142 .00000000  00000-0 0 000           2
2  1835  50.0000 324.0000 0000000   0.0000 244.8000 14.92546055    02
SATNET-590-02316 [DTC]
1  1836U 00000A   25274.57329142 .00000000  00000-0 0 000           3
2  1836  50.0000 324.0000 0000000   0.0000 252.0000 14.92546055    04
SATNET-590-02317 [DTC]
1  1837U 00000A   25274.57329142 .00000000  00000-0 0 000           4
2  1837  50.0000 324.0000 0000000   0.0000 259.2000 14.92546055    04
SATNET-590-02318 [DTC]
1  1838U 00000A   25274.57329142 .00000000  00000-0 0 000           5
2  1838  50.0000 324.0000 0000000   0.0000 266.4000 14.92546055    05
SATNET-590-02319 [DTC]
1  1839U 00000A   25274.57329142 .00000000  00000-0 0 000           6
2  1839  50.0000 324.0000 0000000   0.0000 273.6000 14.92546055    06
SATNET-590-02320 [DTC]
1  1840U 00000A   25274.57329142 .00000000  00000-0 0 000           8
2  1840  50.0000 324.0000 0000000   0.0000 280.8000 14.92546055    08
SATNET-590-02321 [DTC]
1  1841U 00000A   25274.57329142 .00000000  00000-0 0 000           9
2  1841  50.0000 324.0000 0000000   0.0000 288.0000 14.92546055    09
SATNET-590-02322 [DTC]
1  1842U 00000A   25274.57329142 .00000000  00000-0 0 000           0
2  1842  50.0000 324.0000 0000000   0.0000 295.2000 14.92546055    00
SATNET-590-02323 [DTC]
1  1843U 00000A   25274.57329142 .00000000  00000-0 0 000           1
2  1843  50.0000 324.0000 0000000   0.0000 302.4000 14.92546055    02
SATNET-590-02324 [DTC]
1  1844U 00000A   25274.57329142 .00000000  00000-0 0 000           2
2  1844  50.0000 324.0000 0000000   0.0000 309.6000 14.92546055    02
SATNET-590-02325 [DTC]
1  1845U 00000A   25274.57329142 .00000000  00000-0 0 000           3
2  1845  50.0000 324.0000 0000000   0.0000 316.8000 14.92546055    03
SATNET-590-02326 [DTC]
1  1846U 00000A   25274.57329142 .00000000  00000-0 0 000           4
2  1846  50.0000 324.0000 0000000   0.0000 324.0000 14.92546055    05
SATNET-590-02327 [DTC]
1  1847U 00000A   25274.57329142 .00000000  00000-0 0 000           5
2  1847  50.0000 324.0000 0000000   0.0000 331.2000 14.92546055    06
SATNET-590-02328 [DTC]
1  1848U 00000A   25274.57329142 .00000000  00000-0 0 000           6
2  1848  50.0000 324.0000 0000000   0.0000 338.4000 14.92546055    06
SATNET-590-02329 [DTC]
1  1849U 00000A   25274.57329142 .00000000  00000-0 0 000           7
2  1849  50.0000 324.0000 0000000   0.0000 345.6000 14.92546055    07
SATNET-590-02330 [DTC]
1  1850U 00000A   25274.57329142 .00000000  00000-0 0 000           9
2  1850  50.0000 324.0000 0000000   0.0000 352.8000 14.92546055    09
SATNET-590-02331 [DTC]
1  1851U 00000A   25274.57329142 .00000000  00000-0 0 000           0
2  1851  50.0000 333.0000 0000000   0.0000   0.0000 14.92546055    02
SATNET-590-02332 [DTC]
1  1852U 00000A   25274.57329142 .00000000  00000-0 0 000           1
2  1852  50.0000 333.0000 0000000   0.0000   7.2000 14.92546055    02
SATNET-590-02333 [DTC]
1  1853U 00000A   25274.57329142 .00000000  00000-0 0 000           2
2  1853  50.0000 333.0000 0000000   0.0000  14.4000 14.92546055    03
SATNET-590-02334 [DTC]
1  1854U 00000A   25274.57329142 .00000000  00000-0 0 000           3
2  1854  50.0000 333.0000 0000000   0.0000  21.6000 14.92546055    04
SATNET-590-02335 [DTC]
1  1855U 00000A   25274.57329142 .00000000  00000-0 0 000           4
2  1855  50.0000 333.0000 0000000   0.0000  28.8000 14.92546055    04
SATNET-590-02336 [DTC]
1  1856U 00000A   25274.57329142 .00000000  00000-0 0 000           5
2  1856  50.0000 333.0000 0000000   0.0000  36.0000 14.92546055    06
SATNET-590-02337 [DTC]
1  1857U 00000A   25274.57329142 .00000000  00000-0 0 000           6
2  1857  50.0000 333.0000 0000000   0.0000  43.2000 14.92546055    07
SATNET-590-02338 [DTC]
1  1858U 00000A   25274.57329142 .00000000  00000-0 0 000           7
2  1858  50.0000 333.0000 0000000   0.0000  50.4000 14.92546055    08
SATNET-590-02339 [DTC]
1  1859U 00000A   25274.57329142 .00000000  00000-0 0 000           8
2  1859  50.0000 333.0000 0000000   0.0000  57.6000 14.92546055    08
SATNET-590-02340 [DTC]
1  1860U 00000A   25274.57329142 .00000000  00000-0 0 000           0
2  1860  50.0000 333.0000 0000000   0.0000  64.8000 14.92546055    00
SATNET-590-02341 [DTC]
1  1861U 00000A   25274.57329142 .00000000  00000-0 0 000           1
2  1861  50.0000 333.0000 0000000   0.0000  72.0000 14.92546055    02
SATNET-590-02342 [DTC]
1  1862U 00000A   25274.57329142 .00000000  00000-0 0 000           2
2  1862  50.0000 333.0000 0000000   0.0000  79.2000 14.92546055    02
SATNET-590-02343 [DTC]
1  1863U 00000A   25274.57329142 .00000000  00000-0 0 000           3
2  1863  50.0000 333.0000 0000000   0.0000  86.4000 14.92546055    03
SATNET-590-02344 [DTC]
1  1864U 00000A   25274.57329142 .00000000  00000-0 0 000           4
2  1864  50.0000 333.0000 0000000   0.0000  93.6000 14.92546055    04
SATNET-590-02345 [DTC]
1  1865U 00000A   25274.57329142 .00000000  00000-0 0 000           5
2  1865  50.0000 333.0000 0000000   0.0000 100.8000 14.92546055    06
SATNET-590-02346 [DTC]
1  1866U 00000A   25274.57329142 .00000000  00000-0 0 000           6
2  1866  50.0000 333.0000 0000000   0.0000 108.0000 14.92546055    07
SATNET-590-02347 [DTC]
1  1867U 00000A   25274.57329142 .00000000  00000-0 0 000           7
2  1867  50.0000 333.0000 0000000   0.0000 115.2000 14.92546055    08
SATNET-590-02348 [DTC]
1  1868U 00000A   25274.57329142 .00000000  00000-0 0 000           8
2  1868  50.0000 333.0000 0000000   0.0000 122.4000 14.92546055    09
SATNET-590-02349 [DTC]
1  1869U 00000A   25274.57329142 .00000000  00000-0 0 000           9
2  1869  50.0000 333.0000 0000000   0.0000 129.6000 14.92546055    09
SATNET-590-02350 [DTC]
1  1870U 00000A   25274.57329142 .00000000  00000-0 0 000           1
2  1870  50.0000 333.0000 0000000   0.0000 136.8000 14.92546055    01
SATNET-590-02351 [DTC]
1  1871U 00000A   25274.57329142 .00000000  00000-0 0 000           2
2  1871  50.0000 333.0000 0000000   0.0000 144.0000 14.92546055    03
SATNET-590-02352 [DTC]
1  1872U 00000A   25274.57329142 .00000000  00000-0 0 000           3
2  1872  50.0000 333.0000 0000000   0.0000 151.2000 14.92546055    04
SATNET-590-02353 [DTC]
1  1873U 00000A   25274.57329142 .00000000  00000-0 0 000           4
2  1873  50.0000 333.0000 0000000   0.0000 158.4000 14.92546055    04
SATNET-590-02354 [DTC]
1  1874U 00000A   25274.57329142 .00000000  00000-0 0 000           5
2  1874  50.0000 333.0000 0000000   0.0000 165.6000 14.92546055    05
SATNET-590-02355 [DTC]
1  1875U 00000A   25274.57329142 .00000000  00000-0 0 000           6
2  1875  50.0000 333.0000 0000000   0.0000 172.8000 14.92546055    06
SATNET-590-02356 [DTC]
1  1876U 00000A   25274.57329142 .00000000  00000-0 0 000           7
2  1876  50.0000 333.0000 0000000   0.0000 180.0000 14.92546055    08
SATNET-590-02357 [DTC]
1  1877U 00000A   25274.57329142 .00000000  00000-0 0 000           8
2  1877  50.0000 333.0000 0000000   0.0000 187.2000 14.92546055    08
SATNET-590-02358 [DTC]
1  1878U 00000A   25274.57329142 .00000000  00000-0 0 000           9
2  1878  50.0000 333.0000 0000000   0.0000 194.4000 14.92546055    09
SATNET-590-02359 [DTC]
1  1879U 00000A   25274.57329142 .00000000  00000-0 0 000           0
2  1879  50.0000 333.0000 0000000   0.0000 201.6000 14.92546055    01
SATNET-590-02360 [DTC]
1  1880U 00000A   25274.57329142 .00000000  00000-0 0 000           2
2  1880  50.0000 333.0000 0000000   0.0000 208.8000 14.92546055    02
SATNET-590-02361 [DTC]
1  1881U 00000A   25274.57329142 .00000000  00000-0 0 000           3
2  1881  50.0000 333.0000 0000000   0.0000 216.0000 14.92546055    04
SATNET-590-02362 [DTC]
1  1882U 00000A   25274.57329142 .00000000  00000-0 0 000           4
2  1882  50.0000 333.0000 0000000   0.0000 223.2000 14.92546055    05
SATNET-590-02363 [DTC]
1  1883U 00000A   25274.57329142 .00000000  00000-0 0 000           5
2  1883  50.0000 333.0000 0000000   0.0000 230.4000 14.92546055    06
SATNET-590-02364 [DTC]
1  1884U 00000A   25274.57329142 .00000000  00000-0 0 000           6
2  1884  50.0000 333.0000 0000000   0.0000 237.6000 14.92546055    06
SATNET-590-02365 [DTC]
1  1885U 00000A   25274.57329142 .00000000  00000-0 0 000           7
2  1885  50.0000 333.0000 0000000   0.0000 244.8000 14.92546055    07
SATNET-590-02366 [DTC]
1  1886U 00000A   25274.57329142 .00000000  00000-0 0 000           8
2  1886  50.0000 333.0000 0000000   0.0000 252.0000 14.92546055    09
SATNET-590-02367 [DTC]
1  1887U 00000A   25274.57329142 .00000000  00000-0 0 000           9
2  1887  50.0000 333.0000 0000000   0.0000 259.2000 14.92546055    09
SATNET-590-02368 [DTC]
1  1888U 00000A   25274.57329142 .00000000  00000-0 0 000           0
2  1888  50.0000 333.0000 0000000   0.0000 266.4000 14.92546055    00
SATNET-590-02369 [DTC]
1  1889U 00000A   25274.57329142 .00000000  00000-0 0 000           1
2  1889  50.0000 333.0000 0000000   0.0000 273.6000 14.92546055    01
SATNET-590-02370 [DTC]
1  1890U 00000A   25274.57329142 .00000000  00000-0 0 000           3
2  1890  50.0000 333.0000 0000000   0.0000 280.8000 14.92546055    03
SATNET-590-02371 [DTC]
1  1891U 00000A   25274.57329142 .00000000  00000-0 0 000           4
2  1891  50.0000 333.0000 0000000   0.0000 288.0000 14.92546055    04
SATNET-590-02372 [DTC]
1  1892U 00000A   25274.57329142 .00000000  00000-0 0 000           5
2  1892  50.0000 333.0000 0000000   0.0000 295.2000 14.92546055    05
SATNET-590-02373 [DTC]
1  1893U 00000A   25274.57329142 .00000000  00000-0 0 000           6
2  1893  50.0000 333.0000 0000000   0.0000 302.4000 14.92546055    07
SATNET-590-02374 [DTC]
1  1894U 00000A   25274.57329142 .00000000  00000-0 0 000           7
2  1894  50.0000 333.0000 0000000   0.0000 309.6000 14.92546055    07
SATNET-590-02375 [DTC]
1  1895U 00000A   25274.57329142 .00000000  00000-0 0 000           8
2  1895  50.0000 333.0000 0000000   0.0000 316.8000 14.92546055    08
SATNET-590-02376 [DTC]
1  1896U 00000A   25274.57329142 .00000000  00000-0 0 000           9
2  1896  50.0000 333.0000 0000000   0.0000 324.0000 14.92546055    00
SATNET-590-02377 [DTC]
1  1897U 00000A   25274.57329142 .00000000  00000-0 0 000           0
2  1897  50.0000 333.0000 0000000   0.0000 331.2000 14.92546055    01
SATNET-590-02378 [DTC]
1  1898U 00000A   25274.57329142 .00000000  00000-0 0 000           1
2  1898  50.0000 333.0000 0000000   0.0000 338.4000 14.92546055    01
SATNET-590-02379 [DTC]
1  1899U 00000A   25274.57329142 .00000000  00000-0 0 000           2
2  1899  50.0000 333.0000 0000000   0.0000 345.6000 14.92546055    02
SATNET-590-02380 [DTC]
1  1900U 00000A   25274.57329142 .00000000  00000-0 0 000           5
2  1900  50.0000 333.0000 0000000   0.0000 352.8000 14.92546055    05
SATNET-590-02381 [DTC]
1  1901U 00000A   25274.57329142 .00000000  00000-0 0 000           6
2  1901  50.0000 342.0000 0000000   0.0000   0.0000 14.92546055    08
SATNET-590-02382 [DTC]
1  1902U 00000A   25274.57329142 .00000000  00000-0 0 000           7
2  1902  50.0000 342.0000 0000000   0.0000   7.2000 14.92546055    08
SATNET-590-02383 [DTC]
1  1903U 00000A   25274.57329142 .00000000  00000-0 0 000           8
2  1903  50.0000 342.0000 0000000   0.0000  14.4000 14.92546055    09
SATNET-590-02384 [DTC]
1  1904U 00000A   25274.57329142 .00000000  00000-0 0 000           9
2  1904  50.0000 342.0000 0000000   0.0000  21.6000 14.92546055    00
SATNET-590-02385 [DTC]
1  1905U 00000A   25274.57329142 .00000000  00000-0 0 000           0
2  1905  50.0000 342.0000 0000000   0.0000  28.8000 14.92546055    00
SATNET-590-02386 [DTC]
1  1906U 00000A   25274.57329142 .00000000  00000-0 0 000           1
2  1906  50.0000 342.0000 0000000   0.0000  36.0000 14.92546055    02
SATNET-590-02387 [DTC]
1  1907U 00000A   25274.57329142 .00000000  00000-0 0 000           2
2  1907  50.0000 342.0000 0000000   0.0000  43.2000 14.92546055    03
SATNET-590-02388 [DTC]
1  1908U 00000A   25274.57329142 .00000000  00000-0 0 000           3
2  1908  50.0000 342.0000 0000000   0.0000  50.4000 14.92546055    04
SATNET-590-02389 [DTC]
1  1909U 00000A   25274.57329142 .00000000  00000-0 0 000           4
2  1909  50.0000 342.0000 0000000   0.0000  57.6000 14.92546055    04
SATNET-590-02390 [DTC]
1  1910U 00000A   25274.57329142 .00000000  00000-0 0 000           6
2  1910  50.0000 342.0000 0000000   0.0000  64.8000 14.92546055    06
SATNET-590-02391 [DTC]
1  1911U 00000A   25274.57329142 .00000000  00000-0 0 000           7
2  1911  50.0000 342.0000 0000000   0.0000  72.0000 14.92546055    08
SATNET-590-02392 [DTC]
1  1912U 00000A   25274.57329142 .00000000  00000-0 0 000           8
2  1912  50.0000 342.0000 0000000   0.0000  79.2000 14.92546055    08
SATNET-590-02393 [DTC]
1  1913U 00000A   25274.57329142 .00000000  00000-0 0 000           9
2  1913  50.0000 342.0000 0000000   0.0000  86.4000 14.92546055    09
SATNET-590-02394 [DTC]
1  1914U 00000A   25274.57329142 .00000000  00000-0 0 000           0
2  1914  50.0000 342.0000 0000000   0.0000  93.6000 14.92546055    00
SATNET-590-02395 [DTC]
1  1915U 00000A   25274.57329142 .00000000  00000-0 0 000           1
2  1915  50.0000 342.0000 0000000   0.0000 100.8000 14.92546055    02
SATNET-590-02396 [DTC]
1  1916U 00000A   25274.57329142 .00000000  00000-0 0 000           2
2  1916  50.0000 342.0000 0000000   0.0000 108.0000 14.92546055    03
SATNET-590-02397 [DTC]
1  1917U 00000A   25274.57329142 .00000000  00000-0 0 000           3
2  1917  50.0000 342.0000 0000000   0.0000 115.2000 14.92546055    04
SATNET-590-02398 [DTC]
1  1918U 00000A   25274.57329142 .00000000  00000-0 0 000           4
2  1918  50.0000 342.0000 0000000   0.0000 122.4000 14.92546055    05
SATNET-590-02399 [DTC]
1  1919U 00000A   25274.57329142 .00000000  00000-0 0 000           5
2  1919  50.0000 342.0000 0000000   0.0000 129.6000 14.92546055    05
SATNET-590-02400 [DTC]
1  1920U 00000A   25274.57329142 .00000000  00000-0 0 000           7
2  1920  50.0000 342.0000 0000000   0.0000 136.8000 14.92546055    07
SATNET-590-02401 [DTC]
1  1921U 00000A   25274.57329142 .00000000  00000-0 0 000           8
2  1921  50.0000 342.0000 0000000   0.0000 144.0000 14.92546055    09
SATNET-590-02402 [DTC]
1  1922U 00000A   25274.57329142 .00000000  00000-0 0 000           9
2  1922  50.0000 342.0000 0000000   0.0000 151.2000 14.92546055    00
SATNET-590-02403 [DTC]
1  1923U 00000A   25274.57329142 .00000000  00000-0 0 000           0
2  1923  50.0000 342.0000 0000000   0.0000 158.4000 14.92546055    00
SATNET-590-02404 [DTC]
1  1924U 00000A   25274.57329142 .00000000  00000-0 0 000           1
2  1924  50.0000 342.0000 0000000   0.0000 165.6000 14.92546055    01
SATNET-590-02405 [DTC]
1  1925U 00000A   25274.57329142 .00000000  00000-0 0 000           2
2  1925  50.0000 342.0000 0000000   0.0000 172.8000 14.92546055    02
SATNET-590-02406 [DTC]
1  1926U 00000A   25274.57329142 .00000000  00000-0 0 000           3
2  1926  50.0000 342.0000 0000000   0.0000 180.0000 14.92546055    04
SATNET-590-02407 [DTC]
1  1927U 00000A   25274.57329142 .00000000  00000-0 0 000           4
2  1927  50.0000 342.0000 0000000   0.0000 187.2000 14.92546055    04
SATNET-590-02408 [DTC]
1  1928U 00000A   25274.57329142 .00000000  00000-0 0 000           5
2  1928  50.0000 342.0000 0000000   0.0000 194.4000 14.92546055    05
SATNET-590-02409 [DTC]
1  1929U 00000A   25274.57329142 .00000000  00000-0 0 000           6
2  1929  50.0000 342.0000 0000000   0.0000 201.6000 14.92546055    07
SATNET-590-02410 [DTC]
1  1930U 00000A   25274.57329142 .00000000  00000-0 0 000           8
2  1930  50.0000 342.0000 0000000   0.0000 208.8000 14.92546055    08
SATNET-590-02411 [DTC]
1  1931U 00000A   25274.57329142 .00000000  00000-0 0 000           9
2  1931  50.0000 342.0000 0000000   0.0000 216.0000 14.92546055    00
SATNET-590-02412 [DTC]
1  1932U 00000A   25274.57329142 .00000000  00000-0 0 000           0
2  1932  50.0000 342.0000 0000000   0.0000 223.2000 14.92546055    01
SATNET-590-02413 [DTC]
1  1933U 00000A   25274.57329142 .00000000  00000-0 0 000           1
2  1933  50.0000 342.0000 0000000   0.0000 230.4000 14.92546055    02
SATNET-590-02414 [DTC]
1  1934U 00000A   25274.57329142 .00000000  00000-0 0 000           2
2  1934  50.0000 342.0000 0000000   0.0000 237.6000 14.92546055    02
SATNET-590-02415 [DTC]
1  1935U 00000A   25274.57329142 .00000000  00000-0 0 000           3
2  1935  50.0000 342.0000 0000000   0.0000 244.8000 14.92546055    03
SATNET-590-02416 [DTC]
1  1936U 00000A   25274.57329142 .00000000  00000-0 0 000           4
2  1936  50.0000 342.0000 0000000   0.0000 252.0000 14.92546055    05
SATNET-590-02417 [DTC]
1  1937U 00000A   25274.57329142 .00000000  00000-0 0 000           5
2  1937  50.0000 342.0000 0000000   0.0000 259.2000 14.92546055    05
SATNET-590-02418 [DTC]
1  1938U 00000A   25274.57329142 .00000000  00000-0 0 000           6
2  1938  50.0000 342.0000 0000000   0.0000 266.4000 14.92546055    06
SATNET-590-02419 [DTC]
1  1939U 00000A   25274.57329142 .00000000  00000-0 0 000           7
2  1939  50.0000 342.0000 0000000   0.0000 273.6000 14.92546055    07
SATNET-590-02420 [DTC]
1  1940U 00000A   25274.57329142 .00000000  00000-0 0 000           9
2  1940  50.0000 342.0000 0000000   0.0000 280.8000 14.92546055    09
SATNET-590-02421 [DTC]
1  1941U 00000A   25274.57329142 .00000000  00000-0 0 000           0
2  1941  50.0000 342.0000 0000000   0.0000 288.0000 14.92546055    00
SATNET-590-02422 [DTC]
1  1942U 00000A   25274.57329142 .00000000  00000-0 0 000           1
2  1942  50.0000 342.0000 0000000   0.0000 295.2000 14.92546055    01
SATNET-590-02423 [DTC]
1  1943U 00000A   25274.57329142 .00000000  00000-0 0 000           2
2  1943  50.0000 342.0000 0000000   0.0000 302.4000 14.92546055    03
SATNET-590-02424 [DTC]
1  1944U 00000A   25274.57329142 .00000000  00000-0 0 000           3
2  1944  50.0000 342.0000 0000000   0.0000 309.6000 14.92546055    03
SATNET-590-02425 [DTC]
1  1945U 00000A   25274.57329142 .00000000  00000-0 0 000           4
2  1945  50.0000 342.0000 0000000   0.0000 316.8000 14.92546055    04
SATNET-590-02426 [DTC]
1  1946U 00000A   25274.57329142 .00000000  00000-0 0 000           5
2  1946  50.0000 342.0000 0000000   0.0000 324.0000 14.92546055    06
SATNET-590-02427 [DTC]
1  1947U 00000A   25274.57329142 .00000000  00000-0 0 000           6
2  1947  50.0000 342.0000 0000000   0.0000 331.2000 14.92546055    07
SATNET-590-02428 [DTC]
1  1948U 00000A   25274.57329142 .00000000  00000-0 0 000           7
2  1948  50.0000 342.0000 0000000   0.0000 338.4000 14.92546055    07
SATNET-590-02429 [DTC]
1  1949U 00000A   25274.57329142 .00000000  00000-0 0 000           8
2  1949  50.0000 342.0000 0000000   0.0000 345.6000 14.92546055    08
SATNET-590-02430 [DTC]
1  1950U 00000A   25274.57329142 .00000000  00000-0 0 000           0
2  1950  50.0000 342.0000 0000000   0.0000 352.8000 14.92546055    00
SATNET-590-02431 [DTC]
1  1951U 00000A   25274.57329142 .00000000  00000-0 0 000           1
2  1951  50.0000 351.0000 0000000   0.0000   0.0000 14.92546055    03
SATNET-590-02432 [DTC]
1  1952U 00000A   25274.57329142 .00000000  00000-0 0 000           2
2  1952  50.0000 351.0000 0000000   0.0000   7.2000 14.92546055    03
SATNET-590-02433 [DTC]
1  1953U 00000A   25274.57329142 .00000000  00000-0 0 000           3
2  1953  50.0000 351.0000 0000000   0.0000  14.4000 14.92546055    04
SATNET-590-02434 [DTC]
1  1954U 00000A   25274.57329142 .00000000  00000-0 0 000           4
2  1954  50.0000 351.0000 0000000   0.0000  21.6000 14.92546055    05
SATNET-590-02435 [DTC]
1  1955U 00000A   25274.57329142 .00000000  00000-0 0 000           5
2  1955  50.0000 351.0000 0000000   0.0000  28.8000 14.92546055    05
SATNET-590-02436 [DTC]
1  1956U 00000A   25274.57329142 .00000000  00000-0 0 000           6
2  1956  50.0000 351.0000 0000000   0.0000  36.0000 14.92546055    07
SATNET-590-02437 [DTC]
1  1957U 00000A   25274.57329142 .00000000  00000-0 0 000           7
2  1957  50.0000 351.0000 0000000   0.0000  43.2000 14.92546055    08
SATNET-590-02438 [DTC]
1  1958U 00000A   25274.57329142 .00000000  00000-0 0 000           8
2  1958  50.0000 351.0000 0000000   0.0000  50.4000 14.92546055    09
SATNET-590-02439 [DTC]
1  1959U 00000A   25274.57329142 .00000000  00000-0 0 000           9
2  1959  50.0000 351.0000 0000000   0.0000  57.6000 14.92546055    09
SATNET-590-02440 [DTC]
1  1960U 00000A   25274.57329142 .00000000  00000-0 0 000           1
2  1960  50.0000 351.0000 0000000   0.0000  64.8000 14.92546055    01
SATNET-590-02441 [DTC]
1  1961U 00000A   25274.57329142 .00000000  00000-0 0 000           2
2  1961  50.0000 351.0000 0000000   0.0000  72.0000 14.92546055    03
SATNET-590-02442 [DTC]
1  1962U 00000A   25274.57329142 .00000000  00000-0 0 000           3
2  1962  50.0000 351.0000 0000000   0.0000  79.2000 14.92546055    03
SATNET-590-02443 [DTC]
1  1963U 00000A   25274.57329142 .00000000  00000-0 0 000           4
2  1963  50.0000 351.0000 0000000   0.0000  86.4000 14.92546055    04
SATNET-590-02444 [DTC]
1  1964U 00000A   25274.57329142 .00000000  00000-0 0 000           5
2  1964  50.0000 351.0000 0000000   0.0000  93.6000 14.92546055    05
SATNET-590-02445 [DTC]
1  1965U 00000A   25274.57329142 .00000000  00000-0 0 000           6
2  1965  50.0000 351.0000 0000000   0.0000 100.8000 14.92546055    07
SATNET-590-02446 [DTC]
1  1966U 00000A   25274.57329142 .00000000  00000-0 0 000           7
2  1966  50.0000 351.0000 0000000   0.0000 108.0000 14.92546055    08
SATNET-590-02447 [DTC]
1  1967U 00000A   25274.57329142 .00000000  00000-0 0 000           8
2  1967  50.0000 351.0000 0000000   0.0000 115.2000 14.92546055    09
SATNET-590-02448 [DTC]
1  1968U 00000A   25274.57329142 .00000000  00000-0 0 000           9
2  1968  50.0000 351.0000 0000000   0.0000 122.4000 14.92546055    00
SATNET-590-02449 [DTC]
1  1969U 00000A   25274.57329142 .00000000  00000-0 0 000           0
2  1969  50.0000 351.0000 0000000   0.0000 129.6000 14.92546055    00
SATNET-590-02450 [DTC]
1  1970U 00000A   25274.57329142 .00000000  00000-0 0 000           2
2  1970  50.0000 351.0000 0000000   0.0000 136.8000 14.92546055    02
SATNET-590-02451 [DTC]
1  1971U 00000A   25274.57329142 .00000000  00000-0 0 000           3
2  1971  50.0000 351.0000 0000000   0.0000 144.0000 14.92546055    04
SATNET-590-02452 [DTC]
1  1972U 00000A   25274.57329142 .00000000  00000-0 0 000           4
2  1972  50.0000 351.0000 0000000   0.0000 151.2000 14.92546055    05
SATNET-590-02453 [DTC]
1  1973U 00000A   25274.57329142 .00000000  00000-0 0 000           5
2  1973  50.0000 351.0000 0000000   0.0000 158.4000 14.92546055    05
SATNET-590-02454 [DTC]
1  1974U 00000A   25274.57329142 .00000000  00000-0 0 000           6
2  1974  50.0000 351.0000 0000000   0.0000 165.6000 14.92546055    06
SATNET-590-02455 [DTC]
1  1975U 00000A   25274.57329142 .00000000  00000-0 0 000           7
2  1975  50.0000 351.0000 0000000   0.0000 172.8000 14.92546055    07
SATNET-590-02456 [DTC]
1  1976U 00000A   25274.57329142 .00000000  00000-0 0 000           8
2  1976  50.0000 351.0000 0000000   0.0000 180.0000 14.92546055    09
SATNET-590-02457 [DTC]
1  1977U 00000A   25274.57329142 .00000000  00000-0 0 000           9
2  1977  50.0000 351.0000 0000000   0.0000 187.2000 14.92546055    09
SATNET-590-02458 [DTC]
1  1978U 00000A   25274.57329142 .00000000  00000-0 0 000           0
2  1978  50.0000 351.0000 0000000   0.0000 194.4000 14.92546055    00
SATNET-590-02459 [DTC]
1  1979U 00000A   25274.57329142 .00000000  00000-0 0 000           1
2  1979  50.0000 351.0000 0000000   0.0000 201.6000 14.92546055    02
SATNET-590-02460 [DTC]
1  1980U 00000A   25274.57329142 .00000000  00000-0 0 000           3
2  1980  50.0000 351.0000 0000000   0.0000 208.8000 14.92546055    03
SATNET-590-02461 [DTC]
1  1981U 00000A   25274.57329142 .00000000  00000-0 0 000           4
2  1981  50.0000 351.0000 0000000   0.0000 216.0000 14.92546055    05
SATNET-590-02462 [DTC]
1  1982U 00000A   25274.57329142 .00000000  00000-0 0 000           5
2  1982  50.0000 351.0000 0000000   0.0000 223.2000 14.92546055    06
SATNET-590-02463 [DTC]
1  1983U 00000A   25274.57329142 .00000000  00000-0 0 000           6
2  1983  50.0000 351.0000 0000000   0.0000 230.4000 14.92546055    07
SATNET-590-02464 [DTC]
1  1984U 00000A   25274.57329142 .00000000  00000-0 0 000           7
2  1984  50.0000 351.0000 0000000   0.0000 237.6000 14.92546055    07
SATNET-590-02465 [DTC]
1  1985U 00000A   25274.57329142 .00000000  00000-0 0 000           8
2  1985  50.0000 351.0000 0000000   0.0000 244.8000 14.92546055    08
SATNET-590-02466 [DTC]
1  1986U 00000A   25274.57329142 .00000000  00000-0 0 000           9
2  1986  50.0000 351.0000 0000000   0.0000 252.0000 14.92546055    00
SATNET-590-02467 [DTC]
1  1987U 00000A   25274.57329142 .00000000  00000-0 0 000           0
2  1987  50.0000 351.0000 0000000   0.0000 259.2000 14.92546055    00
SATNET-590-02468 [DTC]
1  1988U 00000A   25274.57329142 .00000000  00000-0 0 000           1
2  1988  50.0000 351.0000 0000000   0.0000 266.4000 14.92546055    01
SATNET-590-02469 [DTC]
1  1989U 00000A   25274.57329142 .00000000  00000-0 0 000           2
2  1989  50.0000 351.0000 0000000   0.0000 273.6000 14.92546055    02
SATNET-590-02470 [DTC]
1  1990U 00000A   25274.57329142 .00000000  00000-0 0 000           4
2  1990  50.0000 351.0000 0000000   0.0000 280.8000 14.92546055    04
SATNET-590-02471 [DTC]
1  1991U 00000A   25274.57329142 .00000000  00000-0 0 000           5
2  1991  50.0000 351.0000 0000000   0.0000 288.0000 14.92546055    05
SATNET-590-02472 [DTC]
1  1992U 00000A   25274.57329142 .00000000  00000-0 0 000           6
2  1992  50.0000 351.0000 0000000   0.0000 295.2000 14.92546055    06
SATNET-590-02473 [DTC]
1  1993U 00000A   25274.57329142 .00000000  00000-0 0 000           7
2  1993  50.0000 351.0000 0000000   0.0000 302.4000 14.92546055    08
SATNET-590-02474 [DTC]
1  1994U 00000A   25274.57329142 .00000000  00000-0 0 000           8
2  1994  50.0000 351.0000 0000000   0.0000 309.6000 14.92546055    08
SATNET-590-02475 [DTC]
1  1995U 00000A   25274.57329142 .00000000  00000-0 0 000           9
2  1995  50.0000 351.0000 0000000   0.0000 316.8000 14.92546055    09
SATNET-590-02476 [DTC]
1  1996U 00000A   25274.57329142 .00000000  00000-0 0 000           0
2  1996  50.0000 351.0000 0000000   0.0000 324.0000 14.92546055    01
SATNET-590-02477 [DTC]
1  1997U 00000A   25274.57329142 .00000000  00000-0 0 000           1
2  1997  50.0000 351.0000 0000000   0.0000 331.2000 14.92546055    02
SATNET-590-02478 [DTC]
1  1998U 00000A   25274.57329142 .00000000  00000-0 0 000           2
2  1998  50.0000 351.0000 0000000   0.0000 338.4000 14.92546055    02
SATNET-590-02479 [DTC]
1  1999U 00000A   25274.57329142 .00000000  00000-0 0 000           3
2  1999  50.0000 351.0000 0000000   0.0000 345.6000 14.92546055    03
SATNET-590-02480 [DTC]
1  2000U 00000A   25274.57329142 .00000000  00000-0 0 000           7
2  2000  50.0000 351.0000 0000000   0.0000 352.8000 14.92546055    07
SATNET-590-02481 [DTC]
1     1U 00000A   25274.57408802 .00000000  00000-0 0 000           7
2     1  55.0000   0.0000 0000000   0.0000   0.0000 14.92546055    04
SATNET-590-02482 [DTC]
1     2U 00000A   25274.57408802 .00000000  00000-0 0 000           8
2     2  55.0000   0.0000 0000000   0.0000   6.0000 14.92546055    01
SATNET-590-02483 [DTC]
1     3U 00000A   25274.57408802 .00000000  00000-0 0 000           9
2     3  55.0000   0.0000 0000000   0.0000  12.0000 14.92546055    09
SATNET-590-02484 [DTC]
1     4U 00000A   25274.57408802 .00000000  00000-0 0 000           0
2     4  55.0000   0.0000 0000000   0.0000  18.0000 14.92546055    06
SATNET-590-02485 [DTC]
1     5U 00000A   25274.57408802 .00000000  00000-0 0 000           1
2     5  55.0000   0.0000 0000000   0.0000  24.0000 14.92546055    04
SATNET-590-02486 [DTC]
1     6U 00000A   25274.57408802 .00000000  00000-0 0 000           2
2     6  55.0000   0.0000 0000000   0.0000  30.0000 14.92546055    02
SATNET-590-02487 [DTC]
1     7U 00000A   25274.57408802 .00000000  00000-0 0 000           3
2     7  55.0000   0.0000 0000000   0.0000  36.0000 14.92546055    09
SATNET-590-02488 [DTC]
1     8U 00000A   25274.57408802 .00000000  00000-0 0 000           4
2     8  55.0000   0.0000 0000000   0.0000  42.0000 14.92546055    07
SATNET-590-02489 [DTC]
1     9U 00000A   25274.57408802 .00000000  00000-0 0 000           5
2     9  55.0000   0.0000 0000000   0.0000  48.0000 14.92546055    04
SATNET-590-02490 [DTC]
1    10U 00000A   25274.57408802 .00000000  00000-0 0 000           7
2    10  55.0000   0.0000 0000000   0.0000  54.0000 14.92546055    03
SATNET-590-02491 [DTC]
1    11U 00000A   25274.57408802 .00000000  00000-0 0 000           8
2    11  55.0000   0.0000 0000000   0.0000  60.0000 14.92546055    01
SATNET-590-02492 [DTC]
1    12U 00000A   25274.57408802 .00000000  00000-0 0 000           9
2    12  55.0000   0.0000 0000000   0.0000  66.0000 14.92546055    08
SATNET-590-02493 [DTC]
1    13U 00000A   25274.57408802 .00000000  00000-0 0 000           0
2    13  55.0000   0.0000 0000000   0.0000  72.0000 14.92546055    06
SATNET-590-02494 [DTC]
1    14U 00000A   25274.57408802 .00000000  00000-0 0 000           1
2    14  55.0000   0.0000 0000000   0.0000  78.0000 14.92546055    03
SATNET-590-02495 [DTC]
1    15U 00000A   25274.57408802 .00000000  00000-0 0 000           2
2    15  55.0000   0.0000 0000000   0.0000  84.0000 14.92546055    01
SATNET-590-02496 [DTC]
1    16U 00000A   25274.57408802 .00000000  00000-0 0 000           3
2    16  55.0000   0.0000 0000000   0.0000  90.0000 14.92546055    09
SATNET-590-02497 [DTC]
1    17U 00000A   25274.57408802 .00000000  00000-0 0 000           4
2    17  55.0000   0.0000 0000000   0.0000  96.0000 14.92546055    06
SATNET-590-02498 [DTC]
1    18U 00000A   25274.57408802 .00000000  00000-0 0 000           5
2    18  55.0000   0.0000 0000000   0.0000 102.0000 14.92546055    05
SATNET-590-02499 [DTC]
1    19U 00000A   25274.57408802 .00000000  00000-0 0 000           6
2    19  55.0000   0.0000 0000000   0.0000 108.0000 14.92546055    02
SATNET-590-02500 [DTC]
1    20U 00000A   25274.57408802 .00000000  00000-0 0 000           8
2    20  55.0000   0.0000 0000000   0.0000 114.0000 14.92546055    01
SATNET-590-02501 [DTC]
1    21U 00000A   25274.57408802 .00000000  00000-0 0 000           9
2    21  55.0000   0.0000 0000000   0.0000 120.0000 14.92546055    09
SATNET-590-02502 [DTC]
1    22U 00000A   25274.57408802 .00000000  00000-0 0 000           0
2    22  55.0000   0.0000 0000000   0.0000 126.0000 14.92546055    06
SATNET-590-02503 [DTC]
1    23U 00000A   25274.57408802 .00000000  00000-0 0 000           1
2    23  55.0000   0.0000 0000000   0.0000 132.0000 14.92546055    04
SATNET-590-02504 [DTC]
1    24U 00000A   25274.57408802 .00000000  00000-0 0 000           2
2    24  55.0000   0.0000 0000000   0.0000 138.0000 14.92546055    01
SATNET-590-02505 [DTC]
1    25U 00000A   25274.57408802 .00000000  00000-0 0 000           3
2    25  55.0000   0.0000 0000000   0.0000 144.0000 14.92546055    09
SATNET-590-02506 [DTC]
1    26U 00000A   25274.57408802 .00000000  00000-0 0 000           4
2    26  55.0000   0.0000 0000000   0.0000 150.0000 14.92546055    07
SATNET-590-02507 [DTC]
1    27U 00000A   25274.57408802 .00000000  00000-0 0 000           5
2    27  55.0000   0.0000 0000000   0.0000 156.0000 14.92546055    04
SATNET-590-02508 [DTC]
1    28U 00000A   25274.57408802 .00000000  00000-0 0 000           6
2    28  55.0000   0.0000 0000000   0.0000 162.0000 14.92546055    02
SATNET-590-02509 [DTC]
1    29U 00000A   25274.57408802 .00000000  00000-0 0 000           7
2    29  55.0000   0.0000 0000000   0.0000 168.0000 14.92546055    09
SATNET-590-02510 [DTC]
1    30U 00000A   25274.57408802 .00000000  00000-0 0 000           9
2    30  55.0000   0.0000 0000000   0.0000 174.0000 14.92546055    08
SATNET-590-02511 [DTC]
1    31U 00000A   25274.57408802 .00000000  00000-0 0 000           0
2    31  55.0000   0.0000 0000000   0.0000 180.0000 14.92546055    06
SATNET-590-02512 [DTC]
1    32U 00000A   25274.57408802 .00000000  00000-0 0 000           1
2    32  55.0000   0.0000 0000000   0.0000 186.0000 14.92546055    03
SATNET-590-02513 [DTC]
1    33U 00000A   25274.57408802 .00000000  00000-0 0 000           2
2    33  55.0000   0.0000 0000000   0.0000 192.0000 14.92546055    01
SATNET-590-02514 [DTC]
1    34U 00000A   25274.57408802 .00000000  00000-0 0 000           3
2    34  55.0000   0.0000 0000000   0.0000 198.0000 14.92546055    08
SATNET-590-02515 [DTC]
1    35U 00000A   25274.57408802 .00000000  00000-0 0 000           4
2    35  55.0000   0.0000 0000000   0.0000 204.0000 14.92546055    07
SATNET-590-02516 [DTC]
1    36U 00000A   25274.57408802 .00000000  00000-0 0 000           5
2    36  55.0000   0.0000 0000000   0.0000 210.0000 14.92546055    05
SATNET-590-02517 [DTC]
1    37U 00000A   25274.57408802 .00000000  00000-0 0 000           6
2    37  55.0000   0.0000 0000000   0.0000 216.0000 14.92546055    02
SATNET-590-02518 [DTC]
1    38U 00000A   25274.57408802 .00000000  00000-0 0 000           7
2    38  55.0000   0.0000 0000000   0.0000 222.0000 14.92546055    00
SATNET-590-02519 [DTC]
1    39U 00000A   25274.57408802 .00000000  00000-0 0 000           8
2    39  55.0000   0.0000 0000000   0.0000 228.0000 14.92546055    07
SATNET-590-02520 [DTC]
1    40U 00000A   25274.57408802 .00000000  00000-0 0 000           0
2    40  55.0000   0.0000 0000000   0.0000 234.0000 14.92546055    06
SATNET-590-02521 [DTC]
1    41U 00000A   25274.57408802 .00000000  00000-0 0 000           1
2    41  55.0000   0.0000 0000000   0.0000 240.0000 14.92546055    04
SATNET-590-02522 [DTC]
1    42U 00000A   25274.57408802 .00000000  00000-0 0 000           2
2    42  55.0000   0.0000 0000000   0.0000 246.0000 14.92546055    01
SATNET-590-02523 [DTC]
1    43U 00000A   25274.57408802 .00000000  00000-0 0 000           3
2    43  55.0000   0.0000 0000000   0.0000 252.0000 14.92546055    09
SATNET-590-02524 [DTC]
1    44U 00000A   25274.57408802 .00000000  00000-0 0 000           4
2    44  55.0000   0.0000 0000000   0.0000 258.0000 14.92546055    06
SATNET-590-02525 [DTC]
1    45U 00000A   25274.57408802 .00000000  00000-0 0 000           5
2    45  55.0000   0.0000 0000000   0.0000 264.0000 14.92546055    04
SATNET-590-02526 [DTC]
1    46U 00000A   25274.57408802 .00000000  00000-0 0 000           6
2    46  55.0000   0.0000 0000000   0.0000 270.0000 14.92546055    02
SATNET-590-02527 [DTC]
1    47U 00000A   25274.57408802 .00000000  00000-0 0 000           7
2    47  55.0000   0.0000 0000000   0.0000 276.0000 14.92546055    09
SATNET-590-02528 [DTC]
1    48U 00000A   25274.57408802 .00000000  00000-0 0 000           8
2    48  55.0000   0.0000 0000000   0.0000 282.0000 14.92546055    07
SATNET-590-02529 [DTC]
1    49U 00000A   25274.57408802 .00000000  00000-0 0 000           9
2    49  55.0000   0.0000 0000000   0.0000 288.0000 14.92546055    04
SATNET-590-02530 [DTC]
1    50U 00000A   25274.57408802 .00000000  00000-0 0 000           1
2    50  55.0000   0.0000 0000000   0.0000 294.0000 14.92546055    03
SATNET-590-02531 [DTC]
1    51U 00000A   25274.57408802 .00000000  00000-0 0 000           2
2    51  55.0000   0.0000 0000000   0.0000 300.0000 14.92546055    02
SATNET-590-02532 [DTC]
1    52U 00000A   25274.57408802 .00000000  00000-0 0 000           3
2    52  55.0000   0.0000 0000000   0.0000 306.0000 14.92546055    09
SATNET-590-02533 [DTC]
1    53U 00000A   25274.57408802 .00000000  00000-0 0 000           4
2    53  55.0000   0.0000 0000000   0.0000 312.0000 14.92546055    07
SATNET-590-02534 [DTC]
1    54U 00000A   25274.57408802 .00000000  00000-0 0 000           5
2    54  55.0000   0.0000 0000000   0.0000 318.0000 14.92546055    04
SATNET-590-02535 [DTC]
1    55U 00000A   25274.57408802 .00000000  00000-0 0 000           6
2    55  55.0000   0.0000 0000000   0.0000 324.0000 14.92546055    02
SATNET-590-02536 [DTC]
1    56U 00000A   25274.57408802 .00000000  00000-0 0 000           7
2    56  55.0000   0.0000 0000000   0.0000 330.0000 14.92546055    00
SATNET-590-02537 [DTC]
1    57U 00000A   25274.57408802 .00000000  00000-0 0 000           8
2    57  55.0000   0.0000 0000000   0.0000 336.0000 14.92546055    07
SATNET-590-02538 [DTC]
1    58U 00000A   25274.57408802 .00000000  00000-0 0 000           9
2    58  55.0000   0.0000 0000000   0.0000 342.0000 14.92546055    05
SATNET-590-02539 [DTC]
1    59U 00000A   25274.57408802 .00000000  00000-0 0 000           0
2    59  55.0000   0.0000 0000000   0.0000 348.0000 14.92546055    02
SATNET-590-02540 [DTC]
1    60U 00000A   25274.57408802 .00000000  00000-0 0 000           2
2    60  55.0000   0.0000 0000000   0.0000 354.0000 14.92546055    01
SATNET-590-02541 [DTC]
1    61U 00000A   25274.57408802 .00000000  00000-0 0 000           3
2    61  55.0000   6.0000 0000000   0.0000   0.0000 14.92546055    06
SATNET-590-02542 [DTC]
1    62U 00000A   25274.57408802 .00000000  00000-0 0 000           4
2    62  55.0000   6.0000 0000000   0.0000   6.0000 14.92546055    03
SATNET-590-02543 [DTC]
1    63U 00000A   25274.57408802 .00000000  00000-0 0 000           5
2    63  55.0000   6.0000 0000000   0.0000  12.0000 14.92546055    01
SATNET-590-02544 [DTC]
1    64U 00000A   25274.57408802 .00000000  00000-0 0 000           6
2    64  55.0000   6.0000 0000000   0.0000  18.0000 14.92546055    08
SATNET-590-02545 [DTC]
1    65U 00000A   25274.57408802 .00000000  00000-0 0 000           7
2    65  55.0000   6.0000 0000000   0.0000  24.0000 14.92546055    06
SATNET-590-02546 [DTC]
1    66U 00000A   25274.57408802 .00000000  00000-0 0 000           8
2    66  55.0000   6.0000 0000000   0.0000  30.0000 14.92546055    04
SATNET-590-02547 [DTC]
1    67U 00000A   25274.57408802 .00000000  00000-0 0 000           9
2    67  55.0000   6.0000 0000000   0.0000  36.0000 14.92546055    01
SATNET-590-02548 [DTC]
1    68U 00000A   25274.57408802 .00000000  00000-0 0 000           0
2    68  55.0000   6.0000 0000000   0.0000  42.0000 14.92546055    09
SATNET-590-02549 [DTC]
1    69U 00000A   25274.57408802 .00000000  00000-0 0 000           1
2    69  55.0000   6.0000 0000000   0.0000  48.0000 14.92546055    06
SATNET-590-02550 [DTC]
1    70U 00000A   25274.57408802 .00000000  00000-0 0 000           3
2    70  55.0000   6.0000 0000000   0.0000  54.0000 14.92546055    05
SATNET-590-02551 [DTC]
1    71U 00000A   25274.57408802 .00000000  00000-0 0 000           4
2    71  55.0000   6.0000 0000000   0.0000  60.0000 14.92546055    03
SATNET-590-02552 [DTC]
1    72U 00000A   25274.57408802 .00000000  00000-0 0 000           5
2    72  55.0000   6.0000 0000000   0.0000  66.0000 14.92546055    00
SATNET-590-02553 [DTC]
1    73U 00000A   25274.57408802 .00000000  00000-0 0 000           6
2    73  55.0000   6.0000 0000000   0.0000  72.0000 14.92546055    08
SATNET-590-02554 [DTC]
1    74U 00000A   25274.57408802 .00000000  00000-0 0 000           7
2    74  55.0000   6.0000 0000000   0.0000  78.0000 14.92546055    05
SATNET-590-02555 [DTC]
1    75U 00000A   25274.57408802 .00000000  00000-0 0 000           8
2    75  55.0000   6.0000 0000000   0.0000  84.0000 14.92546055    03
SATNET-590-02556 [DTC]
1    76U 00000A   25274.57408802 .00000000  00000-0 0 000           9
2    76  55.0000   6.0000 0000000   0.0000  90.0000 14.92546055    01
SATNET-590-02557 [DTC]
1    77U 00000A   25274.57408802 .00000000  00000-0 0 000           0
2    77  55.0000   6.0000 0000000   0.0000  96.0000 14.92546055    08
SATNET-590-02558 [DTC]
1    78U 00000A   25274.57408802 .00000000  00000-0 0 000           1
2    78  55.0000   6.0000 0000000   0.0000 102.0000 14.92546055    07
SATNET-590-02559 [DTC]
1    79U 00000A   25274.57408802 .00000000  00000-0 0 000           2
2    79  55.0000   6.0000 0000000   0.0000 108.0000 14.92546055    04
SATNET-590-02560 [DTC]
1    80U 00000A   25274.57408802 .00000000  00000-0 0 000           4
2    80  55.0000   6.0000 0000000   0.0000 114.0000 14.92546055    03
SATNET-590-02561 [DTC]
1    81U 00000A   25274.57408802 .00000000  00000-0 0 000           5
2    81  55.0000   6.0000 0000000   0.0000 120.0000 14.92546055    01
SATNET-590-02562 [DTC]
1    82U 00000A   25274.57408802 .00000000  00000-0 0 000           6
2    82  55.0000   6.0000 0000000   0.0000 126.0000 14.92546055    08
SATNET-590-02563 [DTC]
1    83U 00000A   25274.57408802 .00000000  00000-0 0 000           7
2    83  55.0000   6.0000 0000000   0.0000 132.0000 14.92546055    06
SATNET-590-02564 [DTC]
1    84U 00000A   25274.57408802 .00000000  00000-0 0 000           8
2    84  55.0000   6.0000 0000000   0.0000 138.0000 14.92546055    03
SATNET-590-02565 [DTC]
1    85U 00000A   25274.57408802 .00000000  00000-0 0 000           9
2    85  55.0000   6.0000 0000000   0.0000 144.0000 14.92546055    01
SATNET-590-02566 [DTC]
1    86U 00000A   25274.57408802 .00000000  00000-0 0 000           0
2    86  55.0000   6.0000 0000000   0.0000 150.0000 14.92546055    09
SATNET-590-02567 [DTC]
1    87U 00000A   25274.57408802 .00000000  00000-0 0 000           1
2    87  55.0000   6.0000 0000000   0.0000 156.0000 14.92546055    06
SATNET-590-02568 [DTC]
1    88U 00000A   25274.57408802 .00000000  00000-0 0 000           2
2    88  55.0000   6.0000 0000000   0.0000 162.0000 14.92546055    04
SATNET-590-02569 [DTC]
1    89U 00000A   25274.57408802 .00000000  00000-0 0 000           3
2    89  55.0000   6.0000 0000000   0.0000 168.0000 14.92546055    01
SATNET-590-02570 [DTC]
1    90U 00000A   25274.57408802 .00000000  00000-0 0 000           5
2    90  55.0000   6.0000 0000000   0.0000 174.0000 14.92546055    00
SATNET-590-02571 [DTC]
1    91U 00000A   25274.57408802 .00000000  00000-0 0 000           6
2    91  55.0000   6.0000 0000000   0.0000 180.0000 14.92546055    08
SATNET-590-02572 [DTC]
1    92U 00000A   25274.57408802 .00000000  00000-0 0 000           7
2    92  55.0000   6.0000 0000000   0.0000 186.0000 14.92546055    05
SATNET-590-02573 [DTC]
1    93U 00000A   25274.57408802 .00000000  00000-0 0 000           8
2    93  55.0000   6.0000 0000000   0.0000 192.0000 14.92546055    03
SATNET-590-02574 [DTC]
1    94U 00000A   25274.57408802 .00000000  00000-0 0 000           9
2    94  55.0000   6.0000 0000000   0.0000 198.0000 14.92546055    00
SATNET-590-02575 [DTC]
1    95U 00000A   25274.57408802 .00000000  00000-0 0 000           0
2    95  55.0000   6.0000 0000000   0.0000 204.0000 14.92546055    09
SATNET-590-02576 [DTC]
1    96U 00000A   25274.57408802 .00000000  00000-0 0 000           1
2    96  55.0000   6.0000 0000000   0.0000 210.0000 14.92546055    07
SATNET-590-02577 [DTC]
1    97U 00000A   25274.57408802 .00000000  00000-0 0 000           2
2    97  55.0000   6.0000 0000000   0.0000 216.0000 14.92546055    04
SATNET-590-02578 [DTC]
1    98U 00000A   25274.57408802 .00000000  00000-0 0 000           3
2    98  55.0000   6.0000 0000000   0.0000 222.0000 14.92546055    02
SATNET-590-02579 [DTC]
1    99U 00000A   25274.57408802 .00000000  00000-0 0 000           4
2    99  55.0000   6.0000 0000000   0.0000 228.0000 14.92546055    09
SATNET-590-02580 [DTC]
1   100U 00000A   25274.57408802 .00000000  00000-0 0 000           7
2   100  55.0000   6.0000 0000000   0.0000 234.0000 14.92546055    09
SATNET-590-02581 [DTC]
1   101U 00000A   25274.57408802 .00000000  00000-0 0 000           8
2   101  55.0000   6.0000 0000000   0.0000 240.0000 14.92546055    07
SATNET-590-02582 [DTC]
1   102U 00000A   25274.57408802 .00000000  00000-0 0 000           9
2   102  55.0000   6.0000 0000000   0.0000 246.0000 14.92546055    04
SATNET-590-02583 [DTC]
1   103U 00000A   25274.57408802 .00000000  00000-0 0 000           0
2   103  55.0000   6.0000 0000000   0.0000 252.0000 14.92546055    02
SATNET-590-02584 [DTC]
1   104U 00000A   25274.57408802 .00000000  00000-0 0 000           1
2   104  55.0000   6.0000 0000000   0.0000 258.0000 14.92546055    09
SATNET-590-02585 [DTC]
1   105U 00000A   25274.57408802 .00000000  00000-0 0 000           2
2   105  55.0000   6.0000 0000000   0.0000 264.0000 14.92546055    07
SATNET-590-02586 [DTC]
1   106U 00000A   25274.57408802 .00000000  00000-0 0 000           3
2   106  55.0000   6.0000 0000000   0.0000 270.0000 14.92546055    05
SATNET-590-02587 [DTC]
1   107U 00000A   25274.57408802 .00000000  00000-0 0 000           4
2   107  55.0000   6.0000 0000000   0.0000 276.0000 14.92546055    02
SATNET-590-02588 [DTC]
1   108U 00000A   25274.57408802 .00000000  00000-0 0 000           5
2   108  55.0000   6.0000 0000000   0.0000 282.0000 14.92546055    00
SATNET-590-02589 [DTC]
1   109U 00000A   25274.57408802 .00000000  00000-0 0 000           6
2   109  55.0000   6.0000 0000000   0.0000 288.0000 14.92546055    07
SATNET-590-02590 [DTC]
1   110U 00000A   25274.57408802 .00000000  00000-0 0 000           8
2   110  55.0000   6.0000 0000000   0.0000 294.0000 14.92546055    06
SATNET-590-02591 [DTC]
1   111U 00000A   25274.57408802 .00000000  00000-0 0 000           9
2   111  55.0000   6.0000 0000000   0.0000 300.0000 14.92546055    05
SATNET-590-02592 [DTC]
1   112U 00000A   25274.57408802 .00000000  00000-0 0 000           0
2   112  55.0000   6.0000 0000000   0.0000 306.0000 14.92546055    02
SATNET-590-02593 [DTC]
1   113U 00000A   25274.57408802 .00000000  00000-0 0 000           1
2   113  55.0000   6.0000 0000000   0.0000 312.0000 14.92546055    00
SATNET-590-02594 [DTC]
1   114U 00000A   25274.57408802 .00000000  00000-0 0 000           2
2   114  55.0000   6.0000 0000000   0.0000 318.0000 14.92546055    07
SATNET-590-02595 [DTC]
1   115U 00000A   25274.57408802 .00000000  00000-0 0 000           3
2   115  55.0000   6.0000 0000000   0.0000 324.0000 14.92546055    05
SATNET-590-02596 [DTC]
1   116U 00000A   25274.57408802 .00000000  00000-0 0 000           4
2   116  55.0000   6.0000 0000000   0.0000 330.0000 14.92546055    03
SATNET-590-02597 [DTC]
1   117U 00000A   25274.57408802 .00000000  00000-0 0 000           5
2   117  55.0000   6.0000 0000000   0.0000 336.0000 14.92546055    00
SATNET-590-02598 [DTC]
1   118U 00000A   25274.57408802 .00000000  00000-0 0 000           6
2   118  55.0000   6.0000 0000000   0.0000 342.0000 14.92546055    08
SATNET-590-02599 [DTC]
1   119U 00000A   25274.57408802 .00000000  00000-0 0 000           7
2   119  55.0000   6.0000 0000000   0.0000 348.0000 14.92546055    05
SATNET-590-02600 [DTC]
1   120U 00000A   25274.57408802 .00000000  00000-0 0 000           9
2   120  55.0000   6.0000 0000000   0.0000 354.0000 14.92546055    04
SATNET-590-02601 [DTC]
1   121U 00000A   25274.57408802 .00000000  00000-0 0 000           0
2   121  55.0000  12.0000 0000000   0.0000   0.0000 14.92546055    00
SATNET-590-02602 [DTC]
1   122U 00000A   25274.57408802 .00000000  00000-0 0 000           1
2   122  55.0000  12.0000 0000000   0.0000   6.0000 14.92546055    07
SATNET-590-02603 [DTC]
1   123U 00000A   25274.57408802 .00000000  00000-0 0 000           2
2   123  55.0000  12.0000 0000000   0.0000  12.0000 14.92546055    05
SATNET-590-02604 [DTC]
1   124U 00000A   25274.57408802 .00000000  00000-0 0 000           3
2   124  55.0000  12.0000 0000000   0.0000  18.0000 14.92546055    02
SATNET-590-02605 [DTC]
1   125U 00000A   25274.57408802 .00000000  00000-0 0 000           4
2   125  55.0000  12.0000 0000000   0.0000  24.0000 14.92546055    00
SATNET-590-02606 [DTC]
1   126U 00000A   25274.57408802 .00000000  00000-0 0 000           5
2   126  55.0000  12.0000 0000000   0.0000  30.0000 14.92546055    08
SATNET-590-02607 [DTC]
1   127U 00000A   25274.57408802 .00000000  00000-0 0 000           6
2   127  55.0000  12.0000 0000000   0.0000  36.0000 14.92546055    05
SATNET-590-02608 [DTC]
1   128U 00000A   25274.57408802 .00000000  00000-0 0 000           7
2   128  55.0000  12.0000 0000000   0.0000  42.0000 14.92546055    03
SATNET-590-02609 [DTC]
1   129U 00000A   25274.57408802 .00000000  00000-0 0 000           8
2   129  55.0000  12.0000 0000000   0.0000  48.0000 14.92546055    00
SATNET-590-02610 [DTC]
1   130U 00000A   25274.57408802 .00000000  00000-0 0 000           0
2   130  55.0000  12.0000 0000000   0.0000  54.0000 14.92546055    09
SATNET-590-02611 [DTC]
1   131U 00000A   25274.57408802 .00000000  00000-0 0 000           1
2   131  55.0000  12.0000 0000000   0.0000  60.0000 14.92546055    07
SATNET-590-02612 [DTC]
1   132U 00000A   25274.57408802 .00000000  00000-0 0 000           2
2   132  55.0000  12.0000 0000000   0.0000  66.0000 14.92546055    04
SATNET-590-02613 [DTC]
1   133U 00000A   25274.57408802 .00000000  00000-0 0 000           3
2   133  55.0000  12.0000 0000000   0.0000  72.0000 14.92546055    02
SATNET-590-02614 [DTC]
1   134U 00000A   25274.57408802 .00000000  00000-0 0 000           4
2   134  55.0000  12.0000 0000000   0.0000  78.0000 14.92546055    09
SATNET-590-02615 [DTC]
1   135U 00000A   25274.57408802 .00000000  00000-0 0 000           5
2   135  55.0000  12.0000 0000000   0.0000  84.0000 14.92546055    07
SATNET-590-02616 [DTC]
1   136U 00000A   25274.57408802 .00000000  00000-0 0 000           6
2   136  55.0000  12.0000 0000000   0.0000  90.0000 14.92546055    05
SATNET-590-02617 [DTC]
1   137U 00000A   25274.57408802 .00000000  00000-0 0 000           7
2   137  55.0000  12.0000 0000000   0.0000  96.0000 14.92546055    02
SATNET-590-02618 [DTC]
1   138U 00000A   25274.57408802 .00000000  00000-0 0 000           8
2   138  55.0000  12.0000 0000000   0.0000 102.0000 14.92546055    01
SATNET-590-02619 [DTC]
1   139U 00000A   25274.57408802 .00000000  00000-0 0 000           9
2   139  55.0000  12.0000 0000000   0.0000 108.0000 14.92546055    08
SATNET-590-02620 [DTC]
1   140U 00000A   25274.57408802 .00000000  00000-0 0 000           1
2   140  55.0000  12.0000 0000000   0.0000 114.0000 14.92546055    07
SATNET-590-02621 [DTC]
1   141U 00000A   25274.57408802 .00000000  00000-0 0 000           2
2   141  55.0000  12.0000 0000000   0.0000 120.0000 14.92546055    05
SATNET-590-02622 [DTC]
1   142U 00000A   25274.57408802 .00000000  00000-0 0 000           3
2   142  55.0000  12.0000 0000000   0.0000 126.0000 14.92546055    02
SATNET-590-02623 [DTC]
1   143U 00000A   25274.57408802 .00000000  00000-0 0 000           4
2   143  55.0000  12.0000 0000000   0.0000 132.0000 14.92546055    00
SATNET-590-02624 [DTC]
1   144U 00000A   25274.57408802 .00000000  00000-0 0 000           5
2   144  55.0000  12.0000 0000000   0.0000 138.0000 14.92546055    07
SATNET-590-02625 [DTC]
1   145U 00000A   25274.57408802 .00000000  00000-0 0 000           6
2   145  55.0000  12.0000 0000000   0.0000 144.0000 14.92546055    05
SATNET-590-02626 [DTC]
1   146U 00000A   25274.57408802 .00000000  00000-0 0 000           7
2   146  55.0000  12.0000 0000000   0.0000 150.0000 14.92546055    03
SATNET-590-02627 [DTC]
1   147U 00000A   25274.57408802 .00000000  00000-0 0 000           8
2   147  55.0000  12.0000 0000000   0.0000 156.0000 14.92546055    00
SATNET-590-02628 [DTC]
1   148U 00000A   25274.57408802 .00000000  00000-0 0 000           9
2   148  55.0000  12.0000 0000000   0.0000 162.0000 14.92546055    08
SATNET-590-02629 [DTC]
1   149U 00000A   25274.57408802 .00000000  00000-0 0 000           0
2   149  55.0000  12.0000 0000000   0.0000 168.0000 14.92546055    05
SATNET-590-02630 [DTC]
1   150U 00000A   25274.57408802 .00000000  00000-0 0 000           2
2   150  55.0000  12.0000 0000000   0.0000 174.0000 14.92546055    04
SATNET-590-02631 [DTC]
1   151U 00000A   25274.57408802 .00000000  00000-0 0 000           3
2   151  55.0000  12.0000 0000000   0.0000 180.0000 14.92546055    02
SATNET-590-02632 [DTC]
1   152U 00000A   25274.57408802 .00000000  00000-0 0 000           4
2   152  55.0000  12.0000 0000000   0.0000 186.0000 14.92546055    09
SATNET-590-02633 [DTC]
1   153U 00000A   25274.57408802 .00000000  00000-0 0 000           5
2   153  55.0000  12.0000 0000000   0.0000 192.0000 14.92546055    07
SATNET-590-02634 [DTC]
1   154U 00000A   25274.57408802 .00000000  00000-0 0 000           6
2   154  55.0000  12.0000 0000000   0.0000 198.0000 14.92546055    04
SATNET-590-02635 [DTC]
1   155U 00000A   25274.57408802 .00000000  00000-0 0 000           7
2   155  55.0000  12.0000 0000000   0.0000 204.0000 14.92546055    03
SATNET-590-02636 [DTC]
1   156U 00000A   25274.57408802 .00000000  00000-0 0 000           8
2   156  55.0000  12.0000 0000000   0.0000 210.0000 14.92546055    01
SATNET-590-02637 [DTC]
1   157U 00000A   25274.57408802 .00000000  00000-0 0 000           9
2   157  55.0000  12.0000 0000000   0.0000 216.0000 14.92546055    08
SATNET-590-02638 [DTC]
1   158U 00000A   25274.57408802 .00000000  00000-0 0 000           0
2   158  55.0000  12.0000 0000000   0.0000 222.0000 14.92546055    06
SATNET-590-02639 [DTC]
1   159U 00000A   25274.57408802 .00000000  00000-0 0 000           1
2   159  55.0000  12.0000 0000000   0.0000 228.0000 14.92546055    03
SATNET-590-02640 [DTC]
1   160U 00000A   25274.57408802 .00000000  00000-0 0 000           3
2   160  55.0000  12.0000 0000000   0.0000 234.0000 14.92546055    02
SATNET-590-02641 [DTC]
1   161U 00000A   25274.57408802 .00000000  00000-0 0 000           4
2   161  55.0000  12.0000 0000000   0.0000 240.0000 14.92546055    00
SATNET-590-02642 [DTC]
1   162U 00000A   25274.57408802 .00000000  00000-0 0 000           5
2   162  55.0000  12.0000 0000000   0.0000 246.0000 14.92546055    07
SATNET-590-02643 [DTC]
1   163U 00000A   25274.57408802 .00000000  00000-0 0 000           6
2   163  55.0000  12.0000 0000000   0.0000 252.0000 14.92546055    05
SATNET-590-02644 [DTC]
1   164U 00000A   25274.57408802 .00000000  00000-0 0 000           7
2   164  55.0000  12.0000 0000000   0.0000 258.0000 14.92546055    02
SATNET-590-02645 [DTC]
1   165U 00000A   25274.57408802 .00000000  00000-0 0 000           8
2   165  55.0000  12.0000 0000000   0.0000 264.0000 14.92546055    00
SATNET-590-02646 [DTC]
1   166U 00000A   25274.57408802 .00000000  00000-0 0 000           9
2   166  55.0000  12.0000 0000000   0.0000 270.0000 14.92546055    08
SATNET-590-02647 [DTC]
1   167U 00000A   25274.57408802 .00000000  00000-0 0 000           0
2   167  55.0000  12.0000 0000000   0.0000 276.0000 14.92546055    05
SATNET-590-02648 [DTC]
1   168U 00000A   25274.57408802 .00000000  00000-0 0 000           1
2   168  55.0000  12.0000 0000000   0.0000 282.0000 14.92546055    03
SATNET-590-02649 [DTC]
1   169U 00000A   25274.57408802 .00000000  00000-0 0 000           2
2   169  55.0000  12.0000 0000000   0.0000 288.0000 14.92546055    00
SATNET-590-02650 [DTC]
1   170U 00000A   25274.57408802 .00000000  00000-0 0 000           4
2   170  55.0000  12.0000 0000000   0.0000 294.0000 14.92546055    09
SATNET-590-02651 [DTC]
1   171U 00000A   25274.57408802 .00000000  00000-0 0 000           5
2   171  55.0000  12.0000 0000000   0.0000 300.0000 14.92546055    08
SATNET-590-02652 [DTC]
1   172U 00000A   25274.57408802 .00000000  00000-0 0 000           6
2   172  55.0000  12.0000 0000000   0.0000 306.0000 14.92546055    05
SATNET-590-02653 [DTC]
1   173U 00000A   25274.57408802 .00000000  00000-0 0 000           7
2   173  55.0000  12.0000 0000000   0.0000 312.0000 14.92546055    03
SATNET-590-02654 [DTC]
1   174U 00000A   25274.57408802 .00000000  00000-0 0 000           8
2   174  55.0000  12.0000 0000000   0.0000 318.0000 14.92546055    00
SATNET-590-02655 [DTC]
1   175U 00000A   25274.57408802 .00000000  00000-0 0 000           9
2   175  55.0000  12.0000 0000000   0.0000 324.0000 14.92546055    08
SATNET-590-02656 [DTC]
1   176U 00000A   25274.57408802 .00000000  00000-0 0 000           0
2   176  55.0000  12.0000 0000000   0.0000 330.0000 14.92546055    06
SATNET-590-02657 [DTC]
1   177U 00000A   25274.57408802 .00000000  00000-0 0 000           1
2   177  55.0000  12.0000 0000000   0.0000 336.0000 14.92546055    03
SATNET-590-02658 [DTC]
1   178U 00000A   25274.57408802 .00000000  00000-0 0 000           2
2   178  55.0000  12.0000 0000000   0.0000 342.0000 14.92546055    01
SATNET-590-02659 [DTC]
1   179U 00000A   25274.57408802 .00000000  00000-0 0 000           3
2   179  55.0000  12.0000 0000000   0.0000 348.0000 14.92546055    08
SATNET-590-02660 [DTC]
1   180U 00000A   25274.57408802 .00000000  00000-0 0 000           5
2   180  55.0000  12.0000 0000000   0.0000 354.0000 14.92546055    07
SATNET-590-02661 [DTC]
1   181U 00000A   25274.57408802 .00000000  00000-0 0 000           6
2   181  55.0000  18.0000 0000000   0.0000   0.0000 14.92546055    02
SATNET-590-02662 [DTC]
1   182U 00000A   25274.57408802 .00000000  00000-0 0 000           7
2   182  55.0000  18.0000 0000000   0.0000   6.0000 14.92546055    09
SATNET-590-02663 [DTC]
1   183U 00000A   25274.57408802 .00000000  00000-0 0 000           8
2   183  55.0000  18.0000 0000000   0.0000  12.0000 14.92546055    07
SATNET-590-02664 [DTC]
1   184U 00000A   25274.57408802 .00000000  00000-0 0 000           9
2   184  55.0000  18.0000 0000000   0.0000  18.0000 14.92546055    04
SATNET-590-02665 [DTC]
1   185U 00000A   25274.57408802 .00000000  00000-0 0 000           0
2   185  55.0000  18.0000 0000000   0.0000  24.0000 14.92546055    02
SATNET-590-02666 [DTC]
1   186U 00000A   25274.57408802 .00000000  00000-0 0 000           1
2   186  55.0000  18.0000 0000000   0.0000  30.0000 14.92546055    00
SATNET-590-02667 [DTC]
1   187U 00000A   25274.57408802 .00000000  00000-0 0 000           2
2   187  55.0000  18.0000 0000000   0.0000  36.0000 14.92546055    07
SATNET-590-02668 [DTC]
1   188U 00000A   25274.57408802 .00000000  00000-0 0 000           3
2   188  55.0000  18.0000 0000000   0.0000  42.0000 14.92546055    05
SATNET-590-02669 [DTC]
1   189U 00000A   25274.57408802 .00000000  00000-0 0 000           4
2   189  55.0000  18.0000 0000000   0.0000  48.0000 14.92546055    02
SATNET-590-02670 [DTC]
1   190U 00000A   25274.57408802 .00000000  00000-0 0 000           6
2   190  55.0000  18.0000 0000000   0.0000  54.0000 14.92546055    01
SATNET-590-02671 [DTC]
1   191U 00000A   25274.57408802 .00000000  00000-0 0 000           7
2   191  55.0000  18.0000 0000000   0.0000  60.0000 14.92546055    09
SATNET-590-02672 [DTC]
1   192U 00000A   25274.57408802 .00000000  00000-0 0 000           8
2   192  55.0000  18.0000 0000000   0.0000  66.0000 14.92546055    06
SATNET-590-02673 [DTC]
1   193U 00000A   25274.57408802 .00000000  00000-0 0 000           9
2   193  55.0000  18.0000 0000000   0.0000  72.0000 14.92546055    04
SATNET-590-02674 [DTC]
1   194U 00000A   25274.57408802 .00000000  00000-0 0 000           0
2   194  55.0000  18.0000 0000000   0.0000  78.0000 14.92546055    01
SATNET-590-02675 [DTC]
1   195U 00000A   25274.57408802 .00000000  00000-0 0 000           1
2   195  55.0000  18.0000 0000000   0.0000  84.0000 14.92546055    09
SATNET-590-02676 [DTC]
1   196U 00000A   25274.57408802 .00000000  00000-0 0 000           2
2   196  55.0000  18.0000 0000000   0.0000  90.0000 14.92546055    07
SATNET-590-02677 [DTC]
1   197U 00000A   25274.57408802 .00000000  00000-0 0 000           3
2   197  55.0000  18.0000 0000000   0.0000  96.0000 14.92546055    04
SATNET-590-02678 [DTC]
1   198U 00000A   25274.57408802 .00000000  00000-0 0 000           4
2   198  55.0000  18.0000 0000000   0.0000 102.0000 14.92546055    03
SATNET-590-02679 [DTC]
1   199U 00000A   25274.57408802 .00000000  00000-0 0 000           5
2   199  55.0000  18.0000 0000000   0.0000 108.0000 14.92546055    00
SATNET-590-02680 [DTC]
1   200U 00000A   25274.57408802 .00000000  00000-0 0 000           8
2   200  55.0000  18.0000 0000000   0.0000 114.0000 14.92546055    00
SATNET-590-02681 [DTC]
1   201U 00000A   25274.57408802 .00000000  00000-0 0 000           9
2   201  55.0000  18.0000 0000000   0.0000 120.0000 14.92546055    08
SATNET-590-02682 [DTC]
1   202U 00000A   25274.57408802 .00000000  00000-0 0 000           0
2   202  55.0000  18.0000 0000000   0.0000 126.0000 14.92546055    05
SATNET-590-02683 [DTC]
1   203U 00000A   25274.57408802 .00000000  00000-0 0 000           1
2   203  55.0000  18.0000 0000000   0.0000 132.0000 14.92546055    03
SATNET-590-02684 [DTC]
1   204U 00000A   25274.57408802 .00000000  00000-0 0 000           2
2   204  55.0000  18.0000 0000000   0.0000 138.0000 14.92546055    00
SATNET-590-02685 [DTC]
1   205U 00000A   25274.57408802 .00000000  00000-0 0 000           3
2   205  55.0000  18.0000 0000000   0.0000 144.0000 14.92546055    08
SATNET-590-02686 [DTC]
1   206U 00000A   25274.57408802 .00000000  00000-0 0 000           4
2   206  55.0000  18.0000 0000000   0.0000 150.0000 14.92546055    06
SATNET-590-02687 [DTC]
1   207U 00000A   25274.57408802 .00000000  00000-0 0 000           5
2   207  55.0000  18.0000 0000000   0.0000 156.0000 14.92546055    03
SATNET-590-02688 [DTC]
1   208U 00000A   25274.57408802 .00000000  00000-0 0 000           6
2   208  55.0000  18.0000 0000000   0.0000 162.0000 14.92546055    01
SATNET-590-02689 [DTC]
1   209U 00000A   25274.57408802 .00000000  00000-0 0 000           7
2   209  55.0000  18.0000 0000000   0.0000 168.0000 14.92546055    08
SATNET-590-02690 [DTC]
1   210U 00000A   25274.57408802 .00000000  00000-0 0 000           9
2   210  55.0000  18.0000 0000000   0.0000 174.0000 14.92546055    07
SATNET-590-02691 [DTC]
1   211U 00000A   25274.57408802 .00000000  00000-0 0 000           0
2   211  55.0000  18.0000 0000000   0.0000 180.0000 14.92546055    05
SATNET-590-02692 [DTC]
1   212U 00000A   25274.57408802 .00000000  00000-0 0 000           1
2   212  55.0000  18.0000 0000000   0.0000 186.0000 14.92546055    02
SATNET-590-02693 [DTC]
1   213U 00000A   25274.57408802 .00000000  00000-0 0 000           2
2   213  55.0000  18.0000 0000000   0.0000 192.0000 14.92546055    00
SATNET-590-02694 [DTC]
1   214U 00000A   25274.57408802 .00000000  00000-0 0 000           3
2   214  55.0000  18.0000 0000000   0.0000 198.0000 14.92546055    07
SATNET-590-02695 [DTC]
1   215U 00000A   25274.57408802 .00000000  00000-0 0 000           4
2   215  55.0000  18.0000 0000000   0.0000 204.0000 14.92546055    06
SATNET-590-02696 [DTC]
1   216U 00000A   25274.57408802 .00000000  00000-0 0 000           5
2   216  55.0000  18.0000 0000000   0.0000 210.0000 14.92546055    04
SATNET-590-02697 [DTC]
1   217U 00000A   25274.57408802 .00000000  00000-0 0 000           6
2   217  55.0000  18.0000 0000000   0.0000 216.0000 14.92546055    01
SATNET-590-02698 [DTC]
1   218U 00000A   25274.57408802 .00000000  00000-0 0 000           7
2   218  55.0000  18.0000 0000000   0.0000 222.0000 14.92546055    09
SATNET-590-02699 [DTC]
1   219U 00000A   25274.57408802 .00000000  00000-0 0 000           8
2   219  55.0000  18.0000 0000000   0.0000 228.0000 14.92546055    06
SATNET-590-02700 [DTC]
1   220U 00000A   25274.57408802 .00000000  00000-0 0 000           0
2   220  55.0000  18.0000 0000000   0.0000 234.0000 14.92546055    05
SATNET-590-02701 [DTC]
1   221U 00000A   25274.57408802 .00000000  00000-0 0 000           1
2   221  55.0000  18.0000 0000000   0.0000 240.0000 14.92546055    03
SATNET-590-02702 [DTC]
1   222U 00000A   25274.57408802 .00000000  00000-0 0 000           2
2   222  55.0000  18.0000 0000000   0.0000 246.0000 14.92546055    00
SATNET-590-02703 [DTC]
1   223U 00000A   25274.57408802 .00000000  00000-0 0 000           3
2   223  55.0000  18.0000 0000000   0.0000 252.0000 14.92546055    08
SATNET-590-02704 [DTC]
1   224U 00000A   25274.57408802 .00000000  00000-0 0 000           4
2   224  55.0000  18.0000 0000000   0.0000 258.0000 14.92546055    05
SATNET-590-02705 [DTC]
1   225U 00000A   25274.57408802 .00000000  00000-0 0 000           5
2   225  55.0000  18.0000 0000000   0.0000 264.0000 14.92546055    03
SATNET-590-02706 [DTC]
1   226U 00000A   25274.57408802 .00000000  00000-0 0 000           6
2   226  55.0000  18.0000 0000000   0.0000 270.0000 14.92546055    01
SATNET-590-02707 [DTC]
1   227U 00000A   25274.57408802 .00000000  00000-0 0 000           7
2   227  55.0000  18.0000 0000000   0.0000 276.0000 14.92546055    08
SATNET-590-02708 [DTC]
1   228U 00000A   25274.57408802 .00000000  00000-0 0 000           8
2   228  55.0000  18.0000 0000000   0.0000 282.0000 14.92546055    06
SATNET-590-02709 [DTC]
1   229U 00000A   25274.57408802 .00000000  00000-0 0 000           9
2   229  55.0000  18.0000 0000000   0.0000 288.0000 14.92546055    03
SATNET-590-02710 [DTC]
1   230U 00000A   25274.57408802 .00000000  00000-0 0 000           1
2   230  55.0000  18.0000 0000000   0.0000 294.0000 14.92546055    02
SATNET-590-02711 [DTC]
1   231U 00000A   25274.57408802 .00000000  00000-0 0 000           2
2   231  55.0000  18.0000 0000000   0.0000 300.0000 14.92546055    01
SATNET-590-02712 [DTC]
1   232U 00000A   25274.57408802 .00000000  00000-0 0 000           3
2   232  55.0000  18.0000 0000000   0.0000 306.0000 14.92546055    08
SATNET-590-02713 [DTC]
1   233U 00000A   25274.57408802 .00000000  00000-0 0 000           4
2   233  55.0000  18.0000 0000000   0.0000 312.0000 14.92546055    06
SATNET-590-02714 [DTC]
1   234U 00000A   25274.57408802 .00000000  00000-0 0 000           5
2   234  55.0000  18.0000 0000000   0.0000 318.0000 14.92546055    03
SATNET-590-02715 [DTC]
1   235U 00000A   25274.57408802 .00000000  00000-0 0 000           6
2   235  55.0000  18.0000 0000000   0.0000 324.0000 14.92546055    01
SATNET-590-02716 [DTC]
1   236U 00000A   25274.57408802 .00000000  00000-0 0 000           7
2   236  55.0000  18.0000 0000000   0.0000 330.0000 14.92546055    09
SATNET-590-02717 [DTC]
1   237U 00000A   25274.57408802 .00000000  00000-0 0 000           8
2   237  55.0000  18.0000 0000000   0.0000 336.0000 14.92546055    06
SATNET-590-02718 [DTC]
1   238U 00000A   25274.57408802 .00000000  00000-0 0 000           9
2   238  55.0000  18.0000 0000000   0.0000 342.0000 14.92546055    04
SATNET-590-02719 [DTC]
1   239U 00000A   25274.57408802 .00000000  00000-0 0 000           0
2   239  55.0000  18.0000 0000000   0.0000 348.0000 14.92546055    01
SATNET-590-02720 [DTC]
1   240U 00000A   25274.57408802 .00000000  00000-0 0 000           2
2   240  55.0000  18.0000 0000000   0.0000 354.0000 14.92546055    00
SATNET-590-02721 [DTC]
1   241U 00000A   25274.57408802 .00000000  00000-0 0 000           3
2   241  55.0000  24.0000 0000000   0.0000   0.0000 14.92546055    06
SATNET-590-02722 [DTC]
1   242U 00000A   25274.57408802 .00000000  00000-0 0 000           4
2   242  55.0000  24.0000 0000000   0.0000   6.0000 14.92546055    03
SATNET-590-02723 [DTC]
1   243U 00000A   25274.57408802 .00000000  00000-0 0 000           5
2   243  55.0000  24.0000 0000000   0.0000  12.0000 14.92546055    01
SATNET-590-02724 [DTC]
1   244U 00000A   25274.57408802 .00000000  00000-0 0 000           6
2   244  55.0000  24.0000 0000000   0.0000  18.0000 14.92546055    08
SATNET-590-02725 [DTC]
1   245U 00000A   25274.57408802 .00000000  00000-0 0 000           7
2   245  55.0000  24.0000 0000000   0.0000  24.0000 14.92546055    06
SATNET-590-02726 [DTC]
1   246U 00000A   25274.57408802 .00000000  00000-0 0 000           8
2   246  55.0000  24.0000 0000000   0.0000  30.0000 14.92546055    04
SATNET-590-02727 [DTC]
1   247U 00000A   25274.57408802 .00000000  00000-0 0 000           9
2   247  55.0000  24.0000 0000000   0.0000  36.0000 14.92546055    01
SATNET-590-02728 [DTC]
1   248U 00000A   25274.57408802 .00000000  00000-0 0 000           0
2   248  55.0000  24.0000 0000000   0.0000  42.0000 14.92546055    09
SATNET-590-02729 [DTC]
1   249U 00000A   25274.57408802 .00000000  00000-0 0 000           1
2   249  55.0000  24.0000 0000000   0.0000  48.0000 14.92546055    06
SATNET-590-02730 [DTC]
1   250U 00000A   25274.57408802 .00000000  00000-0 0 000           3
2   250  55.0000  24.0000 0000000   0.0000  54.0000 14.92546055    05
SATNET-590-02731 [DTC]
1   251U 00000A   25274.57408802 .00000000  00000-0 0 000           4
2   251  55.0000  24.0000 0000000   0.0000  60.0000 14.92546055    03
SATNET-590-02732 [DTC]
1   252U 00000A   25274.57408802 .00000000  00000-0 0 000           5
2   252  55.0000  24.0000 0000000   0.0000  66.0000 14.92546055    00
SATNET-590-02733 [DTC]
1   253U 00000A   25274.57408802 .00000000  00000-0 0 000           6
2   253  55.0000  24.0000 0000000   0.0000  72.0000 14.92546055    08
SATNET-590-02734 [DTC]
1   254U 00000A   25274.57408802 .00000000  00000-0 0 000           7
2   254  55.0000  24.0000 0000000   0.0000  78.0000 14.92546055    05
SATNET-590-02735 [DTC]
1   255U 00000A   25274.57408802 .00000000  00000-0 0 000           8
2   255  55.0000  24.0000 0000000   0.0000  84.0000 14.92546055    03
SATNET-590-02736 [DTC]
1   256U 00000A   25274.57408802 .00000000  00000-0 0 000           9
2   256  55.0000  24.0000 0000000   0.0000  90.0000 14.92546055    01
SATNET-590-02737 [DTC]
1   257U 00000A   25274.57408802 .00000000  00000-0 0 000           0
2   257  55.0000  24.0000 0000000   0.0000  96.0000 14.92546055    08
SATNET-590-02738 [DTC]
1   258U 00000A   25274.57408802 .00000000  00000-0 0 000           1
2   258  55.0000  24.0000 0000000   0.0000 102.0000 14.92546055    07
SATNET-590-02739 [DTC]
1   259U 00000A   25274.57408802 .00000000  00000-0 0 000           2
2   259  55.0000  24.0000 0000000   0.0000 108.0000 14.92546055    04
SATNET-590-02740 [DTC]
1   260U 00000A   25274.57408802 .00000000  00000-0 0 000           4
2   260  55.0000  24.0000 0000000   0.0000 114.0000 14.92546055    03
SATNET-590-02741 [DTC]
1   261U 00000A   25274.57408802 .00000000  00000-0 0 000           5
2   261  55.0000  24.0000 0000000   0.0000 120.0000 14.92546055    01
SATNET-590-02742 [DTC]
1   262U 00000A   25274.57408802 .00000000  00000-0 0 000           6
2   262  55.0000  24.0000 0000000   0.0000 126.0000 14.92546055    08
SATNET-590-02743 [DTC]
1   263U 00000A   25274.57408802 .00000000  00000-0 0 000           7
2   263  55.0000  24.0000 0000000   0.0000 132.0000 14.92546055    06
SATNET-590-02744 [DTC]
1   264U 00000A   25274.57408802 .00000000  00000-0 0 000           8
2   264  55.0000  24.0000 0000000   0.0000 138.0000 14.92546055    03
SATNET-590-02745 [DTC]
1   265U 00000A   25274.57408802 .00000000  00000-0 0 000           9
2   265  55.0000  24.0000 0000000   0.0000 144.0000 14.92546055    01
SATNET-590-02746 [DTC]
1   266U 00000A   25274.57408802 .00000000  00000-0 0 000           0
2   266  55.0000  24.0000 0000000   0.0000 150.0000 14.92546055    09
SATNET-590-02747 [DTC]
1   267U 00000A   25274.57408802 .00000000  00000-0 0 000           1
2   267  55.0000  24.0000 0000000   0.0000 156.0000 14.92546055    06
SATNET-590-02748 [DTC]
1   268U 00000A   25274.57408802 .00000000  00000-0 0 000           2
2   268  55.0000  24.0000 0000000   0.0000 162.0000 14.92546055    04
SATNET-590-02749 [DTC]
1   269U 00000A   25274.57408802 .00000000  00000-0 0 000           3
2   269  55.0000  24.0000 0000000   0.0000 168.0000 14.92546055    01
SATNET-590-02750 [DTC]
1   270U 00000A   25274.57408802 .00000000  00000-0 0 000           5
2   270  55.0000  24.0000 0000000   0.0000 174.0000 14.92546055    00
SATNET-590-02751 [DTC]
1   271U 00000A   25274.57408802 .00000000  00000-0 0 000           6
2   271  55.0000  24.0000 0000000   0.0000 180.0000 14.92546055    08
SATNET-590-02752 [DTC]
1   272U 00000A   25274.57408802 .00000000  00000-0 0 000           7
2   272  55.0000  24.0000 0000000   0.0000 186.0000 14.92546055    05
SATNET-590-02753 [DTC]
1   273U 00000A   25274.57408802 .00000000  00000-0 0 000           8
2   273  55.0000  24.0000 0000000   0.0000 192.0000 14.92546055    03
SATNET-590-02754 [DTC]
1   274U 00000A   25274.57408802 .00000000  00000-0 0 000           9
2   274  55.0000  24.0000 0000000   0.0000 198.0000 14.92546055    00
SATNET-590-02755 [DTC]
1   275U 00000A   25274.57408802 .00000000  00000-0 0 000           0
2   275  55.0000  24.0000 0000000   0.0000 204.0000 14.92546055    09
SATNET-590-02756 [DTC]
1   276U 00000A   25274.57408802 .00000000  00000-0 0 000           1
2   276  55.0000  24.0000 0000000   0.0000 210.0000 14.92546055    07
SATNET-590-02757 [DTC]
1   277U 00000A   25274.57408802 .00000000  00000-0 0 000           2
2   277  55.0000  24.0000 0000000   0.0000 216.0000 14.92546055    04
SATNET-590-02758 [DTC]
1   278U 00000A   25274.57408802 .00000000  00000-0 0 000           3
2   278  55.0000  24.0000 0000000   0.0000 222.0000 14.92546055    02
SATNET-590-02759 [DTC]
1   279U 00000A   25274.57408802 .00000000  00000-0 0 000           4
2   279  55.0000  24.0000 0000000   0.0000 228.0000 14.92546055    09
SATNET-590-02760 [DTC]
1   280U 00000A   25274.57408802 .00000000  00000-0 0 000           6
2   280  55.0000  24.0000 0000000   0.0000 234.0000 14.92546055    08
SATNET-590-02761 [DTC]
1   281U 00000A   25274.57408802 .00000000  00000-0 0 000           7
2   281  55.0000  24.0000 0000000   0.0000 240.0000 14.92546055    06
SATNET-590-02762 [DTC]
1   282U 00000A   25274.57408802 .00000000  00000-0 0 000           8
2   282  55.0000  24.0000 0000000   0.0000 246.0000 14.92546055    03
SATNET-590-02763 [DTC]
1   283U 00000A   25274.57408802 .00000000  00000-0 0 000           9
2   283  55.0000  24.0000 0000000   0.0000 252.0000 14.92546055    01
SATNET-590-02764 [DTC]
1   284U 00000A   25274.57408802 .00000000  00000-0 0 000           0
2   284  55.0000  24.0000 0000000   0.0000 258.0000 14.92546055    08
SATNET-590-02765 [DTC]
1   285U 00000A   25274.57408802 .00000000  00000-0 0 000           1
2   285  55.0000  24.0000 0000000   0.0000 264.0000 14.92546055    06
SATNET-590-02766 [DTC]
1   286U 00000A   25274.57408802 .00000000  00000-0 0 000           2
2   286  55.0000  24.0000 0000000   0.0000 270.0000 14.92546055    04
SATNET-590-02767 [DTC]
1   287U 00000A   25274.57408802 .00000000  00000-0 0 000           3
2   287  55.0000  24.0000 0000000   0.0000 276.0000 14.92546055    01
SATNET-590-02768 [DTC]
1   288U 00000A   25274.57408802 .00000000  00000-0 0 000           4
2   288  55.0000  24.0000 0000000   0.0000 282.0000 14.92546055    09
SATNET-590-02769 [DTC]
1   289U 00000A   25274.57408802 .00000000  00000-0 0 000           5
2   289  55.0000  24.0000 0000000   0.0000 288.0000 14.92546055    06
SATNET-590-02770 [DTC]
1   290U 00000A   25274.57408802 .00000000  00000-0 0 000           7
2   290  55.0000  24.0000 0000000   0.0000 294.0000 14.92546055    05
SATNET-590-02771 [DTC]
1   291U 00000A   25274.57408802 .00000000  00000-0 0 000           8
2   291  55.0000  24.0000 0000000   0.0000 300.0000 14.92546055    04
SATNET-590-02772 [DTC]
1   292U 00000A   25274.57408802 .00000000  00000-0 0 000           9
2   292  55.0000  24.0000 0000000   0.0000 306.0000 14.92546055    01
SATNET-590-02773 [DTC]
1   293U 00000A   25274.57408802 .00000000  00000-0 0 000           0
2   293  55.0000  24.0000 0000000   0.0000 312.0000 14.92546055    09
SATNET-590-02774 [DTC]
1   294U 00000A   25274.57408802 .00000000  00000-0 0 000           1
2   294  55.0000  24.0000 0000000   0.0000 318.0000 14.92546055    06
SATNET-590-02775 [DTC]
1   295U 00000A   25274.57408802 .00000000  00000-0 0 000           2
2   295  55.0000  24.0000 0000000   0.0000 324.0000 14.92546055    04
SATNET-590-02776 [DTC]
1   296U 00000A   25274.57408802 .00000000  00000-0 0 000           3
2   296  55.0000  24.0000 0000000   0.0000 330.0000 14.92546055    02
SATNET-590-02777 [DTC]
1   297U 00000A   25274.57408802 .00000000  00000-0 0 000           4
2   297  55.0000  24.0000 0000000   0.0000 336.0000 14.92546055    09
SATNET-590-02778 [DTC]
1   298U 00000A   25274.57408802 .00000000  00000-0 0 000           5
2   298  55.0000  24.0000 0000000   0.0000 342.0000 14.92546055    07
SATNET-590-02779 [DTC]
1   299U 00000A   25274.57408802 .00000000  00000-0 0 000           6
2   299  55.0000  24.0000 0000000   0.0000 348.0000 14.92546055    04
SATNET-590-02780 [DTC]
1   300U 00000A   25274.57408802 .00000000  00000-0 0 000           9
2   300  55.0000  24.0000 0000000   0.0000 354.0000 14.92546055    04
SATNET-590-02781 [DTC]
1   301U 00000A   25274.57408802 .00000000  00000-0 0 000           0
2   301  55.0000  30.0000 0000000   0.0000   0.0000 14.92546055    00
SATNET-590-02782 [DTC]
1   302U 00000A   25274.57408802 .00000000  00000-0 0 000           1
2   302  55.0000  30.0000 0000000   0.0000   6.0000 14.92546055    07
SATNET-590-02783 [DTC]
1   303U 00000A   25274.57408802 .00000000  00000-0 0 000           2
2   303  55.0000  30.0000 0000000   0.0000  12.0000 14.92546055    05
SATNET-590-02784 [DTC]
1   304U 00000A   25274.57408802 .00000000  00000-0 0 000           3
2   304  55.0000  30.0000 0000000   0.0000  18.0000 14.92546055    02
SATNET-590-02785 [DTC]
1   305U 00000A   25274.57408802 .00000000  00000-0 0 000           4
2   305  55.0000  30.0000 0000000   0.0000  24.0000 14.92546055    00
SATNET-590-02786 [DTC]
1   306U 00000A   25274.57408802 .00000000  00000-0 0 000           5
2   306  55.0000  30.0000 0000000   0.0000  30.0000 14.92546055    08
SATNET-590-02787 [DTC]
1   307U 00000A   25274.57408802 .00000000  00000-0 0 000           6
2   307  55.0000  30.0000 0000000   0.0000  36.0000 14.92546055    05
SATNET-590-02788 [DTC]
1   308U 00000A   25274.57408802 .00000000  00000-0 0 000           7
2   308  55.0000  30.0000 0000000   0.0000  42.0000 14.92546055    03
SATNET-590-02789 [DTC]
1   309U 00000A   25274.57408802 .00000000  00000-0 0 000           8
2   309  55.0000  30.0000 0000000   0.0000  48.0000 14.92546055    00
SATNET-590-02790 [DTC]
1   310U 00000A   25274.57408802 .00000000  00000-0 0 000           0
2   310  55.0000  30.0000 0000000   0.0000  54.0000 14.92546055    09
SATNET-590-02791 [DTC]
1   311U 00000A   25274.57408802 .00000000  00000-0 0 000           1
2   311  55.0000  30.0000 0000000   0.0000  60.0000 14.92546055    07
SATNET-590-02792 [DTC]
1   312U 00000A   25274.57408802 .00000000  00000-0 0 000           2
2   312  55.0000  30.0000 0000000   0.0000  66.0000 14.92546055    04
SATNET-590-02793 [DTC]
1   313U 00000A   25274.57408802 .00000000  00000-0 0 000           3
2   313  55.0000  30.0000 0000000   0.0000  72.0000 14.92546055    02
SATNET-590-02794 [DTC]
1   314U 00000A   25274.57408802 .00000000  00000-0 0 000           4
2   314  55.0000  30.0000 0000000   0.0000  78.0000 14.92546055    09
SATNET-590-02795 [DTC]
1   315U 00000A   25274.57408802 .00000000  00000-0 0 000           5
2   315  55.0000  30.0000 0000000   0.0000  84.0000 14.92546055    07
SATNET-590-02796 [DTC]
1   316U 00000A   25274.57408802 .00000000  00000-0 0 000           6
2   316  55.0000  30.0000 0000000   0.0000  90.0000 14.92546055    05
SATNET-590-02797 [DTC]
1   317U 00000A   25274.57408802 .00000000  00000-0 0 000           7
2   317  55.0000  30.0000 0000000   0.0000  96.0000 14.92546055    02
SATNET-590-02798 [DTC]
1   318U 00000A   25274.57408802 .00000000  00000-0 0 000           8
2   318  55.0000  30.0000 0000000   0.0000 102.0000 14.92546055    01
SATNET-590-02799 [DTC]
1   319U 00000A   25274.57408802 .00000000  00000-0 0 000           9
2   319  55.0000  30.0000 0000000   0.0000 108.0000 14.92546055    08
SATNET-590-02800 [DTC]
1   320U 00000A   25274.57408802 .00000000  00000-0 0 000           1
2   320  55.0000  30.0000 0000000   0.0000 114.0000 14.92546055    07
SATNET-590-02801 [DTC]
1   321U 00000A   25274.57408802 .00000000  00000-0 0 000           2
2   321  55.0000  30.0000 0000000   0.0000 120.0000 14.92546055    05
SATNET-590-02802 [DTC]
1   322U 00000A   25274.57408802 .00000000  00000-0 0 000           3
2   322  55.0000  30.0000 0000000   0.0000 126.0000 14.92546055    02
SATNET-590-02803 [DTC]
1   323U 00000A   25274.57408802 .00000000  00000-0 0 000           4
2   323  55.0000  30.0000 0000000   0.0000 132.0000 14.92546055    00
SATNET-590-02804 [DTC]
1   324U 00000A   25274.57408802 .00000000  00000-0 0 000           5
2   324  55.0000  30.0000 0000000   0.0000 138.0000 14.92546055    07
SATNET-590-02805 [DTC]
1   325U 00000A   25274.57408802 .00000000  00000-0 0 000           6
2   325  55.0000  30.0000 0000000   0.0000 144.0000 14.92546055    05
SATNET-590-02806 [DTC]
1   326U 00000A   25274.57408802 .00000000  00000-0 0 000           7
2   326  55.0000  30.0000 0000000   0.0000 150.0000 14.92546055    03
SATNET-590-02807 [DTC]
1   327U 00000A   25274.57408802 .00000000  00000-0 0 000           8
2   327  55.0000  30.0000 0000000   0.0000 156.0000 14.92546055    00
SATNET-590-02808 [DTC]
1   328U 00000A   25274.57408802 .00000000  00000-0 0 000           9
2   328  55.0000  30.0000 0000000   0.0000 162.0000 14.92546055    08
SATNET-590-02809 [DTC]
1   329U 00000A   25274.57408802 .00000000  00000-0 0 000           0
2   329  55.0000  30.0000 0000000   0.0000 168.0000 14.92546055    05
SATNET-590-02810 [DTC]
1   330U 00000A   25274.57408802 .00000000  00000-0 0 000           2
2   330  55.0000  30.0000 0000000   0.0000 174.0000 14.92546055    04
SATNET-590-02811 [DTC]
1   331U 00000A   25274.57408802 .00000000  00000-0 0 000           3
2   331  55.0000  30.0000 0000000   0.0000 180.0000 14.92546055    02
SATNET-590-02812 [DTC]
1   332U 00000A   25274.57408802 .00000000  00000-0 0 000           4
2   332  55.0000  30.0000 0000000   0.0000 186.0000 14.92546055    09
SATNET-590-02813 [DTC]
1   333U 00000A   25274.57408802 .00000000  00000-0 0 000           5
2   333  55.0000  30.0000 0000000   0.0000 192.0000 14.92546055    07
SATNET-590-02814 [DTC]
1   334U 00000A   25274.57408802 .00000000  00000-0 0 000           6
2   334  55.0000  30.0000 0000000   0.0000 198.0000 14.92546055    04
SATNET-590-02815 [DTC]
1   335U 00000A   25274.57408802 .00000000  00000-0 0 000           7
2   335  55.0000  30.0000 0000000   0.0000 204.0000 14.92546055    03
SATNET-590-02816 [DTC]
1   336U 00000A   25274.57408802 .00000000  00000-0 0 000           8
2   336  55.0000  30.0000 0000000   0.0000 210.0000 14.92546055    01
SATNET-590-02817 [DTC]
1   337U 00000A   25274.57408802 .00000000  00000-0 0 000           9
2   337  55.0000  30.0000 0000000   0.0000 216.0000 14.92546055    08
SATNET-590-02818 [DTC]
1   338U 00000A   25274.57408802 .00000000  00000-0 0 000           0
2   338  55.0000  30.0000 0000000   0.0000 222.0000 14.92546055    06
SATNET-590-02819 [DTC]
1   339U 00000A   25274.57408802 .00000000  00000-0 0 000           1
2   339  55.0000  30.0000 0000000   0.0000 228.0000 14.92546055    03
SATNET-590-02820 [DTC]
1   340U 00000A   25274.57408802 .00000000  00000-0 0 000           3
2   340  55.0000  30.0000 0000000   0.0000 234.0000 14.92546055    02
SATNET-590-02821 [DTC]
1   341U 00000A   25274.57408802 .00000000  00000-0 0 000           4
2   341  55.0000  30.0000 0000000   0.0000 240.0000 14.92546055    00
SATNET-590-02822 [DTC]
1   342U 00000A   25274.57408802 .00000000  00000-0 0 000           5
2   342  55.0000  30.0000 0000000   0.0000 246.0000 14.92546055    07
SATNET-590-02823 [DTC]
1   343U 00000A   25274.57408802 .00000000  00000-0 0 000           6
2   343  55.0000  30.0000 0000000   0.0000 252.0000 14.92546055    05
SATNET-590-02824 [DTC]
1   344U 00000A   25274.57408802 .00000000  00000-0 0 000           7
2   344  55.0000  30.0000 0000000   0.0000 258.0000 14.92546055    02
SATNET-590-02825 [DTC]
1   345U 00000A   25274.57408802 .00000000  00000-0 0 000           8
2   345  55.0000  30.0000 0000000   0.0000 264.0000 14.92546055    00
SATNET-590-02826 [DTC]
1   346U 00000A   25274.57408802 .00000000  00000-0 0 000           9
2   346  55.0000  30.0000 0000000   0.0000 270.0000 14.92546055    08
SATNET-590-02827 [DTC]
1   347U 00000A   25274.57408802 .00000000  00000-0 0 000           0
2   347  55.0000  30.0000 0000000   0.0000 276.0000 14.92546055    05
SATNET-590-02828 [DTC]
1   348U 00000A   25274.57408802 .00000000  00000-0 0 000           1
2   348  55.0000  30.0000 0000000   0.0000 282.0000 14.92546055    03
SATNET-590-02829 [DTC]
1   349U 00000A   25274.57408802 .00000000  00000-0 0 000           2
2   349  55.0000  30.0000 0000000   0.0000 288.0000 14.92546055    00
SATNET-590-02830 [DTC]
1   350U 00000A   25274.57408802 .00000000  00000-0 0 000           4
2   350  55.0000  30.0000 0000000   0.0000 294.0000 14.92546055    09
SATNET-590-02831 [DTC]
1   351U 00000A   25274.57408802 .00000000  00000-0 0 000           5
2   351  55.0000  30.0000 0000000   0.0000 300.0000 14.92546055    08
SATNET-590-02832 [DTC]
1   352U 00000A   25274.57408802 .00000000  00000-0 0 000           6
2   352  55.0000  30.0000 0000000   0.0000 306.0000 14.92546055    05
SATNET-590-02833 [DTC]
1   353U 00000A   25274.57408802 .00000000  00000-0 0 000           7
2   353  55.0000  30.0000 0000000   0.0000 312.0000 14.92546055    03
SATNET-590-02834 [DTC]
1   354U 00000A   25274.57408802 .00000000  00000-0 0 000           8
2   354  55.0000  30.0000 0000000   0.0000 318.0000 14.92546055    00
SATNET-590-02835 [DTC]
1   355U 00000A   25274.57408802 .00000000  00000-0 0 000           9
2   355  55.0000  30.0000 0000000   0.0000 324.0000 14.92546055    08
SATNET-590-02836 [DTC]
1   356U 00000A   25274.57408802 .00000000  00000-0 0 000           0
2   356  55.0000  30.0000 0000000   0.0000 330.0000 14.92546055    06
SATNET-590-02837 [DTC]
1   357U 00000A   25274.57408802 .00000000  00000-0 0 000           1
2   357  55.0000  30.0000 0000000   0.0000 336.0000 14.92546055    03
SATNET-590-02838 [DTC]
1   358U 00000A   25274.57408802 .00000000  00000-0 0 000           2
2   358  55.0000  30.0000 0000000   0.0000 342.0000 14.92546055    01
SATNET-590-02839 [DTC]
1   359U 00000A   25274.57408802 .00000000  00000-0 0 000           3
2   359  55.0000  30.0000 0000000   0.0000 348.0000 14.92546055    08
SATNET-590-02840 [DTC]
1   360U 00000A   25274.57408802 .00000000  00000-0 0 000           5
2   360  55.0000  30.0000 0000000   0.0000 354.0000 14.92546055    07
SATNET-590-02841 [DTC]
1   361U 00000A   25274.57408802 .00000000  00000-0 0 000           6
2   361  55.0000  36.0000 0000000   0.0000   0.0000 14.92546055    02
SATNET-590-02842 [DTC]
1   362U 00000A   25274.57408802 .00000000  00000-0 0 000           7
2   362  55.0000  36.0000 0000000   0.0000   6.0000 14.92546055    09
SATNET-590-02843 [DTC]
1   363U 00000A   25274.57408802 .00000000  00000-0 0 000           8
2   363  55.0000  36.0000 0000000   0.0000  12.0000 14.92546055    07
SATNET-590-02844 [DTC]
1   364U 00000A   25274.57408802 .00000000  00000-0 0 000           9
2   364  55.0000  36.0000 0000000   0.0000  18.0000 14.92546055    04
SATNET-590-02845 [DTC]
1   365U 00000A   25274.57408802 .00000000  00000-0 0 000           0
2   365  55.0000  36.0000 0000000   0.0000  24.0000 14.92546055    02
SATNET-590-02846 [DTC]
1   366U 00000A   25274.57408802 .00000000  00000-0 0 000           1
2   366  55.0000  36.0000 0000000   0.0000  30.0000 14.92546055    00
SATNET-590-02847 [DTC]
1   367U 00000A   25274.57408802 .00000000  00000-0 0 000           2
2   367  55.0000  36.0000 0000000   0.0000  36.0000 14.92546055    07
SATNET-590-02848 [DTC]
1   368U 00000A   25274.57408802 .00000000  00000-0 0 000           3
2   368  55.0000  36.0000 0000000   0.0000  42.0000 14.92546055    05
SATNET-590-02849 [DTC]
1   369U 00000A   25274.57408802 .00000000  00000-0 0 000           4
2   369  55.0000  36.0000 0000000   0.0000  48.0000 14.92546055    02
SATNET-590-02850 [DTC]
1   370U 00000A   25274.57408802 .00000000  00000-0 0 000           6
2   370  55.0000  36.0000 0000000   0.0000  54.0000 14.92546055    01
SATNET-590-02851 [DTC]
1   371U 00000A   25274.57408802 .00000000  00000-0 0 000           7
2   371  55.0000  36.0000 0000000   0.0000  60.0000 14.92546055    09
SATNET-590-02852 [DTC]
1   372U 00000A   25274.57408802 .00000000  00000-0 0 000           8
2   372  55.0000  36.0000 0000000   0.0000  66.0000 14.92546055    06
SATNET-590-02853 [DTC]
1   373U 00000A   25274.57408802 .00000000  00000-0 0 000           9
2   373  55.0000  36.0000 0000000   0.0000  72.0000 14.92546055    04
SATNET-590-02854 [DTC]
1   374U 00000A   25274.57408802 .00000000  00000-0 0 000           0
2   374  55.0000  36.0000 0000000   0.0000  78.0000 14.92546055    01
SATNET-590-02855 [DTC]
1   375U 00000A   25274.57408802 .00000000  00000-0 0 000           1
2   375  55.0000  36.0000 0000000   0.0000  84.0000 14.92546055    09
SATNET-590-02856 [DTC]
1   376U 00000A   25274.57408802 .00000000  00000-0 0 000           2
2   376  55.0000  36.0000 0000000   0.0000  90.0000 14.92546055    07
SATNET-590-02857 [DTC]
1   377U 00000A   25274.57408802 .00000000  00000-0 0 000           3
2   377  55.0000  36.0000 0000000   0.0000  96.0000 14.92546055    04
SATNET-590-02858 [DTC]
1   378U 00000A   25274.57408802 .00000000  00000-0 0 000           4
2   378  55.0000  36.0000 0000000   0.0000 102.0000 14.92546055    03
SATNET-590-02859 [DTC]
1   379U 00000A   25274.57408802 .00000000  00000-0 0 000           5
2   379  55.0000  36.0000 0000000   0.0000 108.0000 14.92546055    00
SATNET-590-02860 [DTC]
1   380U 00000A   25274.57408802 .00000000  00000-0 0 000           7
2   380  55.0000  36.0000 0000000   0.0000 114.0000 14.92546055    09
SATNET-590-02861 [DTC]
1   381U 00000A   25274.57408802 .00000000  00000-0 0 000           8
2   381  55.0000  36.0000 0000000   0.0000 120.0000 14.92546055    07
SATNET-590-02862 [DTC]
1   382U 00000A   25274.57408802 .00000000  00000-0 0 000           9
2   382  55.0000  36.0000 0000000   0.0000 126.0000 14.92546055    04
SATNET-590-02863 [DTC]
1   383U 00000A   25274.57408802 .00000000  00000-0 0 000           0
2   383  55.0000  36.0000 0000000   0.0000 132.0000 14.92546055    02
SATNET-590-02864 [DTC]
1   384U 00000A   25274.57408802 .00000000  00000-0 0 000           1
2   384  55.0000  36.0000 0000000   0.0000 138.0000 14.92546055    09
SATNET-590-02865 [DTC]
1   385U 00000A   25274.57408802 .00000000  00000-0 0 000           2
2   385  55.0000  36.0000 0000000   0.0000 144.0000 14.92546055    07
SATNET-590-02866 [DTC]
1   386U 00000A   25274.57408802 .00000000  00000-0 0 000           3
2   386  55.0000  36.0000 0000000   0.0000 150.0000 14.92546055    05
SATNET-590-02867 [DTC]
1   387U 00000A   25274.57408802 .00000000  00000-0 0 000           4
2   387  55.0000  36.0000 0000000   0.0000 156.0000 14.92546055    02
SATNET-590-02868 [DTC]
1   388U 00000A   25274.57408802 .00000000  00000-0 0 000           5
2   388  55.0000  36.0000 0000000   0.0000 162.0000 14.92546055    00
SATNET-590-02869 [DTC]
1   389U 00000A   25274.57408802 .00000000  00000-0 0 000           6
2   389  55.0000  36.0000 0000000   0.0000 168.0000 14.92546055    07
SATNET-590-02870 [DTC]
1   390U 00000A   25274.57408802 .00000000  00000-0 0 000           8
2   390  55.0000  36.0000 0000000   0.0000 174.0000 14.92546055    06
SATNET-590-02871 [DTC]
1   391U 00000A   25274.57408802 .00000000  00000-0 0 000           9
2   391  55.0000  36.0000 0000000   0.0000 180.0000 14.92546055    04
SATNET-590-02872 [DTC]
1   392U 00000A   25274.57408802 .00000000  00000-0 0 000           0
2   392  55.0000  36.0000 0000000   0.0000 186.0000 14.92546055    01
SATNET-590-02873 [DTC]
1   393U 00000A   25274.57408802 .00000000  00000-0 0 000           1
2   393  55.0000  36.0000 0000000   0.0000 192.0000 14.92546055    09
SATNET-590-02874 [DTC]
1   394U 00000A   25274.57408802 .00000000  00000-0 0 000           2
2   394  55.0000  36.0000 0000000   0.0000 198.0000 14.92546055    06
SATNET-590-02875 [DTC]
1   395U 00000A   25274.57408802 .00000000  00000-0 0 000           3
2   395  55.0000  36.0000 0000000   0.0000 204.0000 14.92546055    05
SATNET-590-02876 [DTC]
1   396U 00000A   25274.57408802 .00000000  00000-0 0 000           4
2   396  55.0000  36.0000 0000000   0.0000 210.0000 14.92546055    03
SATNET-590-02877 [DTC]
1   397U 00000A   25274.57408802 .00000000  00000-0 0 000           5
2   397  55.0000  36.0000 0000000   0.0000 216.0000 14.92546055    00
SATNET-590-02878 [DTC]
1   398U 00000A   25274.57408802 .00000000  00000-0 0 000           6
2   398  55.0000  36.0000 0000000   0.0000 222.0000 14.92546055    08
SATNET-590-02879 [DTC]
1   399U 00000A   25274.57408802 .00000000  00000-0 0 000           7
2   399  55.0000  36.0000 0000000   0.0000 228.0000 14.92546055    05
SATNET-590-02880 [DTC]
1   400U 00000A   25274.57408802 .00000000  00000-0 0 000           0
2   400  55.0000  36.0000 0000000   0.0000 234.0000 14.92546055    05
SATNET-590-02881 [DTC]
1   401U 00000A   25274.57408802 .00000000  00000-0 0 000           1
2   401  55.0000  36.0000 0000000   0.0000 240.0000 14.92546055    03
SATNET-590-02882 [DTC]
1   402U 00000A   25274.57408802 .00000000  00000-0 0 000           2
2   402  55.0000  36.0000 0000000   0.0000 246.0000 14.92546055    00
SATNET-590-02883 [DTC]
1   403U 00000A   25274.57408802 .00000000  00000-0 0 000           3
2   403  55.0000  36.0000 0000000   0.0000 252.0000 14.92546055    08
SATNET-590-02884 [DTC]
1   404U 00000A   25274.57408802 .00000000  00000-0 0 000           4
2   404  55.0000  36.0000 0000000   0.0000 258.0000 14.92546055    05
SATNET-590-02885 [DTC]
1   405U 00000A   25274.57408802 .00000000  00000-0 0 000           5
2   405  55.0000  36.0000 0000000   0.0000 264.0000 14.92546055    03
SATNET-590-02886 [DTC]
1   406U 00000A   25274.57408802 .00000000  00000-0 0 000           6
2   406  55.0000  36.0000 0000000   0.0000 270.0000 14.92546055    01
SATNET-590-02887 [DTC]
1   407U 00000A   25274.57408802 .00000000  00000-0 0 000           7
2   407  55.0000  36.0000 0000000   0.0000 276.0000 14.92546055    08
SATNET-590-02888 [DTC]
1   408U 00000A   25274.57408802 .00000000  00000-0 0 000           8
2   408  55.0000  36.0000 0000000   0.0000 282.0000 14.92546055    06
SATNET-590-02889 [DTC]
1   409U 00000A   25274.57408802 .00000000  00000-0 0 000           9
2   409  55.0000  36.0000 0000000   0.0000 288.0000 14.92546055    03
SATNET-590-02890 [DTC]
1   410U 00000A   25274.57408802 .00000000  00000-0 0 000           1
2   410  55.0000  36.0000 0000000   0.0000 294.0000 14.92546055    02
SATNET-590-02891 [DTC]
1   411U 00000A   25274.57408802 .00000000  00000-0 0 000           2
2   411  55.0000  36.0000 0000000   0.0000 300.0000 14.92546055    01
SATNET-590-02892 [DTC]
1   412U 00000A   25274.57408802 .00000000  00000-0 0 000           3
2   412  55.0000  36.0000 0000000   0.0000 306.0000 14.92546055    08
SATNET-590-02893 [DTC]
1   413U 00000A   25274.57408802 .00000000  00000-0 0 000           4
2   413  55.0000  36.0000 0000000   0.0000 312.0000 14.92546055    06
SATNET-590-02894 [DTC]
1   414U 00000A   25274.57408802 .00000000  00000-0 0 000           5
2   414  55.0000  36.0000 0000000   0.0000 318.0000 14.92546055    03
SATNET-590-02895 [DTC]
1   415U 00000A   25274.57408802 .00000000  00000-0 0 000           6
2   415  55.0000  36.0000 0000000   0.0000 324.0000 14.92546055    01
SATNET-590-02896 [DTC]
1   416U 00000A   25274.57408802 .00000000  00000-0 0 000           7
2   416  55.0000  36.0000 0000000   0.0000 330.0000 14.92546055    09
SATNET-590-02897 [DTC]
1   417U 00000A   25274.57408802 .00000000  00000-0 0 000           8
2   417  55.0000  36.0000 0000000   0.0000 336.0000 14.92546055    06
SATNET-590-02898 [DTC]
1   418U 00000A   25274.57408802 .00000000  00000-0 0 000           9
2   418  55.0000  36.0000 0000000   0.0000 342.0000 14.92546055    04
SATNET-590-02899 [DTC]
1   419U 00000A   25274.57408802 .00000000  00000-0 0 000           0
2   419  55.0000  36.0000 0000000   0.0000 348.0000 14.92546055    01
SATNET-590-02900 [DTC]
1   420U 00000A   25274.57408802 .00000000  00000-0 0 000           2
2   420  55.0000  36.0000 0000000   0.0000 354.0000 14.92546055    00
SATNET-590-02901 [DTC]
1   421U 00000A   25274.57408802 .00000000  00000-0 0 000           3
2   421  55.0000  42.0000 0000000   0.0000   0.0000 14.92546055    06
SATNET-590-02902 [DTC]
1   422U 00000A   25274.57408802 .00000000  00000-0 0 000           4
2   422  55.0000  42.0000 0000000   0.0000   6.0000 14.92546055    03
SATNET-590-02903 [DTC]
1   423U 00000A   25274.57408802 .00000000  00000-0 0 000           5
2   423  55.0000  42.0000 0000000   0.0000  12.0000 14.92546055    01
SATNET-590-02904 [DTC]
1   424U 00000A   25274.57408802 .00000000  00000-0 0 000           6
2   424  55.0000  42.0000 0000000   0.0000  18.0000 14.92546055    08
SATNET-590-02905 [DTC]
1   425U 00000A   25274.57408802 .00000000  00000-0 0 000           7
2   425  55.0000  42.0000 0000000   0.0000  24.0000 14.92546055    06
SATNET-590-02906 [DTC]
1   426U 00000A   25274.57408802 .00000000  00000-0 0 000           8
2   426  55.0000  42.0000 0000000   0.0000  30.0000 14.92546055    04
SATNET-590-02907 [DTC]
1   427U 00000A   25274.57408802 .00000000  00000-0 0 000           9
2   427  55.0000  42.0000 0000000   0.0000  36.0000 14.92546055    01
SATNET-590-02908 [DTC]
1   428U 00000A   25274.57408802 .00000000  00000-0 0 000           0
2   428  55.0000  42.0000 0000000   0.0000  42.0000 14.92546055    09
SATNET-590-02909 [DTC]
1   429U 00000A   25274.57408802 .00000000  00000-0 0 000           1
2   429  55.0000  42.0000 0000000   0.0000  48.0000 14.92546055    06
SATNET-590-02910 [DTC]
1   430U 00000A   25274.57408802 .00000000  00000-0 0 000           3
2   430  55.0000  42.0000 0000000   0.0000  54.0000 14.92546055    05
SATNET-590-02911 [DTC]
1   431U 00000A   25274.57408802 .00000000  00000-0 0 000           4
2   431  55.0000  42.0000 0000000   0.0000  60.0000 14.92546055    03
SATNET-590-02912 [DTC]
1   432U 00000A   25274.57408802 .00000000  00000-0 0 000           5
2   432  55.0000  42.0000 0000000   0.0000  66.0000 14.92546055    00
SATNET-590-02913 [DTC]
1   433U 00000A   25274.57408802 .00000000  00000-0 0 000           6
2   433  55.0000  42.0000 0000000   0.0000  72.0000 14.92546055    08
SATNET-590-02914 [DTC]
1   434U 00000A   25274.57408802 .00000000  00000-0 0 000           7
2   434  55.0000  42.0000 0000000   0.0000  78.0000 14.92546055    05
SATNET-590-02915 [DTC]
1   435U 00000A   25274.57408802 .00000000  00000-0 0 000           8
2   435  55.0000  42.0000 0000000   0.0000  84.0000 14.92546055    03
SATNET-590-02916 [DTC]
1   436U 00000A   25274.57408802 .00000000  00000-0 0 000           9
2   436  55.0000  42.0000 0000000   0.0000  90.0000 14.92546055    01
SATNET-590-02917 [DTC]
1   437U 00000A   25274.57408802 .00000000  00000-0 0 000           0
2   437  55.0000  42.0000 0000000   0.0000  96.0000 14.92546055    08
SATNET-590-02918 [DTC]
1   438U 00000A   25274.57408802 .00000000  00000-0 0 000           1
2   438  55.0000  42.0000 0000000   0.0000 102.0000 14.92546055    07
SATNET-590-02919 [DTC]
1   439U 00000A   25274.57408802 .00000000  00000-0 0 000           2
2   439  55.0000  42.0000 0000000   0.0000 108.0000 14.92546055    04
SATNET-590-02920 [DTC]
1   440U 00000A   25274.57408802 .00000000  00000-0 0 000           4
2   440  55.0000  42.0000 0000000   0.0000 114.0000 14.92546055    03
SATNET-590-02921 [DTC]
1   441U 00000A   25274.57408802 .00000000  00000-0 0 000           5
2   441  55.0000  42.0000 0000000   0.0000 120.0000 14.92546055    01
SATNET-590-02922 [DTC]
1   442U 00000A   25274.57408802 .00000000  00000-0 0 000           6
2   442  55.0000  42.0000 0000000   0.0000 126.0000 14.92546055    08
SATNET-590-02923 [DTC]
1   443U 00000A   25274.57408802 .00000000  00000-0 0 000           7
2   443  55.0000  42.0000 0000000   0.0000 132.0000 14.92546055    06
SATNET-590-02924 [DTC]
1   444U 00000A   25274.57408802 .00000000  00000-0 0 000           8
2   444  55.0000  42.0000 0000000   0.0000 138.0000 14.92546055    03
SATNET-590-02925 [DTC]
1   445U 00000A   25274.57408802 .00000000  00000-0 0 000           9
2   445  55.0000  42.0000 0000000   0.0000 144.0000 14.92546055    01
SATNET-590-02926 [DTC]
1   446U 00000A   25274.57408802 .00000000  00000-0 0 000           0
2   446  55.0000  42.0000 0000000   0.0000 150.0000 14.92546055    09
SATNET-590-02927 [DTC]
1   447U 00000A   25274.57408802 .00000000  00000-0 0 000           1
2   447  55.0000  42.0000 0000000   0.0000 156.0000 14.92546055    06
SATNET-590-02928 [DTC]
1   448U 00000A   25274.57408802 .00000000  00000-0 0 000           2
2   448  55.0000  42.0000 0000000   0.0000 162.0000 14.92546055    04
SATNET-590-02929 [DTC]
1   449U 00000A   25274.57408802 .00000000  00000-0 0 000           3
2   449  55.0000  42.0000 0000000   0.0000 168.0000 14.92546055    01
SATNET-590-02930 [DTC]
1   450U 00000A   25274.57408802 .00000000  00000-0 0 000           5
2   450  55.0000  42.0000 0000000   0.0000 174.0000 14.92546055    00
SATNET-590-02931 [DTC]
1   451U 00000A   25274.57408802 .00000000  00000-0 0 000           6
2   451  55.0000  42.0000 0000000   0.0000 180.0000 14.92546055    08
SATNET-590-02932 [DTC]
1   452U 00000A   25274.57408802 .00000000  00000-0 0 000           7
2   452  55.0000  42.0000 0000000   0.0000 186.0000 14.92546055    05
SATNET-590-02933 [DTC]
1   453U 00000A   25274.57408802 .00000000  00000-0 0 000           8
2   453  55.0000  42.0000 0000000   0.0000 192.0000 14.92546055    03
SATNET-590-02934 [DTC]
1   454U 00000A   25274.57408802 .00000000  00000-0 0 000           9
2   454  55.0000  42.0000 0000000   0.0000 198.0000 14.92546055    00
SATNET-590-02935 [DTC]
1   455U 00000A   25274.57408802 .00000000  00000-0 0 000           0
2   455  55.0000  42.0000 0000000   0.0000 204.0000 14.92546055    09
SATNET-590-02936 [DTC]
1   456U 00000A   25274.57408802 .00000000  00000-0 0 000           1
2   456  55.0000  42.0000 0000000   0.0000 210.0000 14.92546055    07
SATNET-590-02937 [DTC]
1   457U 00000A   25274.57408802 .00000000  00000-0 0 000           2
2   457  55.0000  42.0000 0000000   0.0000 216.0000 14.92546055    04
SATNET-590-02938 [DTC]
1   458U 00000A   25274.57408802 .00000000  00000-0 0 000           3
2   458  55.0000  42.0000 0000000   0.0000 222.0000 14.92546055    02
SATNET-590-02939 [DTC]
1   459U 00000A   25274.57408802 .00000000  00000-0 0 000           4
2   459  55.0000  42.0000 0000000   0.0000 228.0000 14.92546055    09
SATNET-590-02940 [DTC]
1   460U 00000A   25274.57408802 .00000000  00000-0 0 000           6
2   460  55.0000  42.0000 0000000   0.0000 234.0000 14.92546055    08
SATNET-590-02941 [DTC]
1   461U 00000A   25274.57408802 .00000000  00000-0 0 000           7
2   461  55.0000  42.0000 0000000   0.0000 240.0000 14.92546055    06
SATNET-590-02942 [DTC]
1   462U 00000A   25274.57408802 .00000000  00000-0 0 000           8
2   462  55.0000  42.0000 0000000   0.0000 246.0000 14.92546055    03
SATNET-590-02943 [DTC]
1   463U 00000A   25274.57408802 .00000000  00000-0 0 000           9
2   463  55.0000  42.0000 0000000   0.0000 252.0000 14.92546055    01
SATNET-590-02944 [DTC]
1   464U 00000A   25274.57408802 .00000000  00000-0 0 000           0
2   464  55.0000  42.0000 0000000   0.0000 258.0000 14.92546055    08
SATNET-590-02945 [DTC]
1   465U 00000A   25274.57408802 .00000000  00000-0 0 000           1
2   465  55.0000  42.0000 0000000   0.0000 264.0000 14.92546055    06
SATNET-590-02946 [DTC]
1   466U 00000A   25274.57408802 .00000000  00000-0 0 000           2
2   466  55.0000  42.0000 0000000   0.0000 270.0000 14.92546055    04
SATNET-590-02947 [DTC]
1   467U 00000A   25274.57408802 .00000000  00000-0 0 000           3
2   467  55.0000  42.0000 0000000   0.0000 276.0000 14.92546055    01
SATNET-590-02948 [DTC]
1   468U 00000A   25274.57408802 .00000000  00000-0 0 000           4
2   468  55.0000  42.0000 0000000   0.0000 282.0000 14.92546055    09
SATNET-590-02949 [DTC]
1   469U 00000A   25274.57408802 .00000000  00000-0 0 000           5
2   469  55.0000  42.0000 0000000   0.0000 288.0000 14.92546055    06
SATNET-590-02950 [DTC]
1   470U 00000A   25274.57408802 .00000000  00000-0 0 000           7
2   470  55.0000  42.0000 0000000   0.0000 294.0000 14.92546055    05
SATNET-590-02951 [DTC]
1   471U 00000A   25274.57408802 .00000000  00000-0 0 000           8
2   471  55.0000  42.0000 0000000   0.0000 300.0000 14.92546055    04
SATNET-590-02952 [DTC]
1   472U 00000A   25274.57408802 .00000000  00000-0 0 000           9
2   472  55.0000  42.0000 0000000   0.0000 306.0000 14.92546055    01
SATNET-590-02953 [DTC]
1   473U 00000A   25274.57408802 .00000000  00000-0 0 000           0
2   473  55.0000  42.0000 0000000   0.0000 312.0000 14.92546055    09
SATNET-590-02954 [DTC]
1   474U 00000A   25274.57408802 .00000000  00000-0 0 000           1
2   474  55.0000  42.0000 0000000   0.0000 318.0000 14.92546055    06
SATNET-590-02955 [DTC]
1   475U 00000A   25274.57408802 .00000000  00000-0 0 000           2
2   475  55.0000  42.0000 0000000   0.0000 324.0000 14.92546055    04
SATNET-590-02956 [DTC]
1   476U 00000A   25274.57408802 .00000000  00000-0 0 000           3
2   476  55.0000  42.0000 0000000   0.0000 330.0000 14.92546055    02
SATNET-590-02957 [DTC]
1   477U 00000A   25274.57408802 .00000000  00000-0 0 000           4
2   477  55.0000  42.0000 0000000   0.0000 336.0000 14.92546055    09
SATNET-590-02958 [DTC]
1   478U 00000A   25274.57408802 .00000000  00000-0 0 000           5
2   478  55.0000  42.0000 0000000   0.0000 342.0000 14.92546055    07
SATNET-590-02959 [DTC]
1   479U 00000A   25274.57408802 .00000000  00000-0 0 000           6
2   479  55.0000  42.0000 0000000   0.0000 348.0000 14.92546055    04
SATNET-590-02960 [DTC]
1   480U 00000A   25274.57408802 .00000000  00000-0 0 000           8
2   480  55.0000  42.0000 0000000   0.0000 354.0000 14.92546055    03
SATNET-590-02961 [DTC]
1   481U 00000A   25274.57408802 .00000000  00000-0 0 000           9
2   481  55.0000  48.0000 0000000   0.0000   0.0000 14.92546055    08
SATNET-590-02962 [DTC]
1   482U 00000A   25274.57408802 .00000000  00000-0 0 000           0
2   482  55.0000  48.0000 0000000   0.0000   6.0000 14.92546055    05
SATNET-590-02963 [DTC]
1   483U 00000A   25274.57408802 .00000000  00000-0 0 000           1
2   483  55.0000  48.0000 0000000   0.0000  12.0000 14.92546055    03
SATNET-590-02964 [DTC]
1   484U 00000A   25274.57408802 .00000000  00000-0 0 000           2
2   484  55.0000  48.0000 0000000   0.0000  18.0000 14.92546055    00
SATNET-590-02965 [DTC]
1   485U 00000A   25274.57408802 .00000000  00000-0 0 000           3
2   485  55.0000  48.0000 0000000   0.0000  24.0000 14.92546055    08
SATNET-590-02966 [DTC]
1   486U 00000A   25274.57408802 .00000000  00000-0 0 000           4
2   486  55.0000  48.0000 0000000   0.0000  30.0000 14.92546055    06
SATNET-590-02967 [DTC]
1   487U 00000A   25274.57408802 .00000000  00000-0 0 000           5
2   487  55.0000  48.0000 0000000   0.0000  36.0000 14.92546055    03
SATNET-590-02968 [DTC]
1   488U 00000A   25274.57408802 .00000000  00000-0 0 000           6
2   488  55.0000  48.0000 0000000   0.0000  42.0000 14.92546055    01
SATNET-590-02969 [DTC]
1   489U 00000A   25274.57408802 .00000000  00000-0 0 000           7
2   489  55.0000  48.0000 0000000   0.0000  48.0000 14.92546055    08
SATNET-590-02970 [DTC]
1   490U 00000A   25274.57408802 .00000000  00000-0 0 000           9
2   490  55.0000  48.0000 0000000   0.0000  54.0000 14.92546055    07
SATNET-590-02971 [DTC]
1   491U 00000A   25274.57408802 .00000000  00000-0 0 000           0
2   491  55.0000  48.0000 0000000   0.0000  60.0000 14.92546055    05
SATNET-590-02972 [DTC]
1   492U 00000A   25274.57408802 .00000000  00000-0 0 000           1
2   492  55.0000  48.0000 0000000   0.0000  66.0000 14.92546055    02
SATNET-590-02973 [DTC]
1   493U 00000A   25274.57408802 .00000000  00000-0 0 000           2
2   493  55.0000  48.0000 0000000   0.0000  72.0000 14.92546055    00
SATNET-590-02974 [DTC]
1   494U 00000A   25274.57408802 .00000000  00000-0 0 000           3
2   494  55.0000  48.0000 0000000   0.0000  78.0000 14.92546055    07
SATNET-590-02975 [DTC]
1   495U 00000A   25274.57408802 .00000000  00000-0 0 000           4
2   495  55.0000  48.0000 0000000   0.0000  84.0000 14.92546055    05
SATNET-590-02976 [DTC]
1   496U 00000A   25274.57408802 .00000000  00000-0 0 000           5
2   496  55.0000  48.0000 0000000   0.0000  90.0000 14.92546055    03
SATNET-590-02977 [DTC]
1   497U 00000A   25274.57408802 .00000000  00000-0 0 000           6
2   497  55.0000  48.0000 0000000   0.0000  96.0000 14.92546055    00
SATNET-590-02978 [DTC]
1   498U 00000A   25274.57408802 .00000000  00000-0 0 000           7
2   498  55.0000  48.0000 0000000   0.0000 102.0000 14.92546055    09
SATNET-590-02979 [DTC]
1   499U 00000A   25274.57408802 .00000000  00000-0 0 000           8
2   499  55.0000  48.0000 0000000   0.0000 108.0000 14.92546055    06
SATNET-590-02980 [DTC]
1   500U 00000A   25274.57408802 .00000000  00000-0 0 000           1
2   500  55.0000  48.0000 0000000   0.0000 114.0000 14.92546055    06
SATNET-590-02981 [DTC]
1   501U 00000A   25274.57408802 .00000000  00000-0 0 000           2
2   501  55.0000  48.0000 0000000   0.0000 120.0000 14.92546055    04
SATNET-590-02982 [DTC]
1   502U 00000A   25274.57408802 .00000000  00000-0 0 000           3
2   502  55.0000  48.0000 0000000   0.0000 126.0000 14.92546055    01
SATNET-590-02983 [DTC]
1   503U 00000A   25274.57408802 .00000000  00000-0 0 000           4
2   503  55.0000  48.0000 0000000   0.0000 132.0000 14.92546055    09
SATNET-590-02984 [DTC]
1   504U 00000A   25274.57408802 .00000000  00000-0 0 000           5
2   504  55.0000  48.0000 0000000   0.0000 138.0000 14.92546055    06
SATNET-590-02985 [DTC]
1   505U 00000A   25274.57408802 .00000000  00000-0 0 000           6
2   505  55.0000  48.0000 0000000   0.0000 144.0000 14.92546055    04
SATNET-590-02986 [DTC]
1   506U 00000A   25274.57408802 .00000000  00000-0 0 000           7
2   506  55.0000  48.0000 0000000   0.0000 150.0000 14.92546055    02
SATNET-590-02987 [DTC]
1   507U 00000A   25274.57408802 .00000000  00000-0 0 000           8
2   507  55.0000  48.0000 0000000   0.0000 156.0000 14.92546055    09
SATNET-590-02988 [DTC]
1   508U 00000A   25274.57408802 .00000000  00000-0 0 000           9
2   508  55.0000  48.0000 0000000   0.0000 162.0000 14.92546055    07
SATNET-590-02989 [DTC]
1   509U 00000A   25274.57408802 .00000000  00000-0 0 000           0
2   509  55.0000  48.0000 0000000   0.0000 168.0000 14.92546055    04
SATNET-590-02990 [DTC]
1   510U 00000A   25274.57408802 .00000000  00000-0 0 000           2
2   510  55.0000  48.0000 0000000   0.0000 174.0000 14.92546055    03
SATNET-590-02991 [DTC]
1   511U 00000A   25274.57408802 .00000000  00000-0 0 000           3
2   511  55.0000  48.0000 0000000   0.0000 180.0000 14.92546055    01
SATNET-590-02992 [DTC]
1   512U 00000A   25274.57408802 .00000000  00000-0 0 000           4
2   512  55.0000  48.0000 0000000   0.0000 186.0000 14.92546055    08
SATNET-590-02993 [DTC]
1   513U 00000A   25274.57408802 .00000000  00000-0 0 000           5
2   513  55.0000  48.0000 0000000   0.0000 192.0000 14.92546055    06
SATNET-590-02994 [DTC]
1   514U 00000A   25274.57408802 .00000000  00000-0 0 000           6
2   514  55.0000  48.0000 0000000   0.0000 198.0000 14.92546055    03
SATNET-590-02995 [DTC]
1   515U 00000A   25274.57408802 .00000000  00000-0 0 000           7
2   515  55.0000  48.0000 0000000   0.0000 204.0000 14.92546055    02
SATNET-590-02996 [DTC]
1   516U 00000A   25274.57408802 .00000000  00000-0 0 000           8
2   516  55.0000  48.0000 0000000   0.0000 210.0000 14.92546055    00
SATNET-590-02997 [DTC]
1   517U 00000A   25274.57408802 .00000000  00000-0 0 000           9
2   517  55.0000  48.0000 0000000   0.0000 216.0000 14.92546055    07
SATNET-590-02998 [DTC]
1   518U 00000A   25274.57408802 .00000000  00000-0 0 000           0
2   518  55.0000  48.0000 0000000   0.0000 222.0000 14.92546055    05
SATNET-590-02999 [DTC]
1   519U 00000A   25274.57408802 .00000000  00000-0 0 000           1
2   519  55.0000  48.0000 0000000   0.0000 228.0000 14.92546055    02
SATNET-590-03000 [DTC]
1   520U 00000A   25274.57408802 .00000000  00000-0 0 000           3
2   520  55.0000  48.0000 0000000   0.0000 234.0000 14.92546055    01
SATNET-590-03001 [DTC]
1   521U 00000A   25274.57408802 .00000000  00000-0 0 000           4
2   521  55.0000  48.0000 0000000   0.0000 240.0000 14.92546055    09
SATNET-590-03002 [DTC]
1   522U 00000A   25274.57408802 .00000000  00000-0 0 000           5
2   522  55.0000  48.0000 0000000   0.0000 246.0000 14.92546055    06
SATNET-590-03003 [DTC]
1   523U 00000A   25274.57408802 .00000000  00000-0 0 000           6
2   523  55.0000  48.0000 0000000   0.0000 252.0000 14.92546055    04
SATNET-590-03004 [DTC]
1   524U 00000A   25274.57408802 .00000000  00000-0 0 000           7
2   524  55.0000  48.0000 0000000   0.0000 258.0000 14.92546055    01
SATNET-590-03005 [DTC]
1   525U 00000A   25274.57408802 .00000000  00000-0 0 000           8
2   525  55.0000  48.0000 0000000   0.0000 264.0000 14.92546055    09
SATNET-590-03006 [DTC]
1   526U 00000A   25274.57408802 .00000000  00000-0 0 000           9
2   526  55.0000  48.0000 0000000   0.0000 270.0000 14.92546055    07
SATNET-590-03007 [DTC]
1   527U 00000A   25274.57408802 .00000000  00000-0 0 000           0
2   527  55.0000  48.0000 0000000   0.0000 276.0000 14.92546055    04
SATNET-590-03008 [DTC]
1   528U 00000A   25274.57408802 .00000000  00000-0 0 000           1
2   528  55.0000  48.0000 0000000   0.0000 282.0000 14.92546055    02
SATNET-590-03009 [DTC]
1   529U 00000A   25274.57408802 .00000000  00000-0 0 000           2
2   529  55.0000  48.0000 0000000   0.0000 288.0000 14.92546055    09
SATNET-590-03010 [DTC]
1   530U 00000A   25274.57408802 .00000000  00000-0 0 000           4
2   530  55.0000  48.0000 0000000   0.0000 294.0000 14.92546055    08
SATNET-590-03011 [DTC]
1   531U 00000A   25274.57408802 .00000000  00000-0 0 000           5
2   531  55.0000  48.0000 0000000   0.0000 300.0000 14.92546055    07
SATNET-590-03012 [DTC]
1   532U 00000A   25274.57408802 .00000000  00000-0 0 000           6
2   532  55.0000  48.0000 0000000   0.0000 306.0000 14.92546055    04
SATNET-590-03013 [DTC]
1   533U 00000A   25274.57408802 .00000000  00000-0 0 000           7
2   533  55.0000  48.0000 0000000   0.0000 312.0000 14.92546055    02
SATNET-590-03014 [DTC]
1   534U 00000A   25274.57408802 .00000000  00000-0 0 000           8
2   534  55.0000  48.0000 0000000   0.0000 318.0000 14.92546055    09
SATNET-590-03015 [DTC]
1   535U 00000A   25274.57408802 .00000000  00000-0 0 000           9
2   535  55.0000  48.0000 0000000   0.0000 324.0000 14.92546055    07
SATNET-590-03016 [DTC]
1   536U 00000A   25274.57408802 .00000000  00000-0 0 000           0
2   536  55.0000  48.0000 0000000   0.0000 330.0000 14.92546055    05
SATNET-590-03017 [DTC]
1   537U 00000A   25274.57408802 .00000000  00000-0 0 000           1
2   537  55.0000  48.0000 0000000   0.0000 336.0000 14.92546055    02
SATNET-590-03018 [DTC]
1   538U 00000A   25274.57408802 .00000000  00000-0 0 000           2
2   538  55.0000  48.0000 0000000   0.0000 342.0000 14.92546055    00
SATNET-590-03019 [DTC]
1   539U 00000A   25274.57408802 .00000000  00000-0 0 000           3
2   539  55.0000  48.0000 0000000   0.0000 348.0000 14.92546055    07
SATNET-590-03020 [DTC]
1   540U 00000A   25274.57408802 .00000000  00000-0 0 000           5
2   540  55.0000  48.0000 0000000   0.0000 354.0000 14.92546055    06
SATNET-590-03021 [DTC]
1   541U 00000A   25274.57408802 .00000000  00000-0 0 000           6
2   541  55.0000  54.0000 0000000   0.0000   0.0000 14.92546055    02
SATNET-590-03022 [DTC]
1   542U 00000A   25274.57408802 .00000000  00000-0 0 000           7
2   542  55.0000  54.0000 0000000   0.0000   6.0000 14.92546055    09
SATNET-590-03023 [DTC]
1   543U 00000A   25274.57408802 .00000000  00000-0 0 000           8
2   543  55.0000  54.0000 0000000   0.0000  12.0000 14.92546055    07
SATNET-590-03024 [DTC]
1   544U 00000A   25274.57408802 .00000000  00000-0 0 000           9
2   544  55.0000  54.0000 0000000   0.0000  18.0000 14.92546055    04
SATNET-590-03025 [DTC]
1   545U 00000A   25274.57408802 .00000000  00000-0 0 000           0
2   545  55.0000  54.0000 0000000   0.0000  24.0000 14.92546055    02
SATNET-590-03026 [DTC]
1   546U 00000A   25274.57408802 .00000000  00000-0 0 000           1
2   546  55.0000  54.0000 0000000   0.0000  30.0000 14.92546055    00
SATNET-590-03027 [DTC]
1   547U 00000A   25274.57408802 .00000000  00000-0 0 000           2
2   547  55.0000  54.0000 0000000   0.0000  36.0000 14.92546055    07
SATNET-590-03028 [DTC]
1   548U 00000A   25274.57408802 .00000000  00000-0 0 000           3
2   548  55.0000  54.0000 0000000   0.0000  42.0000 14.92546055    05
SATNET-590-03029 [DTC]
1   549U 00000A   25274.57408802 .00000000  00000-0 0 000           4
2   549  55.0000  54.0000 0000000   0.0000  48.0000 14.92546055    02
SATNET-590-03030 [DTC]
1   550U 00000A   25274.57408802 .00000000  00000-0 0 000           6
2   550  55.0000  54.0000 0000000   0.0000  54.0000 14.92546055    01
SATNET-590-03031 [DTC]
1   551U 00000A   25274.57408802 .00000000  00000-0 0 000           7
2   551  55.0000  54.0000 0000000   0.0000  60.0000 14.92546055    09
SATNET-590-03032 [DTC]
1   552U 00000A   25274.57408802 .00000000  00000-0 0 000           8
2   552  55.0000  54.0000 0000000   0.0000  66.0000 14.92546055    06
SATNET-590-03033 [DTC]
1   553U 00000A   25274.57408802 .00000000  00000-0 0 000           9
2   553  55.0000  54.0000 0000000   0.0000  72.0000 14.92546055    04
SATNET-590-03034 [DTC]
1   554U 00000A   25274.57408802 .00000000  00000-0 0 000           0
2   554  55.0000  54.0000 0000000   0.0000  78.0000 14.92546055    01
SATNET-590-03035 [DTC]
1   555U 00000A   25274.57408802 .00000000  00000-0 0 000           1
2   555  55.0000  54.0000 0000000   0.0000  84.0000 14.92546055    09
SATNET-590-03036 [DTC]
1   556U 00000A   25274.57408802 .00000000  00000-0 0 000           2
2   556  55.0000  54.0000 0000000   0.0000  90.0000 14.92546055    07
SATNET-590-03037 [DTC]
1   557U 00000A   25274.57408802 .00000000  00000-0 0 000           3
2   557  55.0000  54.0000 0000000   0.0000  96.0000 14.92546055    04
SATNET-590-03038 [DTC]
1   558U 00000A   25274.57408802 .00000000  00000-0 0 000           4
2   558  55.0000  54.0000 0000000   0.0000 102.0000 14.92546055    03
SATNET-590-03039 [DTC]
1   559U 00000A   25274.57408802 .00000000  00000-0 0 000           5
2   559  55.0000  54.0000 0000000   0.0000 108.0000 14.92546055    00
SATNET-590-03040 [DTC]
1   560U 00000A   25274.57408802 .00000000  00000-0 0 000           7
2   560  55.0000  54.0000 0000000   0.0000 114.0000 14.92546055    09
SATNET-590-03041 [DTC]
1   561U 00000A   25274.57408802 .00000000  00000-0 0 000           8
2   561  55.0000  54.0000 0000000   0.0000 120.0000 14.92546055    07
SATNET-590-03042 [DTC]
1   562U 00000A   25274.57408802 .00000000  00000-0 0 000           9
2   562  55.0000  54.0000 0000000   0.0000 126.0000 14.92546055    04
SATNET-590-03043 [DTC]
1   563U 00000A   25274.57408802 .00000000  00000-0 0 000           0
2   563  55.0000  54.0000 0000000   0.0000 132.0000 14.92546055    02
SATNET-590-03044 [DTC]
1   564U 00000A   25274.57408802 .00000000  00000-0 0 000           1
2   564  55.0000  54.0000 0000000   0.0000 138.0000 14.92546055    09
SATNET-590-03045 [DTC]
1   565U 00000A   25274.57408802 .00000000  00000-0 0 000           2
2   565  55.0000  54.0000 0000000   0.0000 144.0000 14.92546055    07
SATNET-590-03046 [DTC]
1   566U 00000A   25274.57408802 .00000000  00000-0 0 000           3
2   566  55.0000  54.0000 0000000   0.0000 150.0000 14.92546055    05
SATNET-590-03047 [DTC]
1   567U 00000A   25274.57408802 .00000000  00000-0 0 000           4
2   567  55.0000  54.0000 0000000   0.0000 156.0000 14.92546055    02
SATNET-590-03048 [DTC]
1   568U 00000A   25274.57408802 .00000000  00000-0 0 000           5
2   568  55.0000  54.0000 0000000   0.0000 162.0000 14.92546055    00
SATNET-590-03049 [DTC]
1   569U 00000A   25274.57408802 .00000000  00000-0 0 000           6
2   569  55.0000  54.0000 0000000   0.0000 168.0000 14.92546055    07
SATNET-590-03050 [DTC]
1   570U 00000A   25274.57408802 .00000000  00000-0 0 000           8
2   570  55.0000  54.0000 0000000   0.0000 174.0000 14.92546055    06
SATNET-590-03051 [DTC]
1   571U 00000A   25274.57408802 .00000000  00000-0 0 000           9
2   571  55.0000  54.0000 0000000   0.0000 180.0000 14.92546055    04
SATNET-590-03052 [DTC]
1   572U 00000A   25274.57408802 .00000000  00000-0 0 000           0
2   572  55.0000  54.0000 0000000   0.0000 186.0000 14.92546055    01
SATNET-590-03053 [DTC]
1   573U 00000A   25274.57408802 .00000000  00000-0 0 000           1
2   573  55.0000  54.0000 0000000   0.0000 192.0000 14.92546055    09
SATNET-590-03054 [DTC]
1   574U 00000A   25274.57408802 .00000000  00000-0 0 000           2
2   574  55.0000  54.0000 0000000   0.0000 198.0000 14.92546055    06
SATNET-590-03055 [DTC]
1   575U 00000A   25274.57408802 .00000000  00000-0 0 000           3
2   575  55.0000  54.0000 0000000   0.0000 204.0000 14.92546055    05
SATNET-590-03056 [DTC]
1   576U 00000A   25274.57408802 .00000000  00000-0 0 000           4
2   576  55.0000  54.0000 0000000   0.0000 210.0000 14.92546055    03
SATNET-590-03057 [DTC]
1   577U 00000A   25274.57408802 .00000000  00000-0 0 000           5
2   577  55.0000  54.0000 0000000   0.0000 216.0000 14.92546055    00
SATNET-590-03058 [DTC]
1   578U 00000A   25274.57408802 .00000000  00000-0 0 000           6
2   578  55.0000  54.0000 0000000   0.0000 222.0000 14.92546055    08
SATNET-590-03059 [DTC]
1   579U 00000A   25274.57408802 .00000000  00000-0 0 000           7
2   579  55.0000  54.0000 0000000   0.0000 228.0000 14.92546055    05
SATNET-590-03060 [DTC]
1   580U 00000A   25274.57408802 .00000000  00000-0 0 000           9
2   580  55.0000  54.0000 0000000   0.0000 234.0000 14.92546055    04
SATNET-590-03061 [DTC]
1   581U 00000A   25274.57408802 .00000000  00000-0 0 000           0
2   581  55.0000  54.0000 0000000   0.0000 240.0000 14.92546055    02
SATNET-590-03062 [DTC]
1   582U 00000A   25274.57408802 .00000000  00000-0 0 000           1
2   582  55.0000  54.0000 0000000   0.0000 246.0000 14.92546055    09
SATNET-590-03063 [DTC]
1   583U 00000A   25274.57408802 .00000000  00000-0 0 000           2
2   583  55.0000  54.0000 0000000   0.0000 252.0000 14.92546055    07
SATNET-590-03064 [DTC]
1   584U 00000A   25274.57408802 .00000000  00000-0 0 000           3
2   584  55.0000  54.0000 0000000   0.0000 258.0000 14.92546055    04
SATNET-590-03065 [DTC]
1   585U 00000A   25274.57408802 .00000000  00000-0 0 000           4
2   585  55.0000  54.0000 0000000   0.0000 264.0000 14.92546055    02
SATNET-590-03066 [DTC]
1   586U 00000A   25274.57408802 .00000000  00000-0 0 000           5
2   586  55.0000  54.0000 0000000   0.0000 270.0000 14.92546055    00
SATNET-590-03067 [DTC]
1   587U 00000A   25274.57408802 .00000000  00000-0 0 000           6
2   587  55.0000  54.0000 0000000   0.0000 276.0000 14.92546055    07
SATNET-590-03068 [DTC]
1   588U 00000A   25274.57408802 .00000000  00000-0 0 000           7
2   588  55.0000  54.0000 0000000   0.0000 282.0000 14.92546055    05
SATNET-590-03069 [DTC]
1   589U 00000A   25274.57408802 .00000000  00000-0 0 000           8
2   589  55.0000  54.0000 0000000   0.0000 288.0000 14.92546055    02
SATNET-590-03070 [DTC]
1   590U 00000A   25274.57408802 .00000000  00000-0 0 000           0
2   590  55.0000  54.0000 0000000   0.0000 294.0000 14.92546055    01
SATNET-590-03071 [DTC]
1   591U 00000A   25274.57408802 .00000000  00000-0 0 000           1
2   591  55.0000  54.0000 0000000   0.0000 300.0000 14.92546055    00
SATNET-590-03072 [DTC]
1   592U 00000A   25274.57408802 .00000000  00000-0 0 000           2
2   592  55.0000  54.0000 0000000   0.0000 306.0000 14.92546055    07
SATNET-590-03073 [DTC]
1   593U 00000A   25274.57408802 .00000000  00000-0 0 000           3
2   593  55.0000  54.0000 0000000   0.0000 312.0000 14.92546055    05
SATNET-590-03074 [DTC]
1   594U 00000A   25274.57408802 .00000000  00000-0 0 000           4
2   594  55.0000  54.0000 0000000   0.0000 318.0000 14.92546055    02
SATNET-590-03075 [DTC]
1   595U 00000A   25274.57408802 .00000000  00000-0 0 000           5
2   595  55.0000  54.0000 0000000   0.0000 324.0000 14.92546055    00
SATNET-590-03076 [DTC]
1   596U 00000A   25274.57408802 .00000000  00000-0 0 000           6
2   596  55.0000  54.0000 0000000   0.0000 330.0000 14.92546055    08
SATNET-590-03077 [DTC]
1   597U 00000A   25274.57408802 .00000000  00000-0 0 000           7
2   597  55.0000  54.0000 0000000   0.0000 336.0000 14.92546055    05
SATNET-590-03078 [DTC]
1   598U 00000A   25274.57408802 .00000000  00000-0 0 000           8
2   598  55.0000  54.0000 0000000   0.0000 342.0000 14.92546055    03
SATNET-590-03079 [DTC]
1   599U 00000A   25274.57408802 .00000000  00000-0 0 000           9
2   599  55.0000  54.0000 0000000   0.0000 348.0000 14.92546055    00
SATNET-590-03080 [DTC]
1   600U 00000A   25274.57408802 .00000000  00000-0 0 000           2
2   600  55.0000  54.0000 0000000   0.0000 354.0000 14.92546055    00
SATNET-590-03081 [DTC]
1   601U 00000A   25274.57408802 .00000000  00000-0 0 000           3
2   601  55.0000  60.0000 0000000   0.0000   0.0000 14.92546055    06
SATNET-590-03082 [DTC]
1   602U 00000A   25274.57408802 .00000000  00000-0 0 000           4
2   602  55.0000  60.0000 0000000   0.0000   6.0000 14.92546055    03
SATNET-590-03083 [DTC]
1   603U 00000A   25274.57408802 .00000000  00000-0 0 000           5
2   603  55.0000  60.0000 0000000   0.0000  12.0000 14.92546055    01
SATNET-590-03084 [DTC]
1   604U 00000A   25274.57408802 .00000000  00000-0 0 000           6
2   604  55.0000  60.0000 0000000   0.0000  18.0000 14.92546055    08
SATNET-590-03085 [DTC]
1   605U 00000A   25274.57408802 .00000000  00000-0 0 000           7
2   605  55.0000  60.0000 0000000   0.0000  24.0000 14.92546055    06
SATNET-590-03086 [DTC]
1   606U 00000A   25274.57408802 .00000000  00000-0 0 000           8
2   606  55.0000  60.0000 0000000   0.0000  30.0000 14.92546055    04
SATNET-590-03087 [DTC]
1   607U 00000A   25274.57408802 .00000000  00000-0 0 000           9
2   607  55.0000  60.0000 0000000   0.0000  36.0000 14.92546055    01
SATNET-590-03088 [DTC]
1   608U 00000A   25274.57408802 .00000000  00000-0 0 000           0
2   608  55.0000  60.0000 0000000   0.0000  42.0000 14.92546055    09
SATNET-590-03089 [DTC]
1   609U 00000A   25274.57408802 .00000000  00000-0 0 000           1
2   609  55.0000  60.0000 0000000   0.0000  48.0000 14.92546055    06
SATNET-590-03090 [DTC]
1   610U 00000A   25274.57408802 .00000000  00000-0 0 000           3
2   610  55.0000  60.0000 0000000   0.0000  54.0000 14.92546055    05
SATNET-590-03091 [DTC]
1   611U 00000A   25274.57408802 .00000000  00000-0 0 000           4
2   611  55.0000  60.0000 0000000   0.0000  60.0000 14.92546055    03
SATNET-590-03092 [DTC]
1   612U 00000A   25274.57408802 .00000000  00000-0 0 000           5
2   612  55.0000  60.0000 0000000   0.0000  66.0000 14.92546055    00
SATNET-590-03093 [DTC]
1   613U 00000A   25274.57408802 .00000000  00000-0 0 000           6
2   613  55.0000  60.0000 0000000   0.0000  72.0000 14.92546055    08
SATNET-590-03094 [DTC]
1   614U 00000A   25274.57408802 .00000000  00000-0 0 000           7
2   614  55.0000  60.0000 0000000   0.0000  78.0000 14.92546055    05
SATNET-590-03095 [DTC]
1   615U 00000A   25274.57408802 .00000000  00000-0 0 000           8
2   615  55.0000  60.0000 0000000   0.0000  84.0000 14.92546055    03
SATNET-590-03096 [DTC]
1   616U 00000A   25274.57408802 .00000000  00000-0 0 000           9
2   616  55.0000  60.0000 0000000   0.0000  90.0000 14.92546055    01
SATNET-590-03097 [DTC]
1   617U 00000A   25274.57408802 .00000000  00000-0 0 000           0
2   617  55.0000  60.0000 0000000   0.0000  96.0000 14.92546055    08
SATNET-590-03098 [DTC]
1   618U 00000A   25274.57408802 .00000000  00000-0 0 000           1
2   618  55.0000  60.0000 0000000   0.0000 102.0000 14.92546055    07
SATNET-590-03099 [DTC]
1   619U 00000A   25274.57408802 .00000000  00000-0 0 000           2
2   619  55.0000  60.0000 0000000   0.0000 108.0000 14.92546055    04
SATNET-590-03100 [DTC]
1   620U 00000A   25274.57408802 .00000000  00000-0 0 000           4
2   620  55.0000  60.0000 0000000   0.0000 114.0000 14.92546055    03
SATNET-590-03101 [DTC]
1   621U 00000A   25274.57408802 .00000000  00000-0 0 000           5
2   621  55.0000  60.0000 0000000   0.0000 120.0000 14.92546055    01
SATNET-590-03102 [DTC]
1   622U 00000A   25274.57408802 .00000000  00000-0 0 000           6
2   622  55.0000  60.0000 0000000   0.0000 126.0000 14.92546055    08
SATNET-590-03103 [DTC]
1   623U 00000A   25274.57408802 .00000000  00000-0 0 000           7
2   623  55.0000  60.0000 0000000   0.0000 132.0000 14.92546055    06
SATNET-590-03104 [DTC]
1   624U 00000A   25274.57408802 .00000000  00000-0 0 000           8
2   624  55.0000  60.0000 0000000   0.0000 138.0000 14.92546055    03
SATNET-590-03105 [DTC]
1   625U 00000A   25274.57408802 .00000000  00000-0 0 000           9
2   625  55.0000  60.0000 0000000   0.0000 144.0000 14.92546055    01
SATNET-590-03106 [DTC]
1   626U 00000A   25274.57408802 .00000000  00000-0 0 000           0
2   626  55.0000  60.0000 0000000   0.0000 150.0000 14.92546055    09
SATNET-590-03107 [DTC]
1   627U 00000A   25274.57408802 .00000000  00000-0 0 000           1
2   627  55.0000  60.0000 0000000   0.0000 156.0000 14.92546055    06
SATNET-590-03108 [DTC]
1   628U 00000A   25274.57408802 .00000000  00000-0 0 000           2
2   628  55.0000  60.0000 0000000   0.0000 162.0000 14.92546055    04
SATNET-590-03109 [DTC]
1   629U 00000A   25274.57408802 .00000000  00000-0 0 000           3
2   629  55.0000  60.0000 0000000   0.0000 168.0000 14.92546055    01
SATNET-590-03110 [DTC]
1   630U 00000A   25274.57408802 .00000000  00000-0 0 000           5
2   630  55.0000  60.0000 0000000   0.0000 174.0000 14.92546055    00
SATNET-590-03111 [DTC]
1   631U 00000A   25274.57408802 .00000000  00000-0 0 000           6
2   631  55.0000  60.0000 0000000   0.0000 180.0000 14.92546055    08
SATNET-590-03112 [DTC]
1   632U 00000A   25274.57408802 .00000000  00000-0 0 000           7
2   632  55.0000  60.0000 0000000   0.0000 186.0000 14.92546055    05
SATNET-590-03113 [DTC]
1   633U 00000A   25274.57408802 .00000000  00000-0 0 000           8
2   633  55.0000  60.0000 0000000   0.0000 192.0000 14.92546055    03
SATNET-590-03114 [DTC]
1   634U 00000A   25274.57408802 .00000000  00000-0 0 000           9
2   634  55.0000  60.0000 0000000   0.0000 198.0000 14.92546055    00
SATNET-590-03115 [DTC]
1   635U 00000A   25274.57408802 .00000000  00000-0 0 000           0
2   635  55.0000  60.0000 0000000   0.0000 204.0000 14.92546055    09
SATNET-590-03116 [DTC]
1   636U 00000A   25274.57408802 .00000000  00000-0 0 000           1
2   636  55.0000  60.0000 0000000   0.0000 210.0000 14.92546055    07
SATNET-590-03117 [DTC]
1   637U 00000A   25274.57408802 .00000000  00000-0 0 000           2
2   637  55.0000  60.0000 0000000   0.0000 216.0000 14.92546055    04
SATNET-590-03118 [DTC]
1   638U 00000A   25274.57408802 .00000000  00000-0 0 000           3
2   638  55.0000  60.0000 0000000   0.0000 222.0000 14.92546055    02
SATNET-590-03119 [DTC]
1   639U 00000A   25274.57408802 .00000000  00000-0 0 000           4
2   639  55.0000  60.0000 0000000   0.0000 228.0000 14.92546055    09
SATNET-590-03120 [DTC]
1   640U 00000A   25274.57408802 .00000000  00000-0 0 000           6
2   640  55.0000  60.0000 0000000   0.0000 234.0000 14.92546055    08
SATNET-590-03121 [DTC]
1   641U 00000A   25274.57408802 .00000000  00000-0 0 000           7
2   641  55.0000  60.0000 0000000   0.0000 240.0000 14.92546055    06
SATNET-590-03122 [DTC]
1   642U 00000A   25274.57408802 .00000000  00000-0 0 000           8
2   642  55.0000  60.0000 0000000   0.0000 246.0000 14.92546055    03
SATNET-590-03123 [DTC]
1   643U 00000A   25274.57408802 .00000000  00000-0 0 000           9
2   643  55.0000  60.0000 0000000   0.0000 252.0000 14.92546055    01
SATNET-590-03124 [DTC]
1   644U 00000A   25274.57408802 .00000000  00000-0 0 000           0
2   644  55.0000  60.0000 0000000   0.0000 258.0000 14.92546055    08
SATNET-590-03125 [DTC]
1   645U 00000A   25274.57408802 .00000000  00000-0 0 000           1
2   645  55.0000  60.0000 0000000   0.0000 264.0000 14.92546055    06
SATNET-590-03126 [DTC]
1   646U 00000A   25274.57408802 .00000000  00000-0 0 000           2
2   646  55.0000  60.0000 0000000   0.0000 270.0000 14.92546055    04
SATNET-590-03127 [DTC]
1   647U 00000A   25274.57408802 .00000000  00000-0 0 000           3
2   647  55.0000  60.0000 0000000   0.0000 276.0000 14.92546055    01
SATNET-590-03128 [DTC]
1   648U 00000A   25274.57408802 .00000000  00000-0 0 000           4
2   648  55.0000  60.0000 0000000   0.0000 282.0000 14.92546055    09
SATNET-590-03129 [DTC]
1   649U 00000A   25274.57408802 .00000000  00000-0 0 000           5
2   649  55.0000  60.0000 0000000   0.0000 288.0000 14.92546055    06
SATNET-590-03130 [DTC]
1   650U 00000A   25274.57408802 .00000000  00000-0 0 000           7
2   650  55.0000  60.0000 0000000   0.0000 294.0000 14.92546055    05
SATNET-590-03131 [DTC]
1   651U 00000A   25274.57408802 .00000000  00000-0 0 000           8
2   651  55.0000  60.0000 0000000   0.0000 300.0000 14.92546055    04
SATNET-590-03132 [DTC]
1   652U 00000A   25274.57408802 .00000000  00000-0 0 000           9
2   652  55.0000  60.0000 0000000   0.0000 306.0000 14.92546055    01
SATNET-590-03133 [DTC]
1   653U 00000A   25274.57408802 .00000000  00000-0 0 000           0
2   653  55.0000  60.0000 0000000   0.0000 312.0000 14.92546055    09
SATNET-590-03134 [DTC]
1   654U 00000A   25274.57408802 .00000000  00000-0 0 000           1
2   654  55.0000  60.0000 0000000   0.0000 318.0000 14.92546055    06
SATNET-590-03135 [DTC]
1   655U 00000A   25274.57408802 .00000000  00000-0 0 000           2
2   655  55.0000  60.0000 0000000   0.0000 324.0000 14.92546055    04
SATNET-590-03136 [DTC]
1   656U 00000A   25274.57408802 .00000000  00000-0 0 000           3
2   656  55.0000  60.0000 0000000   0.0000 330.0000 14.92546055    02
SATNET-590-03137 [DTC]
1   657U 00000A   25274.57408802 .00000000  00000-0 0 000           4
2   657  55.0000  60.0000 0000000   0.0000 336.0000 14.92546055    09
SATNET-590-03138 [DTC]
1   658U 00000A   25274.57408802 .00000000  00000-0 0 000           5
2   658  55.0000  60.0000 0000000   0.0000 342.0000 14.92546055    07
SATNET-590-03139 [DTC]
1   659U 00000A   25274.57408802 .00000000  00000-0 0 000           6
2   659  55.0000  60.0000 0000000   0.0000 348.0000 14.92546055    04
SATNET-590-03140 [DTC]
1   660U 00000A   25274.57408802 .00000000  00000-0 0 000           8
2   660  55.0000  60.0000 0000000   0.0000 354.0000 14.92546055    03
SATNET-590-03141 [DTC]
1   661U 00000A   25274.57408802 .00000000  00000-0 0 000           9
2   661  55.0000  66.0000 0000000   0.0000   0.0000 14.92546055    08
SATNET-590-03142 [DTC]
1   662U 00000A   25274.57408802 .00000000  00000-0 0 000           0
2   662  55.0000  66.0000 0000000   0.0000   6.0000 14.92546055    05
SATNET-590-03143 [DTC]
1   663U 00000A   25274.57408802 .00000000  00000-0 0 000           1
2   663  55.0000  66.0000 0000000   0.0000  12.0000 14.92546055    03
SATNET-590-03144 [DTC]
1   664U 00000A   25274.57408802 .00000000  00000-0 0 000           2
2   664  55.0000  66.0000 0000000   0.0000  18.0000 14.92546055    00
SATNET-590-03145 [DTC]
1   665U 00000A   25274.57408802 .00000000  00000-0 0 000           3
2   665  55.0000  66.0000 0000000   0.0000  24.0000 14.92546055    08
SATNET-590-03146 [DTC]
1   666U 00000A   25274.57408802 .00000000  00000-0 0 000           4
2   666  55.0000  66.0000 0000000   0.0000  30.0000 14.92546055    06
SATNET-590-03147 [DTC]
1   667U 00000A   25274.57408802 .00000000  00000-0 0 000           5
2   667  55.0000  66.0000 0000000   0.0000  36.0000 14.92546055    03
SATNET-590-03148 [DTC]
1   668U 00000A   25274.57408802 .00000000  00000-0 0 000           6
2   668  55.0000  66.0000 0000000   0.0000  42.0000 14.92546055    01
SATNET-590-03149 [DTC]
1   669U 00000A   25274.57408802 .00000000  00000-0 0 000           7
2   669  55.0000  66.0000 0000000   0.0000  48.0000 14.92546055    08
SATNET-590-03150 [DTC]
1   670U 00000A   25274.57408802 .00000000  00000-0 0 000           9
2   670  55.0000  66.0000 0000000   0.0000  54.0000 14.92546055    07
SATNET-590-03151 [DTC]
1   671U 00000A   25274.57408802 .00000000  00000-0 0 000           0
2   671  55.0000  66.0000 0000000   0.0000  60.0000 14.92546055    05
SATNET-590-03152 [DTC]
1   672U 00000A   25274.57408802 .00000000  00000-0 0 000           1
2   672  55.0000  66.0000 0000000   0.0000  66.0000 14.92546055    02
SATNET-590-03153 [DTC]
1   673U 00000A   25274.57408802 .00000000  00000-0 0 000           2
2   673  55.0000  66.0000 0000000   0.0000  72.0000 14.92546055    00
SATNET-590-03154 [DTC]
1   674U 00000A   25274.57408802 .00000000  00000-0 0 000           3
2   674  55.0000  66.0000 0000000   0.0000  78.0000 14.92546055    07
SATNET-590-03155 [DTC]
1   675U 00000A   25274.57408802 .00000000  00000-0 0 000           4
2   675  55.0000  66.0000 0000000   0.0000  84.0000 14.92546055    05
SATNET-590-03156 [DTC]
1   676U 00000A   25274.57408802 .00000000  00000-0 0 000           5
2   676  55.0000  66.0000 0000000   0.0000  90.0000 14.92546055    03
SATNET-590-03157 [DTC]
1   677U 00000A   25274.57408802 .00000000  00000-0 0 000           6
2   677  55.0000  66.0000 0000000   0.0000  96.0000 14.92546055    00
SATNET-590-03158 [DTC]
1   678U 00000A   25274.57408802 .00000000  00000-0 0 000           7
2   678  55.0000  66.0000 0000000   0.0000 102.0000 14.92546055    09
SATNET-590-03159 [DTC]
1   679U 00000A   25274.57408802 .00000000  00000-0 0 000           8
2   679  55.0000  66.0000 0000000   0.0000 108.0000 14.92546055    06
SATNET-590-03160 [DTC]
1   680U 00000A   25274.57408802 .00000000  00000-0 0 000           0
2   680  55.0000  66.0000 0000000   0.0000 114.0000 14.92546055    05
SATNET-590-03161 [DTC]
1   681U 00000A   25274.57408802 .00000000  00000-0 0 000           1
2   681  55.0000  66.0000 0000000   0.0000 120.0000 14.92546055    03
SATNET-590-03162 [DTC]
1   682U 00000A   25274.57408802 .00000000  00000-0 0 000           2
2   682  55.0000  66.0000 0000000   0.0000 126.0000 14.92546055    00
SATNET-590-03163 [DTC]
1   683U 00000A   25274.57408802 .00000000  00000-0 0 000           3
2   683  55.0000  66.0000 0000000   0.0000 132.0000 14.92546055    08
SATNET-590-03164 [DTC]
1   684U 00000A   25274.57408802 .00000000  00000-0 0 000           4
2   684  55.0000  66.0000 0000000   0.0000 138.0000 14.92546055    05
SATNET-590-03165 [DTC]
1   685U 00000A   25274.57408802 .00000000  00000-0 0 000           5
2   685  55.0000  66.0000 0000000   0.0000 144.0000 14.92546055    03
SATNET-590-03166 [DTC]
1   686U 00000A   25274.57408802 .00000000  00000-0 0 000           6
2   686  55.0000  66.0000 0000000   0.0000 150.0000 14.92546055    01
SATNET-590-03167 [DTC]
1   687U 00000A   25274.57408802 .00000000  00000-0 0 000           7
2   687  55.0000  66.0000 0000000   0.0000 156.0000 14.92546055    08
SATNET-590-03168 [DTC]
1   688U 00000A   25274.57408802 .00000000  00000-0 0 000           8
2   688  55.0000  66.0000 0000000   0.0000 162.0000 14.92546055    06
SATNET-590-03169 [DTC]
1   689U 00000A   25274.57408802 .00000000  00000-0 0 000           9
2   689  55.0000  66.0000 0000000   0.0000 168.0000 14.92546055    03
SATNET-590-03170 [DTC]
1   690U 00000A   25274.57408802 .00000000  00000-0 0 000           1
2   690  55.0000  66.0000 0000000   0.0000 174.0000 14.92546055    02
SATNET-590-03171 [DTC]
1   691U 00000A   25274.57408802 .00000000  00000-0 0 000           2
2   691  55.0000  66.0000 0000000   0.0000 180.0000 14.92546055    00
SATNET-590-03172 [DTC]
1   692U 00000A   25274.57408802 .00000000  00000-0 0 000           3
2   692  55.0000  66.0000 0000000   0.0000 186.0000 14.92546055    07
SATNET-590-03173 [DTC]
1   693U 00000A   25274.57408802 .00000000  00000-0 0 000           4
2   693  55.0000  66.0000 0000000   0.0000 192.0000 14.92546055    05
SATNET-590-03174 [DTC]
1   694U 00000A   25274.57408802 .00000000  00000-0 0 000           5
2   694  55.0000  66.0000 0000000   0.0000 198.0000 14.92546055    02
SATNET-590-03175 [DTC]
1   695U 00000A   25274.57408802 .00000000  00000-0 0 000           6
2   695  55.0000  66.0000 0000000   0.0000 204.0000 14.92546055    01
SATNET-590-03176 [DTC]
1   696U 00000A   25274.57408802 .00000000  00000-0 0 000           7
2   696  55.0000  66.0000 0000000   0.0000 210.0000 14.92546055    09
SATNET-590-03177 [DTC]
1   697U 00000A   25274.57408802 .00000000  00000-0 0 000           8
2   697  55.0000  66.0000 0000000   0.0000 216.0000 14.92546055    06
SATNET-590-03178 [DTC]
1   698U 00000A   25274.57408802 .00000000  00000-0 0 000           9
2   698  55.0000  66.0000 0000000   0.0000 222.0000 14.92546055    04
SATNET-590-03179 [DTC]
1   699U 00000A   25274.57408802 .00000000  00000-0 0 000           0
2   699  55.0000  66.0000 0000000   0.0000 228.0000 14.92546055    01
SATNET-590-03180 [DTC]
1   700U 00000A   25274.57408802 .00000000  00000-0 0 000           3
2   700  55.0000  66.0000 0000000   0.0000 234.0000 14.92546055    01
SATNET-590-03181 [DTC]
1   701U 00000A   25274.57408802 .00000000  00000-0 0 000           4
2   701  55.0000  66.0000 0000000   0.0000 240.0000 14.92546055    09
SATNET-590-03182 [DTC]
1   702U 00000A   25274.57408802 .00000000  00000-0 0 000           5
2   702  55.0000  66.0000 0000000   0.0000 246.0000 14.92546055    06
SATNET-590-03183 [DTC]
1   703U 00000A   25274.57408802 .00000000  00000-0 0 000           6
2   703  55.0000  66.0000 0000000   0.0000 252.0000 14.92546055    04
SATNET-590-03184 [DTC]
1   704U 00000A   25274.57408802 .00000000  00000-0 0 000           7
2   704  55.0000  66.0000 0000000   0.0000 258.0000 14.92546055    01
SATNET-590-03185 [DTC]
1   705U 00000A   25274.57408802 .00000000  00000-0 0 000           8
2   705  55.0000  66.0000 0000000   0.0000 264.0000 14.92546055    09
SATNET-590-03186 [DTC]
1   706U 00000A   25274.57408802 .00000000  00000-0 0 000           9
2   706  55.0000  66.0000 0000000   0.0000 270.0000 14.92546055    07
SATNET-590-03187 [DTC]
1   707U 00000A   25274.57408802 .00000000  00000-0 0 000           0
2   707  55.0000  66.0000 0000000   0.0000 276.0000 14.92546055    04
SATNET-590-03188 [DTC]
1   708U 00000A   25274.57408802 .00000000  00000-0 0 000           1
2   708  55.0000  66.0000 0000000   0.0000 282.0000 14.92546055    02
SATNET-590-03189 [DTC]
1   709U 00000A   25274.57408802 .00000000  00000-0 0 000           2
2   709  55.0000  66.0000 0000000   0.0000 288.0000 14.92546055    09
SATNET-590-03190 [DTC]
1   710U 00000A   25274.57408802 .00000000  00000-0 0 000           4
2   710  55.0000  66.0000 0000000   0.0000 294.0000 14.92546055    08
SATNET-590-03191 [DTC]
1   711U 00000A   25274.57408802 .00000000  00000-0 0 000           5
2   711  55.0000  66.0000 0000000   0.0000 300.0000 14.92546055    07
SATNET-590-03192 [DTC]
1   712U 00000A   25274.57408802 .00000000  00000-0 0 000           6
2   712  55.0000  66.0000 0000000   0.0000 306.0000 14.92546055    04
SATNET-590-03193 [DTC]
1   713U 00000A   25274.57408802 .00000000  00000-0 0 000           7
2   713  55.0000  66.0000 0000000   0.0000 312.0000 14.92546055    02
SATNET-590-03194 [DTC]
1   714U 00000A   25274.57408802 .00000000  00000-0 0 000           8
2   714  55.0000  66.0000 0000000   0.0000 318.0000 14.92546055    09
SATNET-590-03195 [DTC]
1   715U 00000A   25274.57408802 .00000000  00000-0 0 000           9
2   715  55.0000  66.0000 0000000   0.0000 324.0000 14.92546055    07
SATNET-590-03196 [DTC]
1   716U 00000A   25274.57408802 .00000000  00000-0 0 000           0
2   716  55.0000  66.0000 0000000   0.0000 330.0000 14.92546055    05
SATNET-590-03197 [DTC]
1   717U 00000A   25274.57408802 .00000000  00000-0 0 000           1
2   717  55.0000  66.0000 0000000   0.0000 336.0000 14.92546055    02
SATNET-590-03198 [DTC]
1   718U 00000A   25274.57408802 .00000000  00000-0 0 000           2
2   718  55.0000  66.0000 0000000   0.0000 342.0000 14.92546055    00
SATNET-590-03199 [DTC]
1   719U 00000A   25274.57408802 .00000000  00000-0 0 000           3
2   719  55.0000  66.0000 0000000   0.0000 348.0000 14.92546055    07
SATNET-590-03200 [DTC]
1   720U 00000A   25274.57408802 .00000000  00000-0 0 000           5
2   720  55.0000  66.0000 0000000   0.0000 354.0000 14.92546055    06
SATNET-590-03201 [DTC]
1   721U 00000A   25274.57408802 .00000000  00000-0 0 000           6
2   721  55.0000  72.0000 0000000   0.0000   0.0000 14.92546055    02
SATNET-590-03202 [DTC]
1   722U 00000A   25274.57408802 .00000000  00000-0 0 000           7
2   722  55.0000  72.0000 0000000   0.0000   6.0000 14.92546055    09
SATNET-590-03203 [DTC]
1   723U 00000A   25274.57408802 .00000000  00000-0 0 000           8
2   723  55.0000  72.0000 0000000   0.0000  12.0000 14.92546055    07
SATNET-590-03204 [DTC]
1   724U 00000A   25274.57408802 .00000000  00000-0 0 000           9
2   724  55.0000  72.0000 0000000   0.0000  18.0000 14.92546055    04
SATNET-590-03205 [DTC]
1   725U 00000A   25274.57408802 .00000000  00000-0 0 000           0
2   725  55.0000  72.0000 0000000   0.0000  24.0000 14.92546055    02
SATNET-590-03206 [DTC]
1   726U 00000A   25274.57408802 .00000000  00000-0 0 000           1
2   726  55.0000  72.0000 0000000   0.0000  30.0000 14.92546055    00
SATNET-590-03207 [DTC]
1   727U 00000A   25274.57408802 .00000000  00000-0 0 000           2
2   727  55.0000  72.0000 0000000   0.0000  36.0000 14.92546055    07
SATNET-590-03208 [DTC]
1   728U 00000A   25274.57408802 .00000000  00000-0 0 000           3
2   728  55.0000  72.0000 0000000   0.0000  42.0000 14.92546055    05
SATNET-590-03209 [DTC]
1   729U 00000A   25274.57408802 .00000000  00000-0 0 000           4
2   729  55.0000  72.0000 0000000   0.0000  48.0000 14.92546055    02
SATNET-590-03210 [DTC]
1   730U 00000A   25274.57408802 .00000000  00000-0 0 000           6
2   730  55.0000  72.0000 0000000   0.0000  54.0000 14.92546055    01
SATNET-590-03211 [DTC]
1   731U 00000A   25274.57408802 .00000000  00000-0 0 000           7
2   731  55.0000  72.0000 0000000   0.0000  60.0000 14.92546055    09
SATNET-590-03212 [DTC]
1   732U 00000A   25274.57408802 .00000000  00000-0 0 000           8
2   732  55.0000  72.0000 0000000   0.0000  66.0000 14.92546055    06
SATNET-590-03213 [DTC]
1   733U 00000A   25274.57408802 .00000000  00000-0 0 000           9
2   733  55.0000  72.0000 0000000   0.0000  72.0000 14.92546055    04
SATNET-590-03214 [DTC]
1   734U 00000A   25274.57408802 .00000000  00000-0 0 000           0
2   734  55.0000  72.0000 0000000   0.0000  78.0000 14.92546055    01
SATNET-590-03215 [DTC]
1   735U 00000A   25274.57408802 .00000000  00000-0 0 000           1
2   735  55.0000  72.0000 0000000   0.0000  84.0000 14.92546055    09
SATNET-590-03216 [DTC]
1   736U 00000A   25274.57408802 .00000000  00000-0 0 000           2
2   736  55.0000  72.0000 0000000   0.0000  90.0000 14.92546055    07
SATNET-590-03217 [DTC]
1   737U 00000A   25274.57408802 .00000000  00000-0 0 000           3
2   737  55.0000  72.0000 0000000   0.0000  96.0000 14.92546055    04
SATNET-590-03218 [DTC]
1   738U 00000A   25274.57408802 .00000000  00000-0 0 000           4
2   738  55.0000  72.0000 0000000   0.0000 102.0000 14.92546055    03
SATNET-590-03219 [DTC]
1   739U 00000A   25274.57408802 .00000000  00000-0 0 000           5
2   739  55.0000  72.0000 0000000   0.0000 108.0000 14.92546055    00
SATNET-590-03220 [DTC]
1   740U 00000A   25274.57408802 .00000000  00000-0 0 000           7
2   740  55.0000  72.0000 0000000   0.0000 114.0000 14.92546055    09
SATNET-590-03221 [DTC]
1   741U 00000A   25274.57408802 .00000000  00000-0 0 000           8
2   741  55.0000  72.0000 0000000   0.0000 120.0000 14.92546055    07
SATNET-590-03222 [DTC]
1   742U 00000A   25274.57408802 .00000000  00000-0 0 000           9
2   742  55.0000  72.0000 0000000   0.0000 126.0000 14.92546055    04
SATNET-590-03223 [DTC]
1   743U 00000A   25274.57408802 .00000000  00000-0 0 000           0
2   743  55.0000  72.0000 0000000   0.0000 132.0000 14.92546055    02
SATNET-590-03224 [DTC]
1   744U 00000A   25274.57408802 .00000000  00000-0 0 000           1
2   744  55.0000  72.0000 0000000   0.0000 138.0000 14.92546055    09
SATNET-590-03225 [DTC]
1   745U 00000A   25274.57408802 .00000000  00000-0 0 000           2
2   745  55.0000  72.0000 0000000   0.0000 144.0000 14.92546055    07
SATNET-590-03226 [DTC]
1   746U 00000A   25274.57408802 .00000000  00000-0 0 000           3
2   746  55.0000  72.0000 0000000   0.0000 150.0000 14.92546055    05
SATNET-590-03227 [DTC]
1   747U 00000A   25274.57408802 .00000000  00000-0 0 000           4
2   747  55.0000  72.0000 0000000   0.0000 156.0000 14.92546055    02
SATNET-590-03228 [DTC]
1   748U 00000A   25274.57408802 .00000000  00000-0 0 000           5
2   748  55.0000  72.0000 0000000   0.0000 162.0000 14.92546055    00
SATNET-590-03229 [DTC]
1   749U 00000A   25274.57408802 .00000000  00000-0 0 000           6
2   749  55.0000  72.0000 0000000   0.0000 168.0000 14.92546055    07
SATNET-590-03230 [DTC]
1   750U 00000A   25274.57408802 .00000000  00000-0 0 000           8
2   750  55.0000  72.0000 0000000   0.0000 174.0000 14.92546055    06
SATNET-590-03231 [DTC]
1   751U 00000A   25274.57408802 .00000000  00000-0 0 000           9
2   751  55.0000  72.0000 0000000   0.0000 180.0000 14.92546055    04
SATNET-590-03232 [DTC]
1   752U 00000A   25274.57408802 .00000000  00000-0 0 000           0
2   752  55.0000  72.0000 0000000   0.0000 186.0000 14.92546055    01
SATNET-590-03233 [DTC]
1   753U 00000A   25274.57408802 .00000000  00000-0 0 000           1
2   753  55.0000  72.0000 0000000   0.0000 192.0000 14.92546055    09
SATNET-590-03234 [DTC]
1   754U 00000A   25274.57408802 .00000000  00000-0 0 000           2
2   754  55.0000  72.0000 0000000   0.0000 198.0000 14.92546055    06
SATNET-590-03235 [DTC]
1   755U 00000A   25274.57408802 .00000000  00000-0 0 000           3
2   755  55.0000  72.0000 0000000   0.0000 204.0000 14.92546055    05
SATNET-590-03236 [DTC]
1   756U 00000A   25274.57408802 .00000000  00000-0 0 000           4
2   756  55.0000  72.0000 0000000   0.0000 210.0000 14.92546055    03
SATNET-590-03237 [DTC]
1   757U 00000A   25274.57408802 .00000000  00000-0 0 000           5
2   757  55.0000  72.0000 0000000   0.0000 216.0000 14.92546055    00
SATNET-590-03238 [DTC]
1   758U 00000A   25274.57408802 .00000000  00000-0 0 000           6
2   758  55.0000  72.0000 0000000   0.0000 222.0000 14.92546055    08
SATNET-590-03239 [DTC]
1   759U 00000A   25274.57408802 .00000000  00000-0 0 000           7
2   759  55.0000  72.0000 0000000   0.0000 228.0000 14.92546055    05
SATNET-590-03240 [DTC]
1   760U 00000A   25274.57408802 .00000000  00000-0 0 000           9
2   760  55.0000  72.0000 0000000   0.0000 234.0000 14.92546055    04
SATNET-590-03241 [DTC]
1   761U 00000A   25274.57408802 .00000000  00000-0 0 000           0
2   761  55.0000  72.0000 0000000   0.0000 240.0000 14.92546055    02
SATNET-590-03242 [DTC]
1   762U 00000A   25274.57408802 .00000000  00000-0 0 000           1
2   762  55.0000  72.0000 0000000   0.0000 246.0000 14.92546055    09
SATNET-590-03243 [DTC]
1   763U 00000A   25274.57408802 .00000000  00000-0 0 000           2
2   763  55.0000  72.0000 0000000   0.0000 252.0000 14.92546055    07
SATNET-590-03244 [DTC]
1   764U 00000A   25274.57408802 .00000000  00000-0 0 000           3
2   764  55.0000  72.0000 0000000   0.0000 258.0000 14.92546055    04
SATNET-590-03245 [DTC]
1   765U 00000A   25274.57408802 .00000000  00000-0 0 000           4
2   765  55.0000  72.0000 0000000   0.0000 264.0000 14.92546055    02
SATNET-590-03246 [DTC]
1   766U 00000A   25274.57408802 .00000000  00000-0 0 000           5
2   766  55.0000  72.0000 0000000   0.0000 270.0000 14.92546055    00
SATNET-590-03247 [DTC]
1   767U 00000A   25274.57408802 .00000000  00000-0 0 000           6
2   767  55.0000  72.0000 0000000   0.0000 276.0000 14.92546055    07
SATNET-590-03248 [DTC]
1   768U 00000A   25274.57408802 .00000000  00000-0 0 000           7
2   768  55.0000  72.0000 0000000   0.0000 282.0000 14.92546055    05
SATNET-590-03249 [DTC]
1   769U 00000A   25274.57408802 .00000000  00000-0 0 000           8
2   769  55.0000  72.0000 0000000   0.0000 288.0000 14.92546055    02
SATNET-590-03250 [DTC]
1   770U 00000A   25274.57408802 .00000000  00000-0 0 000           0
2   770  55.0000  72.0000 0000000   0.0000 294.0000 14.92546055    01
SATNET-590-03251 [DTC]
1   771U 00000A   25274.57408802 .00000000  00000-0 0 000           1
2   771  55.0000  72.0000 0000000   0.0000 300.0000 14.92546055    00
SATNET-590-03252 [DTC]
1   772U 00000A   25274.57408802 .00000000  00000-0 0 000           2
2   772  55.0000  72.0000 0000000   0.0000 306.0000 14.92546055    07
SATNET-590-03253 [DTC]
1   773U 00000A   25274.57408802 .00000000  00000-0 0 000           3
2   773  55.0000  72.0000 0000000   0.0000 312.0000 14.92546055    05
SATNET-590-03254 [DTC]
1   774U 00000A   25274.57408802 .00000000  00000-0 0 000           4
2   774  55.0000  72.0000 0000000   0.0000 318.0000 14.92546055    02
SATNET-590-03255 [DTC]
1   775U 00000A   25274.57408802 .00000000  00000-0 0 000           5
2   775  55.0000  72.0000 0000000   0.0000 324.0000 14.92546055    00
SATNET-590-03256 [DTC]
1   776U 00000A   25274.57408802 .00000000  00000-0 0 000           6
2   776  55.0000  72.0000 0000000   0.0000 330.0000 14.92546055    08
SATNET-590-03257 [DTC]
1   777U 00000A   25274.57408802 .00000000  00000-0 0 000           7
2   777  55.0000  72.0000 0000000   0.0000 336.0000 14.92546055    05
SATNET-590-03258 [DTC]
1   778U 00000A   25274.57408802 .00000000  00000-0 0 000           8
2   778  55.0000  72.0000 0000000   0.0000 342.0000 14.92546055    03
SATNET-590-03259 [DTC]
1   779U 00000A   25274.57408802 .00000000  00000-0 0 000           9
2   779  55.0000  72.0000 0000000   0.0000 348.0000 14.92546055    00
SATNET-590-03260 [DTC]
1   780U 00000A   25274.57408802 .00000000  00000-0 0 000           1
2   780  55.0000  72.0000 0000000   0.0000 354.0000 14.92546055    09
SATNET-590-03261 [DTC]
1   781U 00000A   25274.57408802 .00000000  00000-0 0 000           2
2   781  55.0000  78.0000 0000000   0.0000   0.0000 14.92546055    04
SATNET-590-03262 [DTC]
1   782U 00000A   25274.57408802 .00000000  00000-0 0 000           3
2   782  55.0000  78.0000 0000000   0.0000   6.0000 14.92546055    01
SATNET-590-03263 [DTC]
1   783U 00000A   25274.57408802 .00000000  00000-0 0 000           4
2   783  55.0000  78.0000 0000000   0.0000  12.0000 14.92546055    09
SATNET-590-03264 [DTC]
1   784U 00000A   25274.57408802 .00000000  00000-0 0 000           5
2   784  55.0000  78.0000 0000000   0.0000  18.0000 14.92546055    06
SATNET-590-03265 [DTC]
1   785U 00000A   25274.57408802 .00000000  00000-0 0 000           6
2   785  55.0000  78.0000 0000000   0.0000  24.0000 14.92546055    04
SATNET-590-03266 [DTC]
1   786U 00000A   25274.57408802 .00000000  00000-0 0 000           7
2   786  55.0000  78.0000 0000000   0.0000  30.0000 14.92546055    02
SATNET-590-03267 [DTC]
1   787U 00000A   25274.57408802 .00000000  00000-0 0 000           8
2   787  55.0000  78.0000 0000000   0.0000  36.0000 14.92546055    09
SATNET-590-03268 [DTC]
1   788U 00000A   25274.57408802 .00000000  00000-0 0 000           9
2   788  55.0000  78.0000 0000000   0.0000  42.0000 14.92546055    07
SATNET-590-03269 [DTC]
1   789U 00000A   25274.57408802 .00000000  00000-0 0 000           0
2   789  55.0000  78.0000 0000000   0.0000  48.0000 14.92546055    04
SATNET-590-03270 [DTC]
1   790U 00000A   25274.57408802 .00000000  00000-0 0 000           2
2   790  55.0000  78.0000 0000000   0.0000  54.0000 14.92546055    03
SATNET-590-03271 [DTC]
1   791U 00000A   25274.57408802 .00000000  00000-0 0 000           3
2   791  55.0000  78.0000 0000000   0.0000  60.0000 14.92546055    01
SATNET-590-03272 [DTC]
1   792U 00000A   25274.57408802 .00000000  00000-0 0 000           4
2   792  55.0000  78.0000 0000000   0.0000  66.0000 14.92546055    08
SATNET-590-03273 [DTC]
1   793U 00000A   25274.57408802 .00000000  00000-0 0 000           5
2   793  55.0000  78.0000 0000000   0.0000  72.0000 14.92546055    06
SATNET-590-03274 [DTC]
1   794U 00000A   25274.57408802 .00000000  00000-0 0 000           6
2   794  55.0000  78.0000 0000000   0.0000  78.0000 14.92546055    03
SATNET-590-03275 [DTC]
1   795U 00000A   25274.57408802 .00000000  00000-0 0 000           7
2   795  55.0000  78.0000 0000000   0.0000  84.0000 14.92546055    01
SATNET-590-03276 [DTC]
1   796U 00000A   25274.57408802 .00000000  00000-0 0 000           8
2   796  55.0000  78.0000 0000000   0.0000  90.0000 14.92546055    09
SATNET-590-03277 [DTC]
1   797U 00000A   25274.57408802 .00000000  00000-0 0 000           9
2   797  55.0000  78.0000 0000000   0.0000  96.0000 14.92546055    06
SATNET-590-03278 [DTC]
1   798U 00000A   25274.57408802 .00000000  00000-0 0 000           0
2   798  55.0000  78.0000 0000000   0.0000 102.0000 14.92546055    05
SATNET-590-03279 [DTC]
1   799U 00000A   25274.57408802 .00000000  00000-0 0 000           1
2   799  55.0000  78.0000 0000000   0.0000 108.0000 14.92546055    02
SATNET-590-03280 [DTC]
1   800U 00000A   25274.57408802 .00000000  00000-0 0 000           4
2   800  55.0000  78.0000 0000000   0.0000 114.0000 14.92546055    02
SATNET-590-03281 [DTC]
1   801U 00000A   25274.57408802 .00000000  00000-0 0 000           5
2   801  55.0000  78.0000 0000000   0.0000 120.0000 14.92546055    00
SATNET-590-03282 [DTC]
1   802U 00000A   25274.57408802 .00000000  00000-0 0 000           6
2   802  55.0000  78.0000 0000000   0.0000 126.0000 14.92546055    07
SATNET-590-03283 [DTC]
1   803U 00000A   25274.57408802 .00000000  00000-0 0 000           7
2   803  55.0000  78.0000 0000000   0.0000 132.0000 14.92546055    05
SATNET-590-03284 [DTC]
1   804U 00000A   25274.57408802 .00000000  00000-0 0 000           8
2   804  55.0000  78.0000 0000000   0.0000 138.0000 14.92546055    02
SATNET-590-03285 [DTC]
1   805U 00000A   25274.57408802 .00000000  00000-0 0 000           9
2   805  55.0000  78.0000 0000000   0.0000 144.0000 14.92546055    00
SATNET-590-03286 [DTC]
1   806U 00000A   25274.57408802 .00000000  00000-0 0 000           0
2   806  55.0000  78.0000 0000000   0.0000 150.0000 14.92546055    08
SATNET-590-03287 [DTC]
1   807U 00000A   25274.57408802 .00000000  00000-0 0 000           1
2   807  55.0000  78.0000 0000000   0.0000 156.0000 14.92546055    05
SATNET-590-03288 [DTC]
1   808U 00000A   25274.57408802 .00000000  00000-0 0 000           2
2   808  55.0000  78.0000 0000000   0.0000 162.0000 14.92546055    03
SATNET-590-03289 [DTC]
1   809U 00000A   25274.57408802 .00000000  00000-0 0 000           3
2   809  55.0000  78.0000 0000000   0.0000 168.0000 14.92546055    00
SATNET-590-03290 [DTC]
1   810U 00000A   25274.57408802 .00000000  00000-0 0 000           5
2   810  55.0000  78.0000 0000000   0.0000 174.0000 14.92546055    09
SATNET-590-03291 [DTC]
1   811U 00000A   25274.57408802 .00000000  00000-0 0 000           6
2   811  55.0000  78.0000 0000000   0.0000 180.0000 14.92546055    07
SATNET-590-03292 [DTC]
1   812U 00000A   25274.57408802 .00000000  00000-0 0 000           7
2   812  55.0000  78.0000 0000000   0.0000 186.0000 14.92546055    04
SATNET-590-03293 [DTC]
1   813U 00000A   25274.57408802 .00000000  00000-0 0 000           8
2   813  55.0000  78.0000 0000000   0.0000 192.0000 14.92546055    02
SATNET-590-03294 [DTC]
1   814U 00000A   25274.57408802 .00000000  00000-0 0 000           9
2   814  55.0000  78.0000 0000000   0.0000 198.0000 14.92546055    09
SATNET-590-03295 [DTC]
1   815U 00000A   25274.57408802 .00000000  00000-0 0 000           0
2   815  55.0000  78.0000 0000000   0.0000 204.0000 14.92546055    08
SATNET-590-03296 [DTC]
1   816U 00000A   25274.57408802 .00000000  00000-0 0 000           1
2   816  55.0000  78.0000 0000000   0.0000 210.0000 14.92546055    06
SATNET-590-03297 [DTC]
1   817U 00000A   25274.57408802 .00000000  00000-0 0 000           2
2   817  55.0000  78.0000 0000000   0.0000 216.0000 14.92546055    03
SATNET-590-03298 [DTC]
1   818U 00000A   25274.57408802 .00000000  00000-0 0 000           3
2   818  55.0000  78.0000 0000000   0.0000 222.0000 14.92546055    01
SATNET-590-03299 [DTC]
1   819U 00000A   25274.57408802 .00000000  00000-0 0 000           4
2   819  55.0000  78.0000 0000000   0.0000 228.0000 14.92546055    08
SATNET-590-03300 [DTC]
1   820U 00000A   25274.57408802 .00000000  00000-0 0 000           6
2   820  55.0000  78.0000 0000000   0.0000 234.0000 14.92546055    07
SATNET-590-03301 [DTC]
1   821U 00000A   25274.57408802 .00000000  00000-0 0 000           7
2   821  55.0000  78.0000 0000000   0.0000 240.0000 14.92546055    05
SATNET-590-03302 [DTC]
1   822U 00000A   25274.57408802 .00000000  00000-0 0 000           8
2   822  55.0000  78.0000 0000000   0.0000 246.0000 14.92546055    02
SATNET-590-03303 [DTC]
1   823U 00000A   25274.57408802 .00000000  00000-0 0 000           9
2   823  55.0000  78.0000 0000000   0.0000 252.0000 14.92546055    00
SATNET-590-03304 [DTC]
1   824U 00000A   25274.57408802 .00000000  00000-0 0 000           0
2   824  55.0000  78.0000 0000000   0.0000 258.0000 14.92546055    07
SATNET-590-03305 [DTC]
1   825U 00000A   25274.57408802 .00000000  00000-0 0 000           1
2   825  55.0000  78.0000 0000000   0.0000 264.0000 14.92546055    05
SATNET-590-03306 [DTC]
1   826U 00000A   25274.57408802 .00000000  00000-0 0 000           2
2   826  55.0000  78.0000 0000000   0.0000 270.0000 14.92546055    03
SATNET-590-03307 [DTC]
1   827U 00000A   25274.57408802 .00000000  00000-0 0 000           3
2   827  55.0000  78.0000 0000000   0.0000 276.0000 14.92546055    00
SATNET-590-03308 [DTC]
1   828U 00000A   25274.57408802 .00000000  00000-0 0 000           4
2   828  55.0000  78.0000 0000000   0.0000 282.0000 14.92546055    08
SATNET-590-03309 [DTC]
1   829U 00000A   25274.57408802 .00000000  00000-0 0 000           5
2   829  55.0000  78.0000 0000000   0.0000 288.0000 14.92546055    05
SATNET-590-03310 [DTC]
1   830U 00000A   25274.57408802 .00000000  00000-0 0 000           7
2   830  55.0000  78.0000 0000000   0.0000 294.0000 14.92546055    04
SATNET-590-03311 [DTC]
1   831U 00000A   25274.57408802 .00000000  00000-0 0 000           8
2   831  55.0000  78.0000 0000000   0.0000 300.0000 14.92546055    03
SATNET-590-03312 [DTC]
1   832U 00000A   25274.57408802 .00000000  00000-0 0 000           9
2   832  55.0000  78.0000 0000000   0.0000 306.0000 14.92546055    00
SATNET-590-03313 [DTC]
1   833U 00000A   25274.57408802 .00000000  00000-0 0 000           0
2   833  55.0000  78.0000 0000000   0.0000 312.0000 14.92546055    08
SATNET-590-03314 [DTC]
1   834U 00000A   25274.57408802 .00000000  00000-0 0 000           1
2   834  55.0000  78.0000 0000000   0.0000 318.0000 14.92546055    05
SATNET-590-03315 [DTC]
1   835U 00000A   25274.57408802 .00000000  00000-0 0 000           2
2   835  55.0000  78.0000 0000000   0.0000 324.0000 14.92546055    03
SATNET-590-03316 [DTC]
1   836U 00000A   25274.57408802 .00000000  00000-0 0 000           3
2   836  55.0000  78.0000 0000000   0.0000 330.0000 14.92546055    01
SATNET-590-03317 [DTC]
1   837U 00000A   25274.57408802 .00000000  00000-0 0 000           4
2   837  55.0000  78.0000 0000000   0.0000 336.0000 14.92546055    08
SATNET-590-03318 [DTC]
1   838U 00000A   25274.57408802 .00000000  00000-0 0 000           5
2   838  55.0000  78.0000 0000000   0.0000 342.0000 14.92546055    06
SATNET-590-03319 [DTC]
1   839U 00000A   25274.57408802 .00000000  00000-0 0 000           6
2   839  55.0000  78.0000 0000000   0.0000 348.0000 14.92546055    03
SATNET-590-03320 [DTC]
1   840U 00000A   25274.57408802 .00000000  00000-0 0 000           8
2   840  55.0000  78.0000 0000000   0.0000 354.0000 14.92546055    02
SATNET-590-03321 [DTC]
1   841U 00000A   25274.57408802 .00000000  00000-0 0 000           9
2   841  55.0000  84.0000 0000000   0.0000   0.0000 14.92546055    08
SATNET-590-03322 [DTC]
1   842U 00000A   25274.57408802 .00000000  00000-0 0 000           0
2   842  55.0000  84.0000 0000000   0.0000   6.0000 14.92546055    05
SATNET-590-03323 [DTC]
1   843U 00000A   25274.57408802 .00000000  00000-0 0 000           1
2   843  55.0000  84.0000 0000000   0.0000  12.0000 14.92546055    03
SATNET-590-03324 [DTC]
1   844U 00000A   25274.57408802 .00000000  00000-0 0 000           2
2   844  55.0000  84.0000 0000000   0.0000  18.0000 14.92546055    00
SATNET-590-03325 [DTC]
1   845U 00000A   25274.57408802 .00000000  00000-0 0 000           3
2   845  55.0000  84.0000 0000000   0.0000  24.0000 14.92546055    08
SATNET-590-03326 [DTC]
1   846U 00000A   25274.57408802 .00000000  00000-0 0 000           4
2   846  55.0000  84.0000 0000000   0.0000  30.0000 14.92546055    06
SATNET-590-03327 [DTC]
1   847U 00000A   25274.57408802 .00000000  00000-0 0 000           5
2   847  55.0000  84.0000 0000000   0.0000  36.0000 14.92546055    03
SATNET-590-03328 [DTC]
1   848U 00000A   25274.57408802 .00000000  00000-0 0 000           6
2   848  55.0000  84.0000 0000000   0.0000  42.0000 14.92546055    01
SATNET-590-03329 [DTC]
1   849U 00000A   25274.57408802 .00000000  00000-0 0 000           7
2   849  55.0000  84.0000 0000000   0.0000  48.0000 14.92546055    08
SATNET-590-03330 [DTC]
1   850U 00000A   25274.57408802 .00000000  00000-0 0 000           9
2   850  55.0000  84.0000 0000000   0.0000  54.0000 14.92546055    07
SATNET-590-03331 [DTC]
1   851U 00000A   25274.57408802 .00000000  00000-0 0 000           0
2   851  55.0000  84.0000 0000000   0.0000  60.0000 14.92546055    05
SATNET-590-03332 [DTC]
1   852U 00000A   25274.57408802 .00000000  00000-0 0 000           1
2   852  55.0000  84.0000 0000000   0.0000  66.0000 14.92546055    02
SATNET-590-03333 [DTC]
1   853U 00000A   25274.57408802 .00000000  00000-0 0 000           2
2   853  55.0000  84.0000 0000000   0.0000  72.0000 14.92546055    00
SATNET-590-03334 [DTC]
1   854U 00000A   25274.57408802 .00000000  00000-0 0 000           3
2   854  55.0000  84.0000 0000000   0.0000  78.0000 14.92546055    07
SATNET-590-03335 [DTC]
1   855U 00000A   25274.57408802 .00000000  00000-0 0 000           4
2   855  55.0000  84.0000 0000000   0.0000  84.0000 14.92546055    05
SATNET-590-03336 [DTC]
1   856U 00000A   25274.57408802 .00000000  00000-0 0 000           5
2   856  55.0000  84.0000 0000000   0.0000  90.0000 14.92546055    03
SATNET-590-03337 [DTC]
1   857U 00000A   25274.57408802 .00000000  00000-0 0 000           6
2   857  55.0000  84.0000 0000000   0.0000  96.0000 14.92546055    00
SATNET-590-03338 [DTC]
1   858U 00000A   25274.57408802 .00000000  00000-0 0 000           7
2   858  55.0000  84.0000 0000000   0.0000 102.0000 14.92546055    09
SATNET-590-03339 [DTC]
1   859U 00000A   25274.57408802 .00000000  00000-0 0 000           8
2   859  55.0000  84.0000 0000000   0.0000 108.0000 14.92546055    06
SATNET-590-03340 [DTC]
1   860U 00000A   25274.57408802 .00000000  00000-0 0 000           0
2   860  55.0000  84.0000 0000000   0.0000 114.0000 14.92546055    05
SATNET-590-03341 [DTC]
1   861U 00000A   25274.57408802 .00000000  00000-0 0 000           1
2   861  55.0000  84.0000 0000000   0.0000 120.0000 14.92546055    03
SATNET-590-03342 [DTC]
1   862U 00000A   25274.57408802 .00000000  00000-0 0 000           2
2   862  55.0000  84.0000 0000000   0.0000 126.0000 14.92546055    00
SATNET-590-03343 [DTC]
1   863U 00000A   25274.57408802 .00000000  00000-0 0 000           3
2   863  55.0000  84.0000 0000000   0.0000 132.0000 14.92546055    08
SATNET-590-03344 [DTC]
1   864U 00000A   25274.57408802 .00000000  00000-0 0 000           4
2   864  55.0000  84.0000 0000000   0.0000 138.0000 14.92546055    05
SATNET-590-03345 [DTC]
1   865U 00000A   25274.57408802 .00000000  00000-0 0 000           5
2   865  55.0000  84.0000 0000000   0.0000 144.0000 14.92546055    03
SATNET-590-03346 [DTC]
1   866U 00000A   25274.57408802 .00000000  00000-0 0 000           6
2   866  55.0000  84.0000 0000000   0.0000 150.0000 14.92546055    01
SATNET-590-03347 [DTC]
1   867U 00000A   25274.57408802 .00000000  00000-0 0 000           7
2   867  55.0000  84.0000 0000000   0.0000 156.0000 14.92546055    08
SATNET-590-03348 [DTC]
1   868U 00000A   25274.57408802 .00000000  00000-0 0 000           8
2   868  55.0000  84.0000 0000000   0.0000 162.0000 14.92546055    06
SATNET-590-03349 [DTC]
1   869U 00000A   25274.57408802 .00000000  00000-0 0 000           9
2   869  55.0000  84.0000 0000000   0.0000 168.0000 14.92546055    03
SATNET-590-03350 [DTC]
1   870U 00000A   25274.57408802 .00000000  00000-0 0 000           1
2   870  55.0000  84.0000 0000000   0.0000 174.0000 14.92546055    02
SATNET-590-03351 [DTC]
1   871U 00000A   25274.57408802 .00000000  00000-0 0 000           2
2   871  55.0000  84.0000 0000000   0.0000 180.0000 14.92546055    00
SATNET-590-03352 [DTC]
1   872U 00000A   25274.57408802 .00000000  00000-0 0 000           3
2   872  55.0000  84.0000 0000000   0.0000 186.0000 14.92546055    07
SATNET-590-03353 [DTC]
1   873U 00000A   25274.57408802 .00000000  00000-0 0 000           4
2   873  55.0000  84.0000 0000000   0.0000 192.0000 14.92546055    05
SATNET-590-03354 [DTC]
1   874U 00000A   25274.57408802 .00000000  00000-0 0 000           5
2   874  55.0000  84.0000 0000000   0.0000 198.0000 14.92546055    02
SATNET-590-03355 [DTC]
1   875U 00000A   25274.57408802 .00000000  00000-0 0 000           6
2   875  55.0000  84.0000 0000000   0.0000 204.0000 14.92546055    01
SATNET-590-03356 [DTC]
1   876U 00000A   25274.57408802 .00000000  00000-0 0 000           7
2   876  55.0000  84.0000 0000000   0.0000 210.0000 14.92546055    09
SATNET-590-03357 [DTC]
1   877U 00000A   25274.57408802 .00000000  00000-0 0 000           8
2   877  55.0000  84.0000 0000000   0.0000 216.0000 14.92546055    06
SATNET-590-03358 [DTC]
1   878U 00000A   25274.57408802 .00000000  00000-0 0 000           9
2   878  55.0000  84.0000 0000000   0.0000 222.0000 14.92546055    04
SATNET-590-03359 [DTC]
1   879U 00000A   25274.57408802 .00000000  00000-0 0 000           0
2   879  55.0000  84.0000 0000000   0.0000 228.0000 14.92546055    01
SATNET-590-03360 [DTC]
1   880U 00000A   25274.57408802 .00000000  00000-0 0 000           2
2   880  55.0000  84.0000 0000000   0.0000 234.0000 14.92546055    00
SATNET-590-03361 [DTC]
1   881U 00000A   25274.57408802 .00000000  00000-0 0 000           3
2   881  55.0000  84.0000 0000000   0.0000 240.0000 14.92546055    08
SATNET-590-03362 [DTC]
1   882U 00000A   25274.57408802 .00000000  00000-0 0 000           4
2   882  55.0000  84.0000 0000000   0.0000 246.0000 14.92546055    05
SATNET-590-03363 [DTC]
1   883U 00000A   25274.57408802 .00000000  00000-0 0 000           5
2   883  55.0000  84.0000 0000000   0.0000 252.0000 14.92546055    03
SATNET-590-03364 [DTC]
1   884U 00000A   25274.57408802 .00000000  00000-0 0 000           6
2   884  55.0000  84.0000 0000000   0.0000 258.0000 14.92546055    00
SATNET-590-03365 [DTC]
1   885U 00000A   25274.57408802 .00000000  00000-0 0 000           7
2   885  55.0000  84.0000 0000000   0.0000 264.0000 14.92546055    08
SATNET-590-03366 [DTC]
1   886U 00000A   25274.57408802 .00000000  00000-0 0 000           8
2   886  55.0000  84.0000 0000000   0.0000 270.0000 14.92546055    06
SATNET-590-03367 [DTC]
1   887U 00000A   25274.57408802 .00000000  00000-0 0 000           9
2   887  55.0000  84.0000 0000000   0.0000 276.0000 14.92546055    03
SATNET-590-03368 [DTC]
1   888U 00000A   25274.57408802 .00000000  00000-0 0 000           0
2   888  55.0000  84.0000 0000000   0.0000 282.0000 14.92546055    01
SATNET-590-03369 [DTC]
1   889U 00000A   25274.57408802 .00000000  00000-0 0 000           1
2   889  55.0000  84.0000 0000000   0.0000 288.0000 14.92546055    08
SATNET-590-03370 [DTC]
1   890U 00000A   25274.57408802 .00000000  00000-0 0 000           3
2   890  55.0000  84.0000 0000000   0.0000 294.0000 14.92546055    07
SATNET-590-03371 [DTC]
1   891U 00000A   25274.57408802 .00000000  00000-0 0 000           4
2   891  55.0000  84.0000 0000000   0.0000 300.0000 14.92546055    06
SATNET-590-03372 [DTC]
1   892U 00000A   25274.57408802 .00000000  00000-0 0 000           5
2   892  55.0000  84.0000 0000000   0.0000 306.0000 14.92546055    03
SATNET-590-03373 [DTC]
1   893U 00000A   25274.57408802 .00000000  00000-0 0 000           6
2   893  55.0000  84.0000 0000000   0.0000 312.0000 14.92546055    01
SATNET-590-03374 [DTC]
1   894U 00000A   25274.57408802 .00000000  00000-0 0 000           7
2   894  55.0000  84.0000 0000000   0.0000 318.0000 14.92546055    08
SATNET-590-03375 [DTC]
1   895U 00000A   25274.57408802 .00000000  00000-0 0 000           8
2   895  55.0000  84.0000 0000000   0.0000 324.0000 14.92546055    06
SATNET-590-03376 [DTC]
1   896U 00000A   25274.57408802 .00000000  00000-0 0 000           9
2   896  55.0000  84.0000 0000000   0.0000 330.0000 14.92546055    04
SATNET-590-03377 [DTC]
1   897U 00000A   25274.57408802 .00000000  00000-0 0 000           0
2   897  55.0000  84.0000 0000000   0.0000 336.0000 14.92546055    01
SATNET-590-03378 [DTC]
1   898U 00000A   25274.57408802 .00000000  00000-0 0 000           1
2   898  55.0000  84.0000 0000000   0.0000 342.0000 14.92546055    09
SATNET-590-03379 [DTC]
1   899U 00000A   25274.57408802 .00000000  00000-0 0 000           2
2   899  55.0000  84.0000 0000000   0.0000 348.0000 14.92546055    06
SATNET-590-03380 [DTC]
1   900U 00000A   25274.57408802 .00000000  00000-0 0 000           5
2   900  55.0000  84.0000 0000000   0.0000 354.0000 14.92546055    06
SATNET-590-03381 [DTC]
1   901U 00000A   25274.57408802 .00000000  00000-0 0 000           6
2   901  55.0000  90.0000 0000000   0.0000   0.0000 14.92546055    02
SATNET-590-03382 [DTC]
1   902U 00000A   25274.57408802 .00000000  00000-0 0 000           7
2   902  55.0000  90.0000 0000000   0.0000   6.0000 14.92546055    09
SATNET-590-03383 [DTC]
1   903U 00000A   25274.57408802 .00000000  00000-0 0 000           8
2   903  55.0000  90.0000 0000000   0.0000  12.0000 14.92546055    07
SATNET-590-03384 [DTC]
1   904U 00000A   25274.57408802 .00000000  00000-0 0 000           9
2   904  55.0000  90.0000 0000000   0.0000  18.0000 14.92546055    04
SATNET-590-03385 [DTC]
1   905U 00000A   25274.57408802 .00000000  00000-0 0 000           0
2   905  55.0000  90.0000 0000000   0.0000  24.0000 14.92546055    02
SATNET-590-03386 [DTC]
1   906U 00000A   25274.57408802 .00000000  00000-0 0 000           1
2   906  55.0000  90.0000 0000000   0.0000  30.0000 14.92546055    00
SATNET-590-03387 [DTC]
1   907U 00000A   25274.57408802 .00000000  00000-0 0 000           2
2   907  55.0000  90.0000 0000000   0.0000  36.0000 14.92546055    07
SATNET-590-03388 [DTC]
1   908U 00000A   25274.57408802 .00000000  00000-0 0 000           3
2   908  55.0000  90.0000 0000000   0.0000  42.0000 14.92546055    05
SATNET-590-03389 [DTC]
1   909U 00000A   25274.57408802 .00000000  00000-0 0 000           4
2   909  55.0000  90.0000 0000000   0.0000  48.0000 14.92546055    02
SATNET-590-03390 [DTC]
1   910U 00000A   25274.57408802 .00000000  00000-0 0 000           6
2   910  55.0000  90.0000 0000000   0.0000  54.0000 14.92546055    01
SATNET-590-03391 [DTC]
1   911U 00000A   25274.57408802 .00000000  00000-0 0 000           7
2   911  55.0000  90.0000 0000000   0.0000  60.0000 14.92546055    09
SATNET-590-03392 [DTC]
1   912U 00000A   25274.57408802 .00000000  00000-0 0 000           8
2   912  55.0000  90.0000 0000000   0.0000  66.0000 14.92546055    06
SATNET-590-03393 [DTC]
1   913U 00000A   25274.57408802 .00000000  00000-0 0 000           9
2   913  55.0000  90.0000 0000000   0.0000  72.0000 14.92546055    04
SATNET-590-03394 [DTC]
1   914U 00000A   25274.57408802 .00000000  00000-0 0 000           0
2   914  55.0000  90.0000 0000000   0.0000  78.0000 14.92546055    01
SATNET-590-03395 [DTC]
1   915U 00000A   25274.57408802 .00000000  00000-0 0 000           1
2   915  55.0000  90.0000 0000000   0.0000  84.0000 14.92546055    09
SATNET-590-03396 [DTC]
1   916U 00000A   25274.57408802 .00000000  00000-0 0 000           2
2   916  55.0000  90.0000 0000000   0.0000  90.0000 14.92546055    07
SATNET-590-03397 [DTC]
1   917U 00000A   25274.57408802 .00000000  00000-0 0 000           3
2   917  55.0000  90.0000 0000000   0.0000  96.0000 14.92546055    04
SATNET-590-03398 [DTC]
1   918U 00000A   25274.57408802 .00000000  00000-0 0 000           4
2   918  55.0000  90.0000 0000000   0.0000 102.0000 14.92546055    03
SATNET-590-03399 [DTC]
1   919U 00000A   25274.57408802 .00000000  00000-0 0 000           5
2   919  55.0000  90.0000 0000000   0.0000 108.0000 14.92546055    00
SATNET-590-03400 [DTC]
1   920U 00000A   25274.57408802 .00000000  00000-0 0 000           7
2   920  55.0000  90.0000 0000000   0.0000 114.0000 14.92546055    09
SATNET-590-03401 [DTC]
1   921U 00000A   25274.57408802 .00000000  00000-0 0 000           8
2   921  55.0000  90.0000 0000000   0.0000 120.0000 14.92546055    07
SATNET-590-03402 [DTC]
1   922U 00000A   25274.57408802 .00000000  00000-0 0 000           9
2   922  55.0000  90.0000 0000000   0.0000 126.0000 14.92546055    04
SATNET-590-03403 [DTC]
1   923U 00000A   25274.57408802 .00000000  00000-0 0 000           0
2   923  55.0000  90.0000 0000000   0.0000 132.0000 14.92546055    02
SATNET-590-03404 [DTC]
1   924U 00000A   25274.57408802 .00000000  00000-0 0 000           1
2   924  55.0000  90.0000 0000000   0.0000 138.0000 14.92546055    09
SATNET-590-03405 [DTC]
1   925U 00000A   25274.57408802 .00000000  00000-0 0 000           2
2   925  55.0000  90.0000 0000000   0.0000 144.0000 14.92546055    07
SATNET-590-03406 [DTC]
1   926U 00000A   25274.57408802 .00000000  00000-0 0 000           3
2   926  55.0000  90.0000 0000000   0.0000 150.0000 14.92546055    05
SATNET-590-03407 [DTC]
1   927U 00000A   25274.57408802 .00000000  00000-0 0 000           4
2   927  55.0000  90.0000 0000000   0.0000 156.0000 14.92546055    02
SATNET-590-03408 [DTC]
1   928U 00000A   25274.57408802 .00000000  00000-0 0 000           5
2   928  55.0000  90.0000 0000000   0.0000 162.0000 14.92546055    00
SATNET-590-03409 [DTC]
1   929U 00000A   25274.57408802 .00000000  00000-0 0 000           6
2   929  55.0000  90.0000 0000000   0.0000 168.0000 14.92546055    07
SATNET-590-03410 [DTC]
1   930U 00000A   25274.57408802 .00000000  00000-0 0 000           8
2   930  55.0000  90.0000 0000000   0.0000 174.0000 14.92546055    06
SATNET-590-03411 [DTC]
1   931U 00000A   25274.57408802 .00000000  00000-0 0 000           9
2   931  55.0000  90.0000 0000000   0.0000 180.0000 14.92546055    04
SATNET-590-03412 [DTC]
1   932U 00000A   25274.57408802 .00000000  00000-0 0 000           0
2   932  55.0000  90.0000 0000000   0.0000 186.0000 14.92546055    01
SATNET-590-03413 [DTC]
1   933U 00000A   25274.57408802 .00000000  00000-0 0 000           1
2   933  55.0000  90.0000 0000000   0.0000 192.0000 14.92546055    09
SATNET-590-03414 [DTC]
1   934U 00000A   25274.57408802 .00000000  00000-0 0 000           2
2   934  55.0000  90.0000 0000000   0.0000 198.0000 14.92546055    06
SATNET-590-03415 [DTC]
1   935U 00000A   25274.57408802 .00000000  00000-0 0 000           3
2   935  55.0000  90.0000 0000000   0.0000 204.0000 14.92546055    05
SATNET-590-03416 [DTC]
1   936U 00000A   25274.57408802 .00000000  00000-0 0 000           4
2   936  55.0000  90.0000 0000000   0.0000 210.0000 14.92546055    03
SATNET-590-03417 [DTC]
1   937U 00000A   25274.57408802 .00000000  00000-0 0 000           5
2   937  55.0000  90.0000 0000000   0.0000 216.0000 14.92546055    00
SATNET-590-03418 [DTC]
1   938U 00000A   25274.57408802 .00000000  00000-0 0 000           6
2   938  55.0000  90.0000 0000000   0.0000 222.0000 14.92546055    08
SATNET-590-03419 [DTC]
1   939U 00000A   25274.57408802 .00000000  00000-0 0 000           7
2   939  55.0000  90.0000 0000000   0.0000 228.0000 14.92546055    05
SATNET-590-03420 [DTC]
1   940U 00000A   25274.57408802 .00000000  00000-0 0 000           9
2   940  55.0000  90.0000 0000000   0.0000 234.0000 14.92546055    04
SATNET-590-03421 [DTC]
1   941U 00000A   25274.57408802 .00000000  00000-0 0 000           0
2   941  55.0000  90.0000 0000000   0.0000 240.0000 14.92546055    02
SATNET-590-03422 [DTC]
1   942U 00000A   25274.57408802 .00000000  00000-0 0 000           1
2   942  55.0000  90.0000 0000000   0.0000 246.0000 14.92546055    09
SATNET-590-03423 [DTC]
1   943U 00000A   25274.57408802 .00000000  00000-0 0 000           2
2   943  55.0000  90.0000 0000000   0.0000 252.0000 14.92546055    07
SATNET-590-03424 [DTC]
1   944U 00000A   25274.57408802 .00000000  00000-0 0 000           3
2   944  55.0000  90.0000 0000000   0.0000 258.0000 14.92546055    04
SATNET-590-03425 [DTC]
1   945U 00000A   25274.57408802 .00000000  00000-0 0 000           4
2   945  55.0000  90.0000 0000000   0.0000 264.0000 14.92546055    02
SATNET-590-03426 [DTC]
1   946U 00000A   25274.57408802 .00000000  00000-0 0 000           5
2   946  55.0000  90.0000 0000000   0.0000 270.0000 14.92546055    00
SATNET-590-03427 [DTC]
1   947U 00000A   25274.57408802 .00000000  00000-0 0 000           6
2   947  55.0000  90.0000 0000000   0.0000 276.0000 14.92546055    07
SATNET-590-03428 [DTC]
1   948U 00000A   25274.57408802 .00000000  00000-0 0 000           7
2   948  55.0000  90.0000 0000000   0.0000 282.0000 14.92546055    05
SATNET-590-03429 [DTC]
1   949U 00000A   25274.57408802 .00000000  00000-0 0 000           8
2   949  55.0000  90.0000 0000000   0.0000 288.0000 14.92546055    02
SATNET-590-03430 [DTC]
1   950U 00000A   25274.57408802 .00000000  00000-0 0 000           0
2   950  55.0000  90.0000 0000000   0.0000 294.0000 14.92546055    01
SATNET-590-03431 [DTC]
1   951U 00000A   25274.57408802 .00000000  00000-0 0 000           1
2   951  55.0000  90.0000 0000000   0.0000 300.0000 14.92546055    00
SATNET-590-03432 [DTC]
1   952U 00000A   25274.57408802 .00000000  00000-0 0 000           2
2   952  55.0000  90.0000 0000000   0.0000 306.0000 14.92546055    07
SATNET-590-03433 [DTC]
1   953U 00000A   25274.57408802 .00000000  00000-0 0 000           3
2   953  55.0000  90.0000 0000000   0.0000 312.0000 14.92546055    05
SATNET-590-03434 [DTC]
1   954U 00000A   25274.57408802 .00000000  00000-0 0 000           4
2   954  55.0000  90.0000 0000000   0.0000 318.0000 14.92546055    02
SATNET-590-03435 [DTC]
1   955U 00000A   25274.57408802 .00000000  00000-0 0 000           5
2   955  55.0000  90.0000 0000000   0.0000 324.0000 14.92546055    00
SATNET-590-03436 [DTC]
1   956U 00000A   25274.57408802 .00000000  00000-0 0 000           6
2   956  55.0000  90.0000 0000000   0.0000 330.0000 14.92546055    08
SATNET-590-03437 [DTC]
1   957U 00000A   25274.57408802 .00000000  00000-0 0 000           7
2   957  55.0000  90.0000 0000000   0.0000 336.0000 14.92546055    05
SATNET-590-03438 [DTC]
1   958U 00000A   25274.57408802 .00000000  00000-0 0 000           8
2   958  55.0000  90.0000 0000000   0.0000 342.0000 14.92546055    03
SATNET-590-03439 [DTC]
1   959U 00000A   25274.57408802 .00000000  00000-0 0 000           9
2   959  55.0000  90.0000 0000000   0.0000 348.0000 14.92546055    00
SATNET-590-03440 [DTC]
1   960U 00000A   25274.57408802 .00000000  00000-0 0 000           1
2   960  55.0000  90.0000 0000000   0.0000 354.0000 14.92546055    09
SATNET-590-03441 [DTC]
1   961U 00000A   25274.57408802 .00000000  00000-0 0 000           2
2   961  55.0000  96.0000 0000000   0.0000   0.0000 14.92546055    04
SATNET-590-03442 [DTC]
1   962U 00000A   25274.57408802 .00000000  00000-0 0 000           3
2   962  55.0000  96.0000 0000000   0.0000   6.0000 14.92546055    01
SATNET-590-03443 [DTC]
1   963U 00000A   25274.57408802 .00000000  00000-0 0 000           4
2   963  55.0000  96.0000 0000000   0.0000  12.0000 14.92546055    09
SATNET-590-03444 [DTC]
1   964U 00000A   25274.57408802 .00000000  00000-0 0 000           5
2   964  55.0000  96.0000 0000000   0.0000  18.0000 14.92546055    06
SATNET-590-03445 [DTC]
1   965U 00000A   25274.57408802 .00000000  00000-0 0 000           6
2   965  55.0000  96.0000 0000000   0.0000  24.0000 14.92546055    04
SATNET-590-03446 [DTC]
1   966U 00000A   25274.57408802 .00000000  00000-0 0 000           7
2   966  55.0000  96.0000 0000000   0.0000  30.0000 14.92546055    02
SATNET-590-03447 [DTC]
1   967U 00000A   25274.57408802 .00000000  00000-0 0 000           8
2   967  55.0000  96.0000 0000000   0.0000  36.0000 14.92546055    09
SATNET-590-03448 [DTC]
1   968U 00000A   25274.57408802 .00000000  00000-0 0 000           9
2   968  55.0000  96.0000 0000000   0.0000  42.0000 14.92546055    07
SATNET-590-03449 [DTC]
1   969U 00000A   25274.57408802 .00000000  00000-0 0 000           0
2   969  55.0000  96.0000 0000000   0.0000  48.0000 14.92546055    04
SATNET-590-03450 [DTC]
1   970U 00000A   25274.57408802 .00000000  00000-0 0 000           2
2   970  55.0000  96.0000 0000000   0.0000  54.0000 14.92546055    03
SATNET-590-03451 [DTC]
1   971U 00000A   25274.57408802 .00000000  00000-0 0 000           3
2   971  55.0000  96.0000 0000000   0.0000  60.0000 14.92546055    01
SATNET-590-03452 [DTC]
1   972U 00000A   25274.57408802 .00000000  00000-0 0 000           4
2   972  55.0000  96.0000 0000000   0.0000  66.0000 14.92546055    08
SATNET-590-03453 [DTC]
1   973U 00000A   25274.57408802 .00000000  00000-0 0 000           5
2   973  55.0000  96.0000 0000000   0.0000  72.0000 14.92546055    06
SATNET-590-03454 [DTC]
1   974U 00000A   25274.57408802 .00000000  00000-0 0 000           6
2   974  55.0000  96.0000 0000000   0.0000  78.0000 14.92546055    03
SATNET-590-03455 [DTC]
1   975U 00000A   25274.57408802 .00000000  00000-0 0 000           7
2   975  55.0000  96.0000 0000000   0.0000  84.0000 14.92546055    01
SATNET-590-03456 [DTC]
1   976U 00000A   25274.57408802 .00000000  00000-0 0 000           8
2   976  55.0000  96.0000 0000000   0.0000  90.0000 14.92546055    09
SATNET-590-03457 [DTC]
1   977U 00000A   25274.57408802 .00000000  00000-0 0 000           9
2   977  55.0000  96.0000 0000000   0.0000  96.0000 14.92546055    06
SATNET-590-03458 [DTC]
1   978U 00000A   25274.57408802 .00000000  00000-0 0 000           0
2   978  55.0000  96.0000 0000000   0.0000 102.0000 14.92546055    05
SATNET-590-03459 [DTC]
1   979U 00000A   25274.57408802 .00000000  00000-0 0 000           1
2   979  55.0000  96.0000 0000000   0.0000 108.0000 14.92546055    02
SATNET-590-03460 [DTC]
1   980U 00000A   25274.57408802 .00000000  00000-0 0 000           3
2   980  55.0000  96.0000 0000000   0.0000 114.0000 14.92546055    01
SATNET-590-03461 [DTC]
1   981U 00000A   25274.57408802 .00000000  00000-0 0 000           4
2   981  55.0000  96.0000 0000000   0.0000 120.0000 14.92546055    09
SATNET-590-03462 [DTC]
1   982U 00000A   25274.57408802 .00000000  00000-0 0 000           5
2   982  55.0000  96.0000 0000000   0.0000 126.0000 14.92546055    06
SATNET-590-03463 [DTC]
1   983U 00000A   25274.57408802 .00000000  00000-0 0 000           6
2   983  55.0000  96.0000 0000000   0.0000 132.0000 14.92546055    04
SATNET-590-03464 [DTC]
1   984U 00000A   25274.57408802 .00000000  00000-0 0 000           7
2   984  55.0000  96.0000 0000000   0.0000 138.0000 14.92546055    01
SATNET-590-03465 [DTC]
1   985U 00000A   25274.57408802 .00000000  00000-0 0 000           8
2   985  55.0000  96.0000 0000000   0.0000 144.0000 14.92546055    09
SATNET-590-03466 [DTC]
1   986U 00000A   25274.57408802 .00000000  00000-0 0 000           9
2   986  55.0000  96.0000 0000000   0.0000 150.0000 14.92546055    07
SATNET-590-03467 [DTC]
1   987U 00000A   25274.57408802 .00000000  00000-0 0 000           0
2   987  55.0000  96.0000 0000000   0.0000 156.0000 14.92546055    04
SATNET-590-03468 [DTC]
1   988U 00000A   25274.57408802 .00000000  00000-0 0 000           1
2   988  55.0000  96.0000 0000000   0.0000 162.0000 14.92546055    02
SATNET-590-03469 [DTC]
1   989U 00000A   25274.57408802 .00000000  00000-0 0 000           2
2   989  55.0000  96.0000 0000000   0.0000 168.0000 14.92546055    09
SATNET-590-03470 [DTC]
1   990U 00000A   25274.57408802 .00000000  00000-0 0 000           4
2   990  55.0000  96.0000 0000000   0.0000 174.0000 14.92546055    08
SATNET-590-03471 [DTC]
1   991U 00000A   25274.57408802 .00000000  00000-0 0 000           5
2   991  55.0000  96.0000 0000000   0.0000 180.0000 14.92546055    06
SATNET-590-03472 [DTC]
1   992U 00000A   25274.57408802 .00000000  00000-0 0 000           6
2   992  55.0000  96.0000 0000000   0.0000 186.0000 14.92546055    03
SATNET-590-03473 [DTC]
1   993U 00000A   25274.57408802 .00000000  00000-0 0 000           7
2   993  55.0000  96.0000 0000000   0.0000 192.0000 14.92546055    01
SATNET-590-03474 [DTC]
1   994U 00000A   25274.57408802 .00000000  00000-0 0 000           8
2   994  55.0000  96.0000 0000000   0.0000 198.0000 14.92546055    08
SATNET-590-03475 [DTC]
1   995U 00000A   25274.57408802 .00000000  00000-0 0 000           9
2   995  55.0000  96.0000 0000000   0.0000 204.0000 14.92546055    07
SATNET-590-03476 [DTC]
1   996U 00000A   25274.57408802 .00000000  00000-0 0 000           0
2   996  55.0000  96.0000 0000000   0.0000 210.0000 14.92546055    05
SATNET-590-03477 [DTC]
1   997U 00000A   25274.57408802 .00000000  00000-0 0 000           1
2   997  55.0000  96.0000 0000000   0.0000 216.0000 14.92546055    02
SATNET-590-03478 [DTC]
1   998U 00000A   25274.57408802 .00000000  00000-0 0 000           2
2   998  55.0000  96.0000 0000000   0.0000 222.0000 14.92546055    00
SATNET-590-03479 [DTC]
1   999U 00000A   25274.57408802 .00000000  00000-0 0 000           3
2   999  55.0000  96.0000 0000000   0.0000 228.0000 14.92546055    07
SATNET-590-03480 [DTC]
1  1000U 00000A   25274.57408802 .00000000  00000-0 0 000           7
2  1000  55.0000  96.0000 0000000   0.0000 234.0000 14.92546055    08
SATNET-590-03481 [DTC]
1  1001U 00000A   25274.57408802 .00000000  00000-0 0 000           8
2  1001  55.0000  96.0000 0000000   0.0000 240.0000 14.92546055    06
SATNET-590-03482 [DTC]
1  1002U 00000A   25274.57408802 .00000000  00000-0 0 000           9
2  1002  55.0000  96.0000 0000000   0.0000 246.0000 14.92546055    03
SATNET-590-03483 [DTC]
1  1003U 00000A   25274.57408802 .00000000  00000-0 0 000           0
2  1003  55.0000  96.0000 0000000   0.0000 252.0000 14.92546055    01
SATNET-590-03484 [DTC]
1  1004U 00000A   25274.57408802 .00000000  00000-0 0 000           1
2  1004  55.0000  96.0000 0000000   0.0000 258.0000 14.92546055    08
SATNET-590-03485 [DTC]
1  1005U 00000A   25274.57408802 .00000000  00000-0 0 000           2
2  1005  55.0000  96.0000 0000000   0.0000 264.0000 14.92546055    06
SATNET-590-03486 [DTC]
1  1006U 00000A   25274.57408802 .00000000  00000-0 0 000           3
2  1006  55.0000  96.0000 0000000   0.0000 270.0000 14.92546055    04
SATNET-590-03487 [DTC]
1  1007U 00000A   25274.57408802 .00000000  00000-0 0 000           4
2  1007  55.0000  96.0000 0000000   0.0000 276.0000 14.92546055    01
SATNET-590-03488 [DTC]
1  1008U 00000A   25274.57408802 .00000000  00000-0 0 000           5
2  1008  55.0000  96.0000 0000000   0.0000 282.0000 14.92546055    09
SATNET-590-03489 [DTC]
1  1009U 00000A   25274.57408802 .00000000  00000-0 0 000           6
2  1009  55.0000  96.0000 0000000   0.0000 288.0000 14.92546055    06
SATNET-590-03490 [DTC]
1  1010U 00000A   25274.57408802 .00000000  00000-0 0 000           8
2  1010  55.0000  96.0000 0000000   0.0000 294.0000 14.92546055    05
SATNET-590-03491 [DTC]
1  1011U 00000A   25274.57408802 .00000000  00000-0 0 000           9
2  1011  55.0000  96.0000 0000000   0.0000 300.0000 14.92546055    04
SATNET-590-03492 [DTC]
1  1012U 00000A   25274.57408802 .00000000  00000-0 0 000           0
2  1012  55.0000  96.0000 0000000   0.0000 306.0000 14.92546055    01
SATNET-590-03493 [DTC]
1  1013U 00000A   25274.57408802 .00000000  00000-0 0 000           1
2  1013  55.0000  96.0000 0000000   0.0000 312.0000 14.92546055    09
SATNET-590-03494 [DTC]
1  1014U 00000A   25274.57408802 .00000000  00000-0 0 000           2
2  1014  55.0000  96.0000 0000000   0.0000 318.0000 14.92546055    06
SATNET-590-03495 [DTC]
1  1015U 00000A   25274.57408802 .00000000  00000-0 0 000           3
2  1015  55.0000  96.0000 0000000   0.0000 324.0000 14.92546055    04
SATNET-590-03496 [DTC]
1  1016U 00000A   25274.57408802 .00000000  00000-0 0 000           4
2  1016  55.0000  96.0000 0000000   0.0000 330.0000 14.92546055    02
SATNET-590-03497 [DTC]
1  1017U 00000A   25274.57408802 .00000000  00000-0 0 000           5
2  1017  55.0000  96.0000 0000000   0.0000 336.0000 14.92546055    09
SATNET-590-03498 [DTC]
1  1018U 00000A   25274.57408802 .00000000  00000-0 0 000           6
2  1018  55.0000  96.0000 0000000   0.0000 342.0000 14.92546055    07
SATNET-590-03499 [DTC]
1  1019U 00000A   25274.57408802 .00000000  00000-0 0 000           7
2  1019  55.0000  96.0000 0000000   0.0000 348.0000 14.92546055    04
SATNET-590-03500 [DTC]
1  1020U 00000A   25274.57408802 .00000000  00000-0 0 000           9
2  1020  55.0000  96.0000 0000000   0.0000 354.0000 14.92546055    03
SATNET-590-03501 [DTC]
1  1021U 00000A   25274.57408802 .00000000  00000-0 0 000           0
2  1021  55.0000 102.0000 0000000   0.0000   0.0000 14.92546055    00
SATNET-590-03502 [DTC]
1  1022U 00000A   25274.57408802 .00000000  00000-0 0 000           1
2  1022  55.0000 102.0000 0000000   0.0000   6.0000 14.92546055    07
SATNET-590-03503 [DTC]
1  1023U 00000A   25274.57408802 .00000000  00000-0 0 000           2
2  1023  55.0000 102.0000 0000000   0.0000  12.0000 14.92546055    05
SATNET-590-03504 [DTC]
1  1024U 00000A   25274.57408802 .00000000  00000-0 0 000           3
2  1024  55.0000 102.0000 0000000   0.0000  18.0000 14.92546055    02
SATNET-590-03505 [DTC]
1  1025U 00000A   25274.57408802 .00000000  00000-0 0 000           4
2  1025  55.0000 102.0000 0000000   0.0000  24.0000 14.92546055    00
SATNET-590-03506 [DTC]
1  1026U 00000A   25274.57408802 .00000000  00000-0 0 000           5
2  1026  55.0000 102.0000 0000000   0.0000  30.0000 14.92546055    08
SATNET-590-03507 [DTC]
1  1027U 00000A   25274.57408802 .00000000  00000-0 0 000           6
2  1027  55.0000 102.0000 0000000   0.0000  36.0000 14.92546055    05
SATNET-590-03508 [DTC]
1  1028U 00000A   25274.57408802 .00000000  00000-0 0 000           7
2  1028  55.0000 102.0000 0000000   0.0000  42.0000 14.92546055    03
SATNET-590-03509 [DTC]
1  1029U 00000A   25274.57408802 .00000000  00000-0 0 000           8
2  1029  55.0000 102.0000 0000000   0.0000  48.0000 14.92546055    00
SATNET-590-03510 [DTC]
1  1030U 00000A   25274.57408802 .00000000  00000-0 0 000           0
2  1030  55.0000 102.0000 0000000   0.0000  54.0000 14.92546055    09
SATNET-590-03511 [DTC]
1  1031U 00000A   25274.57408802 .00000000  00000-0 0 000           1
2  1031  55.0000 102.0000 0000000   0.0000  60.0000 14.92546055    07
SATNET-590-03512 [DTC]
1  1032U 00000A   25274.57408802 .00000000  00000-0 0 000           2
2  1032  55.0000 102.0000 0000000   0.0000  66.0000 14.92546055    04
SATNET-590-03513 [DTC]
1  1033U 00000A   25274.57408802 .00000000  00000-0 0 000           3
2  1033  55.0000 102.0000 0000000   0.0000  72.0000 14.92546055    02
SATNET-590-03514 [DTC]
1  1034U 00000A   25274.57408802 .00000000  00000-0 0 000           4
2  1034  55.0000 102.0000 0000000   0.0000  78.0000 14.92546055    09
SATNET-590-03515 [DTC]
1  1035U 00000A   25274.57408802 .00000000  00000-0 0 000           5
2  1035  55.0000 102.0000 0000000   0.0000  84.0000 14.92546055    07
SATNET-590-03516 [DTC]
1  1036U 00000A   25274.57408802 .00000000  00000-0 0 000           6
2  1036  55.0000 102.0000 0000000   0.0000  90.0000 14.92546055    05
SATNET-590-03517 [DTC]
1  1037U 00000A   25274.57408802 .00000000  00000-0 0 000           7
2  1037  55.0000 102.0000 0000000   0.0000  96.0000 14.92546055    02
SATNET-590-03518 [DTC]
1  1038U 00000A   25274.57408802 .00000000  00000-0 0 000           8
2  1038  55.0000 102.0000 0000000   0.0000 102.0000 14.92546055    01
SATNET-590-03519 [DTC]
1  1039U 00000A   25274.57408802 .00000000  00000-0 0 000           9
2  1039  55.0000 102.0000 0000000   0.0000 108.0000 14.92546055    08
SATNET-590-03520 [DTC]
1  1040U 00000A   25274.57408802 .00000000  00000-0 0 000           1
2  1040  55.0000 102.0000 0000000   0.0000 114.0000 14.92546055    07
SATNET-590-03521 [DTC]
1  1041U 00000A   25274.57408802 .00000000  00000-0 0 000           2
2  1041  55.0000 102.0000 0000000   0.0000 120.0000 14.92546055    05
SATNET-590-03522 [DTC]
1  1042U 00000A   25274.57408802 .00000000  00000-0 0 000           3
2  1042  55.0000 102.0000 0000000   0.0000 126.0000 14.92546055    02
SATNET-590-03523 [DTC]
1  1043U 00000A   25274.57408802 .00000000  00000-0 0 000           4
2  1043  55.0000 102.0000 0000000   0.0000 132.0000 14.92546055    00
SATNET-590-03524 [DTC]
1  1044U 00000A   25274.57408802 .00000000  00000-0 0 000           5
2  1044  55.0000 102.0000 0000000   0.0000 138.0000 14.92546055    07
SATNET-590-03525 [DTC]
1  1045U 00000A   25274.57408802 .00000000  00000-0 0 000           6
2  1045  55.0000 102.0000 0000000   0.0000 144.0000 14.92546055    05
SATNET-590-03526 [DTC]
1  1046U 00000A   25274.57408802 .00000000  00000-0 0 000           7
2  1046  55.0000 102.0000 0000000   0.0000 150.0000 14.92546055    03
SATNET-590-03527 [DTC]
1  1047U 00000A   25274.57408802 .00000000  00000-0 0 000           8
2  1047  55.0000 102.0000 0000000   0.0000 156.0000 14.92546055    00
SATNET-590-03528 [DTC]
1  1048U 00000A   25274.57408802 .00000000  00000-0 0 000           9
2  1048  55.0000 102.0000 0000000   0.0000 162.0000 14.92546055    08
SATNET-590-03529 [DTC]
1  1049U 00000A   25274.57408802 .00000000  00000-0 0 000           0
2  1049  55.0000 102.0000 0000000   0.0000 168.0000 14.92546055    05
SATNET-590-03530 [DTC]
1  1050U 00000A   25274.57408802 .00000000  00000-0 0 000           2
2  1050  55.0000 102.0000 0000000   0.0000 174.0000 14.92546055    04
SATNET-590-03531 [DTC]
1  1051U 00000A   25274.57408802 .00000000  00000-0 0 000           3
2  1051  55.0000 102.0000 0000000   0.0000 180.0000 14.92546055    02
SATNET-590-03532 [DTC]
1  1052U 00000A   25274.57408802 .00000000  00000-0 0 000           4
2  1052  55.0000 102.0000 0000000   0.0000 186.0000 14.92546055    09
SATNET-590-03533 [DTC]
1  1053U 00000A   25274.57408802 .00000000  00000-0 0 000           5
2  1053  55.0000 102.0000 0000000   0.0000 192.0000 14.92546055    07
SATNET-590-03534 [DTC]
1  1054U 00000A   25274.57408802 .00000000  00000-0 0 000           6
2  1054  55.0000 102.0000 0000000   0.0000 198.0000 14.92546055    04
SATNET-590-03535 [DTC]
1  1055U 00000A   25274.57408802 .00000000  00000-0 0 000           7
2  1055  55.0000 102.0000 0000000   0.0000 204.0000 14.92546055    03
SATNET-590-03536 [DTC]
1  1056U 00000A   25274.57408802 .00000000  00000-0 0 000           8
2  1056  55.0000 102.0000 0000000   0.0000 210.0000 14.92546055    01
SATNET-590-03537 [DTC]
1  1057U 00000A   25274.57408802 .00000000  00000-0 0 000           9
2  1057  55.0000 102.0000 0000000   0.0000 216.0000 14.92546055    08
SATNET-590-03538 [DTC]
1  1058U 00000A   25274.57408802 .00000000  00000-0 0 000           0
2  1058  55.0000 102.0000 0000000   0.0000 222.0000 14.92546055    06
SATNET-590-03539 [DTC]
1  1059U 00000A   25274.57408802 .00000000  00000-0 0 000           1
2  1059  55.0000 102.0000 0000000   0.0000 228.0000 14.92546055    03
SATNET-590-03540 [DTC]
1  1060U 00000A   25274.57408802 .00000000  00000-0 0 000           3
2  1060  55.0000 102.0000 0000000   0.0000 234.0000 14.92546055    02
SATNET-590-03541 [DTC]
1  1061U 00000A   25274.57408802 .00000000  00000-0 0 000           4
2  1061  55.0000 102.0000 0000000   0.0000 240.0000 14.92546055    00
SATNET-590-03542 [DTC]
1  1062U 00000A   25274.57408802 .00000000  00000-0 0 000           5
2  1062  55.0000 102.0000 0000000   0.0000 246.0000 14.92546055    07
SATNET-590-03543 [DTC]
1  1063U 00000A   25274.57408802 .00000000  00000-0 0 000           6
2  1063  55.0000 102.0000 0000000   0.0000 252.0000 14.92546055    05
SATNET-590-03544 [DTC]
1  1064U 00000A   25274.57408802 .00000000  00000-0 0 000           7
2  1064  55.0000 102.0000 0000000   0.0000 258.0000 14.92546055    02
SATNET-590-03545 [DTC]
1  1065U 00000A   25274.57408802 .00000000  00000-0 0 000           8
2  1065  55.0000 102.0000 0000000   0.0000 264.0000 14.92546055    00
SATNET-590-03546 [DTC]
1  1066U 00000A   25274.57408802 .00000000  00000-0 0 000           9
2  1066  55.0000 102.0000 0000000   0.0000 270.0000 14.92546055    08
SATNET-590-03547 [DTC]
1  1067U 00000A   25274.57408802 .00000000  00000-0 0 000           0
2  1067  55.0000 102.0000 0000000   0.0000 276.0000 14.92546055    05
SATNET-590-03548 [DTC]
1  1068U 00000A   25274.57408802 .00000000  00000-0 0 000           1
2  1068  55.0000 102.0000 0000000   0.0000 282.0000 14.92546055    03
SATNET-590-03549 [DTC]
1  1069U 00000A   25274.57408802 .00000000  00000-0 0 000           2
2  1069  55.0000 102.0000 0000000   0.0000 288.0000 14.92546055    00
SATNET-590-03550 [DTC]
1  1070U 00000A   25274.57408802 .00000000  00000-0 0 000           4
2  1070  55.0000 102.0000 0000000   0.0000 294.0000 14.92546055    09
SATNET-590-03551 [DTC]
1  1071U 00000A   25274.57408802 .00000000  00000-0 0 000           5
2  1071  55.0000 102.0000 0000000   0.0000 300.0000 14.92546055    08
SATNET-590-03552 [DTC]
1  1072U 00000A   25274.57408802 .00000000  00000-0 0 000           6
2  1072  55.0000 102.0000 0000000   0.0000 306.0000 14.92546055    05
SATNET-590-03553 [DTC]
1  1073U 00000A   25274.57408802 .00000000  00000-0 0 000           7
2  1073  55.0000 102.0000 0000000   0.0000 312.0000 14.92546055    03
SATNET-590-03554 [DTC]
1  1074U 00000A   25274.57408802 .00000000  00000-0 0 000           8
2  1074  55.0000 102.0000 0000000   0.0000 318.0000 14.92546055    00
SATNET-590-03555 [DTC]
1  1075U 00000A   25274.57408802 .00000000  00000-0 0 000           9
2  1075  55.0000 102.0000 0000000   0.0000 324.0000 14.92546055    08
SATNET-590-03556 [DTC]
1  1076U 00000A   25274.57408802 .00000000  00000-0 0 000           0
2  1076  55.0000 102.0000 0000000   0.0000 330.0000 14.92546055    06
SATNET-590-03557 [DTC]
1  1077U 00000A   25274.57408802 .00000000  00000-0 0 000           1
2  1077  55.0000 102.0000 0000000   0.0000 336.0000 14.92546055    03
SATNET-590-03558 [DTC]
1  1078U 00000A   25274.57408802 .00000000  00000-0 0 000           2
2  1078  55.0000 102.0000 0000000   0.0000 342.0000 14.92546055    01
SATNET-590-03559 [DTC]
1  1079U 00000A   25274.57408802 .00000000  00000-0 0 000           3
2  1079  55.0000 102.0000 0000000   0.0000 348.0000 14.92546055    08
SATNET-590-03560 [DTC]
1  1080U 00000A   25274.57408802 .00000000  00000-0 0 000           5
2  1080  55.0000 102.0000 0000000   0.0000 354.0000 14.92546055    07
SATNET-590-03561 [DTC]
1  1081U 00000A   25274.57408802 .00000000  00000-0 0 000           6
2  1081  55.0000 108.0000 0000000   0.0000   0.0000 14.92546055    02
SATNET-590-03562 [DTC]
1  1082U 00000A   25274.57408802 .00000000  00000-0 0 000           7
2  1082  55.0000 108.0000 0000000   0.0000   6.0000 14.92546055    09
SATNET-590-03563 [DTC]
1  1083U 00000A   25274.57408802 .00000000  00000-0 0 000           8
2  1083  55.0000 108.0000 0000000   0.0000  12.0000 14.92546055    07
SATNET-590-03564 [DTC]
1  1084U 00000A   25274.57408802 .00000000  00000-0 0 000           9
2  1084  55.0000 108.0000 0000000   0.0000  18.0000 14.92546055    04
SATNET-590-03565 [DTC]
1  1085U 00000A   25274.57408802 .00000000  00000-0 0 000           0
2  1085  55.0000 108.0000 0000000   0.0000  24.0000 14.92546055    02
SATNET-590-03566 [DTC]
1  1086U 00000A   25274.57408802 .00000000  00000-0 0 000           1
2  1086  55.0000 108.0000 0000000   0.0000  30.0000 14.92546055    00
SATNET-590-03567 [DTC]
1  1087U 00000A   25274.57408802 .00000000  00000-0 0 000           2
2  1087  55.0000 108.0000 0000000   0.0000  36.0000 14.92546055    07
SATNET-590-03568 [DTC]
1  1088U 00000A   25274.57408802 .00000000  00000-0 0 000           3
2  1088  55.0000 108.0000 0000000   0.0000  42.0000 14.92546055    05
SATNET-590-03569 [DTC]
1  1089U 00000A   25274.57408802 .00000000  00000-0 0 000           4
2  1089  55.0000 108.0000 0000000   0.0000  48.0000 14.92546055    02
SATNET-590-03570 [DTC]
1  1090U 00000A   25274.57408802 .00000000  00000-0 0 000           6
2  1090  55.0000 108.0000 0000000   0.0000  54.0000 14.92546055    01
SATNET-590-03571 [DTC]
1  1091U 00000A   25274.57408802 .00000000  00000-0 0 000           7
2  1091  55.0000 108.0000 0000000   0.0000  60.0000 14.92546055    09
SATNET-590-03572 [DTC]
1  1092U 00000A   25274.57408802 .00000000  00000-0 0 000           8
2  1092  55.0000 108.0000 0000000   0.0000  66.0000 14.92546055    06
SATNET-590-03573 [DTC]
1  1093U 00000A   25274.57408802 .00000000  00000-0 0 000           9
2  1093  55.0000 108.0000 0000000   0.0000  72.0000 14.92546055    04
SATNET-590-03574 [DTC]
1  1094U 00000A   25274.57408802 .00000000  00000-0 0 000           0
2  1094  55.0000 108.0000 0000000   0.0000  78.0000 14.92546055    01
SATNET-590-03575 [DTC]
1  1095U 00000A   25274.57408802 .00000000  00000-0 0 000           1
2  1095  55.0000 108.0000 0000000   0.0000  84.0000 14.92546055    09
SATNET-590-03576 [DTC]
1  1096U 00000A   25274.57408802 .00000000  00000-0 0 000           2
2  1096  55.0000 108.0000 0000000   0.0000  90.0000 14.92546055    07
SATNET-590-03577 [DTC]
1  1097U 00000A   25274.57408802 .00000000  00000-0 0 000           3
2  1097  55.0000 108.0000 0000000   0.0000  96.0000 14.92546055    04
SATNET-590-03578 [DTC]
1  1098U 00000A   25274.57408802 .00000000  00000-0 0 000           4
2  1098  55.0000 108.0000 0000000   0.0000 102.0000 14.92546055    03
SATNET-590-03579 [DTC]
1  1099U 00000A   25274.57408802 .00000000  00000-0 0 000           5
2  1099  55.0000 108.0000 0000000   0.0000 108.0000 14.92546055    00
SATNET-590-03580 [DTC]
1  1100U 00000A   25274.57408802 .00000000  00000-0 0 000           8
2  1100  55.0000 108.0000 0000000   0.0000 114.0000 14.92546055    00
SATNET-590-03581 [DTC]
1  1101U 00000A   25274.57408802 .00000000  00000-0 0 000           9
2  1101  55.0000 108.0000 0000000   0.0000 120.0000 14.92546055    08
SATNET-590-03582 [DTC]
1  1102U 00000A   25274.57408802 .00000000  00000-0 0 000           0
2  1102  55.0000 108.0000 0000000   0.0000 126.0000 14.92546055    05
SATNET-590-03583 [DTC]
1  1103U 00000A   25274.57408802 .00000000  00000-0 0 000           1
2  1103  55.0000 108.0000 0000000   0.0000 132.0000 14.92546055    03
SATNET-590-03584 [DTC]
1  1104U 00000A   25274.57408802 .00000000  00000-0 0 000           2
2  1104  55.0000 108.0000 0000000   0.0000 138.0000 14.92546055    00
SATNET-590-03585 [DTC]
1  1105U 00000A   25274.57408802 .00000000  00000-0 0 000           3
2  1105  55.0000 108.0000 0000000   0.0000 144.0000 14.92546055    08
SATNET-590-03586 [DTC]
1  1106U 00000A   25274.57408802 .00000000  00000-0 0 000           4
2  1106  55.0000 108.0000 0000000   0.0000 150.0000 14.92546055    06
SATNET-590-03587 [DTC]
1  1107U 00000A   25274.57408802 .00000000  00000-0 0 000           5
2  1107  55.0000 108.0000 0000000   0.0000 156.0000 14.92546055    03
SATNET-590-03588 [DTC]
1  1108U 00000A   25274.57408802 .00000000  00000-0 0 000           6
2  1108  55.0000 108.0000 0000000   0.0000 162.0000 14.92546055    01
SATNET-590-03589 [DTC]
1  1109U 00000A   25274.57408802 .00000000  00000-0 0 000           7
2  1109  55.0000 108.0000 0000000   0.0000 168.0000 14.92546055    08
SATNET-590-03590 [DTC]
1  1110U 00000A   25274.57408802 .00000000  00000-0 0 000           9
2  1110  55.0000 108.0000 0000000   0.0000 174.0000 14.92546055    07
SATNET-590-03591 [DTC]
1  1111U 00000A   25274.57408802 .00000000  00000-0 0 000           0
2  1111  55.0000 108.0000 0000000   0.0000 180.0000 14.92546055    05
SATNET-590-03592 [DTC]
1  1112U 00000A   25274.57408802 .00000000  00000-0 0 000           1
2  1112  55.0000 108.0000 0000000   0.0000 186.0000 14.92546055    02
SATNET-590-03593 [DTC]
1  1113U 00000A   25274.57408802 .00000000  00000-0 0 000           2
2  1113  55.0000 108.0000 0000000   0.0000 192.0000 14.92546055    00
SATNET-590-03594 [DTC]
1  1114U 00000A   25274.57408802 .00000000  00000-0 0 000           3
2  1114  55.0000 108.0000 0000000   0.0000 198.0000 14.92546055    07
SATNET-590-03595 [DTC]
1  1115U 00000A   25274.57408802 .00000000  00000-0 0 000           4
2  1115  55.0000 108.0000 0000000   0.0000 204.0000 14.92546055    06
SATNET-590-03596 [DTC]
1  1116U 00000A   25274.57408802 .00000000  00000-0 0 000           5
2  1116  55.0000 108.0000 0000000   0.0000 210.0000 14.92546055    04
SATNET-590-03597 [DTC]
1  1117U 00000A   25274.57408802 .00000000  00000-0 0 000           6
2  1117  55.0000 108.0000 0000000   0.0000 216.0000 14.92546055    01
SATNET-590-03598 [DTC]
1  1118U 00000A   25274.57408802 .00000000  00000-0 0 000           7
2  1118  55.0000 108.0000 0000000   0.0000 222.0000 14.92546055    09
SATNET-590-03599 [DTC]
1  1119U 00000A   25274.57408802 .00000000  00000-0 0 000           8
2  1119  55.0000 108.0000 0000000   0.0000 228.0000 14.92546055    06
SATNET-590-03600 [DTC]
1  1120U 00000A   25274.57408802 .00000000  00000-0 0 000           0
2  1120  55.0000 108.0000 0000000   0.0000 234.0000 14.92546055    05
SATNET-590-03601 [DTC]
1  1121U 00000A   25274.57408802 .00000000  00000-0 0 000           1
2  1121  55.0000 108.0000 0000000   0.0000 240.0000 14.92546055    03
SATNET-590-03602 [DTC]
1  1122U 00000A   25274.57408802 .00000000  00000-0 0 000           2
2  1122  55.0000 108.0000 0000000   0.0000 246.0000 14.92546055    00
SATNET-590-03603 [DTC]
1  1123U 00000A   25274.57408802 .00000000  00000-0 0 000           3
2  1123  55.0000 108.0000 0000000   0.0000 252.0000 14.92546055    08
SATNET-590-03604 [DTC]
1  1124U 00000A   25274.57408802 .00000000  00000-0 0 000           4
2  1124  55.0000 108.0000 0000000   0.0000 258.0000 14.92546055    05
SATNET-590-03605 [DTC]
1  1125U 00000A   25274.57408802 .00000000  00000-0 0 000           5
2  1125  55.0000 108.0000 0000000   0.0000 264.0000 14.92546055    03
SATNET-590-03606 [DTC]
1  1126U 00000A   25274.57408802 .00000000  00000-0 0 000           6
2  1126  55.0000 108.0000 0000000   0.0000 270.0000 14.92546055    01
SATNET-590-03607 [DTC]
1  1127U 00000A   25274.57408802 .00000000  00000-0 0 000           7
2  1127  55.0000 108.0000 0000000   0.0000 276.0000 14.92546055    08
SATNET-590-03608 [DTC]
1  1128U 00000A   25274.57408802 .00000000  00000-0 0 000           8
2  1128  55.0000 108.0000 0000000   0.0000 282.0000 14.92546055    06
SATNET-590-03609 [DTC]
1  1129U 00000A   25274.57408802 .00000000  00000-0 0 000           9
2  1129  55.0000 108.0000 0000000   0.0000 288.0000 14.92546055    03
SATNET-590-03610 [DTC]
1  1130U 00000A   25274.57408802 .00000000  00000-0 0 000           1
2  1130  55.0000 108.0000 0000000   0.0000 294.0000 14.92546055    02
SATNET-590-03611 [DTC]
1  1131U 00000A   25274.57408802 .00000000  00000-0 0 000           2
2  1131  55.0000 108.0000 0000000   0.0000 300.0000 14.92546055    01
SATNET-590-03612 [DTC]
1  1132U 00000A   25274.57408802 .00000000  00000-0 0 000           3
2  1132  55.0000 108.0000 0000000   0.0000 306.0000 14.92546055    08
SATNET-590-03613 [DTC]
1  1133U 00000A   25274.57408802 .00000000  00000-0 0 000           4
2  1133  55.0000 108.0000 0000000   0.0000 312.0000 14.92546055    06
SATNET-590-03614 [DTC]
1  1134U 00000A   25274.57408802 .00000000  00000-0 0 000           5
2  1134  55.0000 108.0000 0000000   0.0000 318.0000 14.92546055    03
SATNET-590-03615 [DTC]
1  1135U 00000A   25274.57408802 .00000000  00000-0 0 000           6
2  1135  55.0000 108.0000 0000000   0.0000 324.0000 14.92546055    01
SATNET-590-03616 [DTC]
1  1136U 00000A   25274.57408802 .00000000  00000-0 0 000           7
2  1136  55.0000 108.0000 0000000   0.0000 330.0000 14.92546055    09
SATNET-590-03617 [DTC]
1  1137U 00000A   25274.57408802 .00000000  00000-0 0 000           8
2  1137  55.0000 108.0000 0000000   0.0000 336.0000 14.92546055    06
SATNET-590-03618 [DTC]
1  1138U 00000A   25274.57408802 .00000000  00000-0 0 000           9
2  1138  55.0000 108.0000 0000000   0.0000 342.0000 14.92546055    04
SATNET-590-03619 [DTC]
1  1139U 00000A   25274.57408802 .00000000  00000-0 0 000           0
2  1139  55.0000 108.0000 0000000   0.0000 348.0000 14.92546055    01
SATNET-590-03620 [DTC]
1  1140U 00000A   25274.57408802 .00000000  00000-0 0 000           2
2  1140  55.0000 108.0000 0000000   0.0000 354.0000 14.92546055    00
SATNET-590-03621 [DTC]
1  1141U 00000A   25274.57408802 .00000000  00000-0 0 000           3
2  1141  55.0000 114.0000 0000000   0.0000   0.0000 14.92546055    06
SATNET-590-03622 [DTC]
1  1142U 00000A   25274.57408802 .00000000  00000-0 0 000           4
2  1142  55.0000 114.0000 0000000   0.0000   6.0000 14.92546055    03
SATNET-590-03623 [DTC]
1  1143U 00000A   25274.57408802 .00000000  00000-0 0 000           5
2  1143  55.0000 114.0000 0000000   0.0000  12.0000 14.92546055    01
SATNET-590-03624 [DTC]
1  1144U 00000A   25274.57408802 .00000000  00000-0 0 000           6
2  1144  55.0000 114.0000 0000000   0.0000  18.0000 14.92546055    08
SATNET-590-03625 [DTC]
1  1145U 00000A   25274.57408802 .00000000  00000-0 0 000           7
2  1145  55.0000 114.0000 0000000   0.0000  24.0000 14.92546055    06
SATNET-590-03626 [DTC]
1  1146U 00000A   25274.57408802 .00000000  00000-0 0 000           8
2  1146  55.0000 114.0000 0000000   0.0000  30.0000 14.92546055    04
SATNET-590-03627 [DTC]
1  1147U 00000A   25274.57408802 .00000000  00000-0 0 000           9
2  1147  55.0000 114.0000 0000000   0.0000  36.0000 14.92546055    01
SATNET-590-03628 [DTC]
1  1148U 00000A   25274.57408802 .00000000  00000-0 0 000           0
2  1148  55.0000 114.0000 0000000   0.0000  42.0000 14.92546055    09
SATNET-590-03629 [DTC]
1  1149U 00000A   25274.57408802 .00000000  00000-0 0 000           1
2  1149  55.0000 114.0000 0000000   0.0000  48.0000 14.92546055    06
SATNET-590-03630 [DTC]
1  1150U 00000A   25274.57408802 .00000000  00000-0 0 000           3
2  1150  55.0000 114.0000 0000000   0.0000  54.0000 14.92546055    05
SATNET-590-03631 [DTC]
1  1151U 00000A   25274.57408802 .00000000  00000-0 0 000           4
2  1151  55.0000 114.0000 0000000   0.0000  60.0000 14.92546055    03
SATNET-590-03632 [DTC]
1  1152U 00000A   25274.57408802 .00000000  00000-0 0 000           5
2  1152  55.0000 114.0000 0000000   0.0000  66.0000 14.92546055    00
SATNET-590-03633 [DTC]
1  1153U 00000A   25274.57408802 .00000000  00000-0 0 000           6
2  1153  55.0000 114.0000 0000000   0.0000  72.0000 14.92546055    08
SATNET-590-03634 [DTC]
1  1154U 00000A   25274.57408802 .00000000  00000-0 0 000           7
2  1154  55.0000 114.0000 0000000   0.0000  78.0000 14.92546055    05
SATNET-590-03635 [DTC]
1  1155U 00000A   25274.57408802 .00000000  00000-0 0 000           8
2  1155  55.0000 114.0000 0000000   0.0000  84.0000 14.92546055    03
SATNET-590-03636 [DTC]
1  1156U 00000A   25274.57408802 .00000000  00000-0 0 000           9
2  1156  55.0000 114.0000 0000000   0.0000  90.0000 14.92546055    01
SATNET-590-03637 [DTC]
1  1157U 00000A   25274.57408802 .00000000  00000-0 0 000           0
2  1157  55.0000 114.0000 0000000   0.0000  96.0000 14.92546055    08
SATNET-590-03638 [DTC]
1  1158U 00000A   25274.57408802 .00000000  00000-0 0 000           1
2  1158  55.0000 114.0000 0000000   0.0000 102.0000 14.92546055    07
SATNET-590-03639 [DTC]
1  1159U 00000A   25274.57408802 .00000000  00000-0 0 000           2
2  1159  55.0000 114.0000 0000000   0.0000 108.0000 14.92546055    04
SATNET-590-03640 [DTC]
1  1160U 00000A   25274.57408802 .00000000  00000-0 0 000           4
2  1160  55.0000 114.0000 0000000   0.0000 114.0000 14.92546055    03
SATNET-590-03641 [DTC]
1  1161U 00000A   25274.57408802 .00000000  00000-0 0 000           5
2  1161  55.0000 114.0000 0000000   0.0000 120.0000 14.92546055    01
SATNET-590-03642 [DTC]
1  1162U 00000A   25274.57408802 .00000000  00000-0 0 000           6
2  1162  55.0000 114.0000 0000000   0.0000 126.0000 14.92546055    08
SATNET-590-03643 [DTC]
1  1163U 00000A   25274.57408802 .00000000  00000-0 0 000           7
2  1163  55.0000 114.0000 0000000   0.0000 132.0000 14.92546055    06
SATNET-590-03644 [DTC]
1  1164U 00000A   25274.57408802 .00000000  00000-0 0 000           8
2  1164  55.0000 114.0000 0000000   0.0000 138.0000 14.92546055    03
SATNET-590-03645 [DTC]
1  1165U 00000A   25274.57408802 .00000000  00000-0 0 000           9
2  1165  55.0000 114.0000 0000000   0.0000 144.0000 14.92546055    01
SATNET-590-03646 [DTC]
1  1166U 00000A   25274.57408802 .00000000  00000-0 0 000           0
2  1166  55.0000 114.0000 0000000   0.0000 150.0000 14.92546055    09
SATNET-590-03647 [DTC]
1  1167U 00000A   25274.57408802 .00000000  00000-0 0 000           1
2  1167  55.0000 114.0000 0000000   0.0000 156.0000 14.92546055    06
SATNET-590-03648 [DTC]
1  1168U 00000A   25274.57408802 .00000000  00000-0 0 000           2
2  1168  55.0000 114.0000 0000000   0.0000 162.0000 14.92546055    04
SATNET-590-03649 [DTC]
1  1169U 00000A   25274.57408802 .00000000  00000-0 0 000           3
2  1169  55.0000 114.0000 0000000   0.0000 168.0000 14.92546055    01
SATNET-590-03650 [DTC]
1  1170U 00000A   25274.57408802 .00000000  00000-0 0 000           5
2  1170  55.0000 114.0000 0000000   0.0000 174.0000 14.92546055    00
SATNET-590-03651 [DTC]
1  1171U 00000A   25274.57408802 .00000000  00000-0 0 000           6
2  1171  55.0000 114.0000 0000000   0.0000 180.0000 14.92546055    08
SATNET-590-03652 [DTC]
1  1172U 00000A   25274.57408802 .00000000  00000-0 0 000           7
2  1172  55.0000 114.0000 0000000   0.0000 186.0000 14.92546055    05
SATNET-590-03653 [DTC]
1  1173U 00000A   25274.57408802 .00000000  00000-0 0 000           8
2  1173  55.0000 114.0000 0000000   0.0000 192.0000 14.92546055    03
SATNET-590-03654 [DTC]
1  1174U 00000A   25274.57408802 .00000000  00000-0 0 000           9
2  1174  55.0000 114.0000 0000000   0.0000 198.0000 14.92546055    00
SATNET-590-03655 [DTC]
1  1175U 00000A   25274.57408802 .00000000  00000-0 0 000           0
2  1175  55.0000 114.0000 0000000   0.0000 204.0000 14.92546055    09
SATNET-590-03656 [DTC]
1  1176U 00000A   25274.57408802 .00000000  00000-0 0 000           1
2  1176  55.0000 114.0000 0000000   0.0000 210.0000 14.92546055    07
SATNET-590-03657 [DTC]
1  1177U 00000A   25274.57408802 .00000000  00000-0 0 000           2
2  1177  55.0000 114.0000 0000000   0.0000 216.0000 14.92546055    04
SATNET-590-03658 [DTC]
1  1178U 00000A   25274.57408802 .00000000  00000-0 0 000           3
2  1178  55.0000 114.0000 0000000   0.0000 222.0000 14.92546055    02
SATNET-590-03659 [DTC]
1  1179U 00000A   25274.57408802 .00000000  00000-0 0 000           4
2  1179  55.0000 114.0000 0000000   0.0000 228.0000 14.92546055    09
SATNET-590-03660 [DTC]
1  1180U 00000A   25274.57408802 .00000000  00000-0 0 000           6
2  1180  55.0000 114.0000 0000000   0.0000 234.0000 14.92546055    08
SATNET-590-03661 [DTC]
1  1181U 00000A   25274.57408802 .00000000  00000-0 0 000           7
2  1181  55.0000 114.0000 0000000   0.0000 240.0000 14.92546055    06
SATNET-590-03662 [DTC]
1  1182U 00000A   25274.57408802 .00000000  00000-0 0 000           8
2  1182  55.0000 114.0000 0000000   0.0000 246.0000 14.92546055    03
SATNET-590-03663 [DTC]
1  1183U 00000A   25274.57408802 .00000000  00000-0 0 000           9
2  1183  55.0000 114.0000 0000000   0.0000 252.0000 14.92546055    01
SATNET-590-03664 [DTC]
1  1184U 00000A   25274.57408802 .00000000  00000-0 0 000           0
2  1184  55.0000 114.0000 0000000   0.0000 258.0000 14.92546055    08
SATNET-590-03665 [DTC]
1  1185U 00000A   25274.57408802 .00000000  00000-0 0 000           1
2  1185  55.0000 114.0000 0000000   0.0000 264.0000 14.92546055    06
SATNET-590-03666 [DTC]
1  1186U 00000A   25274.57408802 .00000000  00000-0 0 000           2
2  1186  55.0000 114.0000 0000000   0.0000 270.0000 14.92546055    04
SATNET-590-03667 [DTC]
1  1187U 00000A   25274.57408802 .00000000  00000-0 0 000           3
2  1187  55.0000 114.0000 0000000   0.0000 276.0000 14.92546055    01
SATNET-590-03668 [DTC]
1  1188U 00000A   25274.57408802 .00000000  00000-0 0 000           4
2  1188  55.0000 114.0000 0000000   0.0000 282.0000 14.92546055    09
SATNET-590-03669 [DTC]
1  1189U 00000A   25274.57408802 .00000000  00000-0 0 000           5
2  1189  55.0000 114.0000 0000000   0.0000 288.0000 14.92546055    06
SATNET-590-03670 [DTC]
1  1190U 00000A   25274.57408802 .00000000  00000-0 0 000           7
2  1190  55.0000 114.0000 0000000   0.0000 294.0000 14.92546055    05
SATNET-590-03671 [DTC]
1  1191U 00000A   25274.57408802 .00000000  00000-0 0 000           8
2  1191  55.0000 114.0000 0000000   0.0000 300.0000 14.92546055    04
SATNET-590-03672 [DTC]
1  1192U 00000A   25274.57408802 .00000000  00000-0 0 000           9
2  1192  55.0000 114.0000 0000000   0.0000 306.0000 14.92546055    01
SATNET-590-03673 [DTC]
1  1193U 00000A   25274.57408802 .00000000  00000-0 0 000           0
2  1193  55.0000 114.0000 0000000   0.0000 312.0000 14.92546055    09
SATNET-590-03674 [DTC]
1  1194U 00000A   25274.57408802 .00000000  00000-0 0 000           1
2  1194  55.0000 114.0000 0000000   0.0000 318.0000 14.92546055    06
SATNET-590-03675 [DTC]
1  1195U 00000A   25274.57408802 .00000000  00000-0 0 000           2
2  1195  55.0000 114.0000 0000000   0.0000 324.0000 14.92546055    04
SATNET-590-03676 [DTC]
1  1196U 00000A   25274.57408802 .00000000  00000-0 0 000           3
2  1196  55.0000 114.0000 0000000   0.0000 330.0000 14.92546055    02
SATNET-590-03677 [DTC]
1  1197U 00000A   25274.57408802 .00000000  00000-0 0 000           4
2  1197  55.0000 114.0000 0000000   0.0000 336.0000 14.92546055    09
SATNET-590-03678 [DTC]
1  1198U 00000A   25274.57408802 .00000000  00000-0 0 000           5
2  1198  55.0000 114.0000 0000000   0.0000 342.0000 14.92546055    07
SATNET-590-03679 [DTC]
1  1199U 00000A   25274.57408802 .00000000  00000-0 0 000           6
2  1199  55.0000 114.0000 0000000   0.0000 348.0000 14.92546055    04
SATNET-590-03680 [DTC]
1  1200U 00000A   25274.57408802 .00000000  00000-0 0 000           9
2  1200  55.0000 114.0000 0000000   0.0000 354.0000 14.92546055    04
SATNET-590-03681 [DTC]
1  1201U 00000A   25274.57408802 .00000000  00000-0 0 000           0
2  1201  55.0000 120.0000 0000000   0.0000   0.0000 14.92546055    00
SATNET-590-03682 [DTC]
1  1202U 00000A   25274.57408802 .00000000  00000-0 0 000           1
2  1202  55.0000 120.0000 0000000   0.0000   6.0000 14.92546055    07
SATNET-590-03683 [DTC]
1  1203U 00000A   25274.57408802 .00000000  00000-0 0 000           2
2  1203  55.0000 120.0000 0000000   0.0000  12.0000 14.92546055    05
SATNET-590-03684 [DTC]
1  1204U 00000A   25274.57408802 .00000000  00000-0 0 000           3
2  1204  55.0000 120.0000 0000000   0.0000  18.0000 14.92546055    02
SATNET-590-03685 [DTC]
1  1205U 00000A   25274.57408802 .00000000  00000-0 0 000           4
2  1205  55.0000 120.0000 0000000   0.0000  24.0000 14.92546055    00
SATNET-590-03686 [DTC]
1  1206U 00000A   25274.57408802 .00000000  00000-0 0 000           5
2  1206  55.0000 120.0000 0000000   0.0000  30.0000 14.92546055    08
SATNET-590-03687 [DTC]
1  1207U 00000A   25274.57408802 .00000000  00000-0 0 000           6
2  1207  55.0000 120.0000 0000000   0.0000  36.0000 14.92546055    05
SATNET-590-03688 [DTC]
1  1208U 00000A   25274.57408802 .00000000  00000-0 0 000           7
2  1208  55.0000 120.0000 0000000   0.0000  42.0000 14.92546055    03
SATNET-590-03689 [DTC]
1  1209U 00000A   25274.57408802 .00000000  00000-0 0 000           8
2  1209  55.0000 120.0000 0000000   0.0000  48.0000 14.92546055    00
SATNET-590-03690 [DTC]
1  1210U 00000A   25274.57408802 .00000000  00000-0 0 000           0
2  1210  55.0000 120.0000 0000000   0.0000  54.0000 14.92546055    09
SATNET-590-03691 [DTC]
1  1211U 00000A   25274.57408802 .00000000  00000-0 0 000           1
2  1211  55.0000 120.0000 0000000   0.0000  60.0000 14.92546055    07
SATNET-590-03692 [DTC]
1  1212U 00000A   25274.57408802 .00000000  00000-0 0 000           2
2  1212  55.0000 120.0000 0000000   0.0000  66.0000 14.92546055    04
SATNET-590-03693 [DTC]
1  1213U 00000A   25274.57408802 .00000000  00000-0 0 000           3
2  1213  55.0000 120.0000 0000000   0.0000  72.0000 14.92546055    02
SATNET-590-03694 [DTC]
1  1214U 00000A   25274.57408802 .00000000  00000-0 0 000           4
2  1214  55.0000 120.0000 0000000   0.0000  78.0000 14.92546055    09
SATNET-590-03695 [DTC]
1  1215U 00000A   25274.57408802 .00000000  00000-0 0 000           5
2  1215  55.0000 120.0000 0000000   0.0000  84.0000 14.92546055    07
SATNET-590-03696 [DTC]
1  1216U 00000A   25274.57408802 .00000000  00000-0 0 000           6
2  1216  55.0000 120.0000 0000000   0.0000  90.0000 14.92546055    05
SATNET-590-03697 [DTC]
1  1217U 00000A   25274.57408802 .00000000  00000-0 0 000           7
2  1217  55.0000 120.0000 0000000   0.0000  96.0000 14.92546055    02
SATNET-590-03698 [DTC]
1  1218U 00000A   25274.57408802 .00000000  00000-0 0 000           8
2  1218  55.0000 120.0000 0000000   0.0000 102.0000 14.92546055    01
SATNET-590-03699 [DTC]
1  1219U 00000A   25274.57408802 .00000000  00000-0 0 000           9
2  1219  55.0000 120.0000 0000000   0.0000 108.0000 14.92546055    08
SATNET-590-03700 [DTC]
1  1220U 00000A   25274.57408802 .00000000  00000-0 0 000           1
2  1220  55.0000 120.0000 0000000   0.0000 114.0000 14.92546055    07
SATNET-590-03701 [DTC]
1  1221U 00000A   25274.57408802 .00000000  00000-0 0 000           2
2  1221  55.0000 120.0000 0000000   0.0000 120.0000 14.92546055    05
SATNET-590-03702 [DTC]
1  1222U 00000A   25274.57408802 .00000000  00000-0 0 000           3
2  1222  55.0000 120.0000 0000000   0.0000 126.0000 14.92546055    02
SATNET-590-03703 [DTC]
1  1223U 00000A   25274.57408802 .00000000  00000-0 0 000           4
2  1223  55.0000 120.0000 0000000   0.0000 132.0000 14.92546055    00
SATNET-590-03704 [DTC]
1  1224U 00000A   25274.57408802 .00000000  00000-0 0 000           5
2  1224  55.0000 120.0000 0000000   0.0000 138.0000 14.92546055    07
SATNET-590-03705 [DTC]
1  1225U 00000A   25274.57408802 .00000000  00000-0 0 000           6
2  1225  55.0000 120.0000 0000000   0.0000 144.0000 14.92546055    05
SATNET-590-03706 [DTC]
1  1226U 00000A   25274.57408802 .00000000  00000-0 0 000           7
2  1226  55.0000 120.0000 0000000   0.0000 150.0000 14.92546055    03
SATNET-590-03707 [DTC]
1  1227U 00000A   25274.57408802 .00000000  00000-0 0 000           8
2  1227  55.0000 120.0000 0000000   0.0000 156.0000 14.92546055    00
SATNET-590-03708 [DTC]
1  1228U 00000A   25274.57408802 .00000000  00000-0 0 000           9
2  1228  55.0000 120.0000 0000000   0.0000 162.0000 14.92546055    08
SATNET-590-03709 [DTC]
1  1229U 00000A   25274.57408802 .00000000  00000-0 0 000           0
2  1229  55.0000 120.0000 0000000   0.0000 168.0000 14.92546055    05
SATNET-590-03710 [DTC]
1  1230U 00000A   25274.57408802 .00000000  00000-0 0 000           2
2  1230  55.0000 120.0000 0000000   0.0000 174.0000 14.92546055    04
SATNET-590-03711 [DTC]
1  1231U 00000A   25274.57408802 .00000000  00000-0 0 000           3
2  1231  55.0000 120.0000 0000000   0.0000 180.0000 14.92546055    02
SATNET-590-03712 [DTC]
1  1232U 00000A   25274.57408802 .00000000  00000-0 0 000           4
2  1232  55.0000 120.0000 0000000   0.0000 186.0000 14.92546055    09
SATNET-590-03713 [DTC]
1  1233U 00000A   25274.57408802 .00000000  00000-0 0 000           5
2  1233  55.0000 120.0000 0000000   0.0000 192.0000 14.92546055    07
SATNET-590-03714 [DTC]
1  1234U 00000A   25274.57408802 .00000000  00000-0 0 000           6
2  1234  55.0000 120.0000 0000000   0.0000 198.0000 14.92546055    04
SATNET-590-03715 [DTC]
1  1235U 00000A   25274.57408802 .00000000  00000-0 0 000           7
2  1235  55.0000 120.0000 0000000   0.0000 204.0000 14.92546055    03
SATNET-590-03716 [DTC]
1  1236U 00000A   25274.57408802 .00000000  00000-0 0 000           8
2  1236  55.0000 120.0000 0000000   0.0000 210.0000 14.92546055    01
SATNET-590-03717 [DTC]
1  1237U 00000A   25274.57408802 .00000000  00000-0 0 000           9
2  1237  55.0000 120.0000 0000000   0.0000 216.0000 14.92546055    08
SATNET-590-03718 [DTC]
1  1238U 00000A   25274.57408802 .00000000  00000-0 0 000           0
2  1238  55.0000 120.0000 0000000   0.0000 222.0000 14.92546055    06
SATNET-590-03719 [DTC]
1  1239U 00000A   25274.57408802 .00000000  00000-0 0 000           1
2  1239  55.0000 120.0000 0000000   0.0000 228.0000 14.92546055    03
SATNET-590-03720 [DTC]
1  1240U 00000A   25274.57408802 .00000000  00000-0 0 000           3
2  1240  55.0000 120.0000 0000000   0.0000 234.0000 14.92546055    02
SATNET-590-03721 [DTC]
1  1241U 00000A   25274.57408802 .00000000  00000-0 0 000           4
2  1241  55.0000 120.0000 0000000   0.0000 240.0000 14.92546055    00
SATNET-590-03722 [DTC]
1  1242U 00000A   25274.57408802 .00000000  00000-0 0 000           5
2  1242  55.0000 120.0000 0000000   0.0000 246.0000 14.92546055    07
SATNET-590-03723 [DTC]
1  1243U 00000A   25274.57408802 .00000000  00000-0 0 000           6
2  1243  55.0000 120.0000 0000000   0.0000 252.0000 14.92546055    05
SATNET-590-03724 [DTC]
1  1244U 00000A   25274.57408802 .00000000  00000-0 0 000           7
2  1244  55.0000 120.0000 0000000   0.0000 258.0000 14.92546055    02
SATNET-590-03725 [DTC]
1  1245U 00000A   25274.57408802 .00000000  00000-0 0 000           8
2  1245  55.0000 120.0000 0000000   0.0000 264.0000 14.92546055    00
SATNET-590-03726 [DTC]
1  1246U 00000A   25274.57408802 .00000000  00000-0 0 000           9
2  1246  55.0000 120.0000 0000000   0.0000 270.0000 14.92546055    08
SATNET-590-03727 [DTC]
1  1247U 00000A   25274.57408802 .00000000  00000-0 0 000           0
2  1247  55.0000 120.0000 0000000   0.0000 276.0000 14.92546055    05
SATNET-590-03728 [DTC]
1  1248U 00000A   25274.57408802 .00000000  00000-0 0 000           1
2  1248  55.0000 120.0000 0000000   0.0000 282.0000 14.92546055    03
SATNET-590-03729 [DTC]
1  1249U 00000A   25274.57408802 .00000000  00000-0 0 000           2
2  1249  55.0000 120.0000 0000000   0.0000 288.0000 14.92546055    00
SATNET-590-03730 [DTC]
1  1250U 00000A   25274.57408802 .00000000  00000-0 0 000           4
2  1250  55.0000 120.0000 0000000   0.0000 294.0000 14.92546055    09
SATNET-590-03731 [DTC]
1  1251U 00000A   25274.57408802 .00000000  00000-0 0 000           5
2  1251  55.0000 120.0000 0000000   0.0000 300.0000 14.92546055    08
SATNET-590-03732 [DTC]
1  1252U 00000A   25274.57408802 .00000000  00000-0 0 000           6
2  1252  55.0000 120.0000 0000000   0.0000 306.0000 14.92546055    05
SATNET-590-03733 [DTC]
1  1253U 00000A   25274.57408802 .00000000  00000-0 0 000           7
2  1253  55.0000 120.0000 0000000   0.0000 312.0000 14.92546055    03
SATNET-590-03734 [DTC]
1  1254U 00000A   25274.57408802 .00000000  00000-0 0 000           8
2  1254  55.0000 120.0000 0000000   0.0000 318.0000 14.92546055    00
SATNET-590-03735 [DTC]
1  1255U 00000A   25274.57408802 .00000000  00000-0 0 000           9
2  1255  55.0000 120.0000 0000000   0.0000 324.0000 14.92546055    08
SATNET-590-03736 [DTC]
1  1256U 00000A   25274.57408802 .00000000  00000-0 0 000           0
2  1256  55.0000 120.0000 0000000   0.0000 330.0000 14.92546055    06
SATNET-590-03737 [DTC]
1  1257U 00000A   25274.57408802 .00000000  00000-0 0 000           1
2  1257  55.0000 120.0000 0000000   0.0000 336.0000 14.92546055    03
SATNET-590-03738 [DTC]
1  1258U 00000A   25274.57408802 .00000000  00000-0 0 000           2
2  1258  55.0000 120.0000 0000000   0.0000 342.0000 14.92546055    01
SATNET-590-03739 [DTC]
1  1259U 00000A   25274.57408802 .00000000  00000-0 0 000           3
2  1259  55.0000 120.0000 0000000   0.0000 348.0000 14.92546055    08
SATNET-590-03740 [DTC]
1  1260U 00000A   25274.57408802 .00000000  00000-0 0 000           5
2  1260  55.0000 120.0000 0000000   0.0000 354.0000 14.92546055    07
SATNET-590-03741 [DTC]
1  1261U 00000A   25274.57408802 .00000000  00000-0 0 000           6
2  1261  55.0000 126.0000 0000000   0.0000   0.0000 14.92546055    02
SATNET-590-03742 [DTC]
1  1262U 00000A   25274.57408802 .00000000  00000-0 0 000           7
2  1262  55.0000 126.0000 0000000   0.0000   6.0000 14.92546055    09
SATNET-590-03743 [DTC]
1  1263U 00000A   25274.57408802 .00000000  00000-0 0 000           8
2  1263  55.0000 126.0000 0000000   0.0000  12.0000 14.92546055    07
SATNET-590-03744 [DTC]
1  1264U 00000A   25274.57408802 .00000000  00000-0 0 000           9
2  1264  55.0000 126.0000 0000000   0.0000  18.0000 14.92546055    04
SATNET-590-03745 [DTC]
1  1265U 00000A   25274.57408802 .00000000  00000-0 0 000           0
2  1265  55.0000 126.0000 0000000   0.0000  24.0000 14.92546055    02
SATNET-590-03746 [DTC]
1  1266U 00000A   25274.57408802 .00000000  00000-0 0 000           1
2  1266  55.0000 126.0000 0000000   0.0000  30.0000 14.92546055    00
SATNET-590-03747 [DTC]
1  1267U 00000A   25274.57408802 .00000000  00000-0 0 000           2
2  1267  55.0000 126.0000 0000000   0.0000  36.0000 14.92546055    07
SATNET-590-03748 [DTC]
1  1268U 00000A   25274.57408802 .00000000  00000-0 0 000           3
2  1268  55.0000 126.0000 0000000   0.0000  42.0000 14.92546055    05
SATNET-590-03749 [DTC]
1  1269U 00000A   25274.57408802 .00000000  00000-0 0 000           4
2  1269  55.0000 126.0000 0000000   0.0000  48.0000 14.92546055    02
SATNET-590-03750 [DTC]
1  1270U 00000A   25274.57408802 .00000000  00000-0 0 000           6
2  1270  55.0000 126.0000 0000000   0.0000  54.0000 14.92546055    01
SATNET-590-03751 [DTC]
1  1271U 00000A   25274.57408802 .00000000  00000-0 0 000           7
2  1271  55.0000 126.0000 0000000   0.0000  60.0000 14.92546055    09
SATNET-590-03752 [DTC]
1  1272U 00000A   25274.57408802 .00000000  00000-0 0 000           8
2  1272  55.0000 126.0000 0000000   0.0000  66.0000 14.92546055    06
SATNET-590-03753 [DTC]
1  1273U 00000A   25274.57408802 .00000000  00000-0 0 000           9
2  1273  55.0000 126.0000 0000000   0.0000  72.0000 14.92546055    04
SATNET-590-03754 [DTC]
1  1274U 00000A   25274.57408802 .00000000  00000-0 0 000           0
2  1274  55.0000 126.0000 0000000   0.0000  78.0000 14.92546055    01
SATNET-590-03755 [DTC]
1  1275U 00000A   25274.57408802 .00000000  00000-0 0 000           1
2  1275  55.0000 126.0000 0000000   0.0000  84.0000 14.92546055    09
SATNET-590-03756 [DTC]
1  1276U 00000A   25274.57408802 .00000000  00000-0 0 000           2
2  1276  55.0000 126.0000 0000000   0.0000  90.0000 14.92546055    07
SATNET-590-03757 [DTC]
1  1277U 00000A   25274.57408802 .00000000  00000-0 0 000           3
2  1277  55.0000 126.0000 0000000   0.0000  96.0000 14.92546055    04
SATNET-590-03758 [DTC]
1  1278U 00000A   25274.57408802 .00000000  00000-0 0 000           4
2  1278  55.0000 126.0000 0000000   0.0000 102.0000 14.92546055    03
SATNET-590-03759 [DTC]
1  1279U 00000A   25274.57408802 .00000000  00000-0 0 000           5
2  1279  55.0000 126.0000 0000000   0.0000 108.0000 14.92546055    00
SATNET-590-03760 [DTC]
1  1280U 00000A   25274.57408802 .00000000  00000-0 0 000           7
2  1280  55.0000 126.0000 0000000   0.0000 114.0000 14.92546055    09
SATNET-590-03761 [DTC]
1  1281U 00000A   25274.57408802 .00000000  00000-0 0 000           8
2  1281  55.0000 126.0000 0000000   0.0000 120.0000 14.92546055    07
SATNET-590-03762 [DTC]
1  1282U 00000A   25274.57408802 .00000000  00000-0 0 000           9
2  1282  55.0000 126.0000 0000000   0.0000 126.0000 14.92546055    04
SATNET-590-03763 [DTC]
1  1283U 00000A   25274.57408802 .00000000  00000-0 0 000           0
2  1283  55.0000 126.0000 0000000   0.0000 132.0000 14.92546055    02
SATNET-590-03764 [DTC]
1  1284U 00000A   25274.57408802 .00000000  00000-0 0 000           1
2  1284  55.0000 126.0000 0000000   0.0000 138.0000 14.92546055    09
SATNET-590-03765 [DTC]
1  1285U 00000A   25274.57408802 .00000000  00000-0 0 000           2
2  1285  55.0000 126.0000 0000000   0.0000 144.0000 14.92546055    07
SATNET-590-03766 [DTC]
1  1286U 00000A   25274.57408802 .00000000  00000-0 0 000           3
2  1286  55.0000 126.0000 0000000   0.0000 150.0000 14.92546055    05
SATNET-590-03767 [DTC]
1  1287U 00000A   25274.57408802 .00000000  00000-0 0 000           4
2  1287  55.0000 126.0000 0000000   0.0000 156.0000 14.92546055    02
SATNET-590-03768 [DTC]
1  1288U 00000A   25274.57408802 .00000000  00000-0 0 000           5
2  1288  55.0000 126.0000 0000000   0.0000 162.0000 14.92546055    00
SATNET-590-03769 [DTC]
1  1289U 00000A   25274.57408802 .00000000  00000-0 0 000           6
2  1289  55.0000 126.0000 0000000   0.0000 168.0000 14.92546055    07
SATNET-590-03770 [DTC]
1  1290U 00000A   25274.57408802 .00000000  00000-0 0 000           8
2  1290  55.0000 126.0000 0000000   0.0000 174.0000 14.92546055    06
SATNET-590-03771 [DTC]
1  1291U 00000A   25274.57408802 .00000000  00000-0 0 000           9
2  1291  55.0000 126.0000 0000000   0.0000 180.0000 14.92546055    04
SATNET-590-03772 [DTC]
1  1292U 00000A   25274.57408802 .00000000  00000-0 0 000           0
2  1292  55.0000 126.0000 0000000   0.0000 186.0000 14.92546055    01
SATNET-590-03773 [DTC]
1  1293U 00000A   25274.57408802 .00000000  00000-0 0 000           1
2  1293  55.0000 126.0000 0000000   0.0000 192.0000 14.92546055    09
SATNET-590-03774 [DTC]
1  1294U 00000A   25274.57408802 .00000000  00000-0 0 000           2
2  1294  55.0000 126.0000 0000000   0.0000 198.0000 14.92546055    06
SATNET-590-03775 [DTC]
1  1295U 00000A   25274.57408802 .00000000  00000-0 0 000           3
2  1295  55.0000 126.0000 0000000   0.0000 204.0000 14.92546055    05
SATNET-590-03776 [DTC]
1  1296U 00000A   25274.57408802 .00000000  00000-0 0 000           4
2  1296  55.0000 126.0000 0000000   0.0000 210.0000 14.92546055    03
SATNET-590-03777 [DTC]
1  1297U 00000A   25274.57408802 .00000000  00000-0 0 000           5
2  1297  55.0000 126.0000 0000000   0.0000 216.0000 14.92546055    00
SATNET-590-03778 [DTC]
1  1298U 00000A   25274.57408802 .00000000  00000-0 0 000           6
2  1298  55.0000 126.0000 0000000   0.0000 222.0000 14.92546055    08
SATNET-590-03779 [DTC]
1  1299U 00000A   25274.57408802 .00000000  00000-0 0 000           7
2  1299  55.0000 126.0000 0000000   0.0000 228.0000 14.92546055    05
SATNET-590-03780 [DTC]
1  1300U 00000A   25274.57408802 .00000000  00000-0 0 000           0
2  1300  55.0000 126.0000 0000000   0.0000 234.0000 14.92546055    05
SATNET-590-03781 [DTC]
1  1301U 00000A   25274.57408802 .00000000  00000-0 0 000           1
2  1301  55.0000 126.0000 0000000   0.0000 240.0000 14.92546055    03
SATNET-590-03782 [DTC]
1  1302U 00000A   25274.57408802 .00000000  00000-0 0 000           2
2  1302  55.0000 126.0000 0000000   0.0000 246.0000 14.92546055    00
SATNET-590-03783 [DTC]
1  1303U 00000A   25274.57408802 .00000000  00000-0 0 000           3
2  1303  55.0000 126.0000 0000000   0.0000 252.0000 14.92546055    08
SATNET-590-03784 [DTC]
1  1304U 00000A   25274.57408802 .00000000  00000-0 0 000           4
2  1304  55.0000 126.0000 0000000   0.0000 258.0000 14.92546055    05
SATNET-590-03785 [DTC]
1  1305U 00000A   25274.57408802 .00000000  00000-0 0 000           5
2  1305  55.0000 126.0000 0000000   0.0000 264.0000 14.92546055    03
SATNET-590-03786 [DTC]
1  1306U 00000A   25274.57408802 .00000000  00000-0 0 000           6
2  1306  55.0000 126.0000 0000000   0.0000 270.0000 14.92546055    01
SATNET-590-03787 [DTC]
1  1307U 00000A   25274.57408802 .00000000  00000-0 0 000           7
2  1307  55.0000 126.0000 0000000   0.0000 276.0000 14.92546055    08
SATNET-590-03788 [DTC]
1  1308U 00000A   25274.57408802 .00000000  00000-0 0 000           8
2  1308  55.0000 126.0000 0000000   0.0000 282.0000 14.92546055    06
SATNET-590-03789 [DTC]
1  1309U 00000A   25274.57408802 .00000000  00000-0 0 000           9
2  1309  55.0000 126.0000 0000000   0.0000 288.0000 14.92546055    03
SATNET-590-03790 [DTC]
1  1310U 00000A   25274.57408802 .00000000  00000-0 0 000           1
2  1310  55.0000 126.0000 0000000   0.0000 294.0000 14.92546055    02
SATNET-590-03791 [DTC]
1  1311U 00000A   25274.57408802 .00000000  00000-0 0 000           2
2  1311  55.0000 126.0000 0000000   0.0000 300.0000 14.92546055    01
SATNET-590-03792 [DTC]
1  1312U 00000A   25274.57408802 .00000000  00000-0 0 000           3
2  1312  55.0000 126.0000 0000000   0.0000 306.0000 14.92546055    08
SATNET-590-03793 [DTC]
1  1313U 00000A   25274.57408802 .00000000  00000-0 0 000           4
2  1313  55.0000 126.0000 0000000   0.0000 312.0000 14.92546055    06
SATNET-590-03794 [DTC]
1  1314U 00000A   25274.57408802 .00000000  00000-0 0 000           5
2  1314  55.0000 126.0000 0000000   0.0000 318.0000 14.92546055    03
SATNET-590-03795 [DTC]
1  1315U 00000A   25274.57408802 .00000000  00000-0 0 000           6
2  1315  55.0000 126.0000 0000000   0.0000 324.0000 14.92546055    01
SATNET-590-03796 [DTC]
1  1316U 00000A   25274.57408802 .00000000  00000-0 0 000           7
2  1316  55.0000 126.0000 0000000   0.0000 330.0000 14.92546055    09
SATNET-590-03797 [DTC]
1  1317U 00000A   25274.57408802 .00000000  00000-0 0 000           8
2  1317  55.0000 126.0000 0000000   0.0000 336.0000 14.92546055    06
SATNET-590-03798 [DTC]
1  1318U 00000A   25274.57408802 .00000000  00000-0 0 000           9
2  1318  55.0000 126.0000 0000000   0.0000 342.0000 14.92546055    04
SATNET-590-03799 [DTC]
1  1319U 00000A   25274.57408802 .00000000  00000-0 0 000           0
2  1319  55.0000 126.0000 0000000   0.0000 348.0000 14.92546055    01
SATNET-590-03800 [DTC]
1  1320U 00000A   25274.57408802 .00000000  00000-0 0 000           2
2  1320  55.0000 126.0000 0000000   0.0000 354.0000 14.92546055    00
SATNET-590-03801 [DTC]
1  1321U 00000A   25274.57408802 .00000000  00000-0 0 000           3
2  1321  55.0000 132.0000 0000000   0.0000   0.0000 14.92546055    06
SATNET-590-03802 [DTC]
1  1322U 00000A   25274.57408802 .00000000  00000-0 0 000           4
2  1322  55.0000 132.0000 0000000   0.0000   6.0000 14.92546055    03
SATNET-590-03803 [DTC]
1  1323U 00000A   25274.57408802 .00000000  00000-0 0 000           5
2  1323  55.0000 132.0000 0000000   0.0000  12.0000 14.92546055    01
SATNET-590-03804 [DTC]
1  1324U 00000A   25274.57408802 .00000000  00000-0 0 000           6
2  1324  55.0000 132.0000 0000000   0.0000  18.0000 14.92546055    08
SATNET-590-03805 [DTC]
1  1325U 00000A   25274.57408802 .00000000  00000-0 0 000           7
2  1325  55.0000 132.0000 0000000   0.0000  24.0000 14.92546055    06
SATNET-590-03806 [DTC]
1  1326U 00000A   25274.57408802 .00000000  00000-0 0 000           8
2  1326  55.0000 132.0000 0000000   0.0000  30.0000 14.92546055    04
SATNET-590-03807 [DTC]
1  1327U 00000A   25274.57408802 .00000000  00000-0 0 000           9
2  1327  55.0000 132.0000 0000000   0.0000  36.0000 14.92546055    01
SATNET-590-03808 [DTC]
1  1328U 00000A   25274.57408802 .00000000  00000-0 0 000           0
2  1328  55.0000 132.0000 0000000   0.0000  42.0000 14.92546055    09
SATNET-590-03809 [DTC]
1  1329U 00000A   25274.57408802 .00000000  00000-0 0 000           1
2  1329  55.0000 132.0000 0000000   0.0000  48.0000 14.92546055    06
SATNET-590-03810 [DTC]
1  1330U 00000A   25274.57408802 .00000000  00000-0 0 000           3
2  1330  55.0000 132.0000 0000000   0.0000  54.0000 14.92546055    05
SATNET-590-03811 [DTC]
1  1331U 00000A   25274.57408802 .00000000  00000-0 0 000           4
2  1331  55.0000 132.0000 0000000   0.0000  60.0000 14.92546055    03
SATNET-590-03812 [DTC]
1  1332U 00000A   25274.57408802 .00000000  00000-0 0 000           5
2  1332  55.0000 132.0000 0000000   0.0000  66.0000 14.92546055    00
SATNET-590-03813 [DTC]
1  1333U 00000A   25274.57408802 .00000000  00000-0 0 000           6
2  1333  55.0000 132.0000 0000000   0.0000  72.0000 14.92546055    08
SATNET-590-03814 [DTC]
1  1334U 00000A   25274.57408802 .00000000  00000-0 0 000           7
2  1334  55.0000 132.0000 0000000   0.0000  78.0000 14.92546055    05
SATNET-590-03815 [DTC]
1  1335U 00000A   25274.57408802 .00000000  00000-0 0 000           8
2  1335  55.0000 132.0000 0000000   0.0000  84.0000 14.92546055    03
SATNET-590-03816 [DTC]
1  1336U 00000A   25274.57408802 .00000000  00000-0 0 000           9
2  1336  55.0000 132.0000 0000000   0.0000  90.0000 14.92546055    01
SATNET-590-03817 [DTC]
1  1337U 00000A   25274.57408802 .00000000  00000-0 0 000           0
2  1337  55.0000 132.0000 0000000   0.0000  96.0000 14.92546055    08
SATNET-590-03818 [DTC]
1  1338U 00000A   25274.57408802 .00000000  00000-0 0 000           1
2  1338  55.0000 132.0000 0000000   0.0000 102.0000 14.92546055    07
SATNET-590-03819 [DTC]
1  1339U 00000A   25274.57408802 .00000000  00000-0 0 000           2
2  1339  55.0000 132.0000 0000000   0.0000 108.0000 14.92546055    04
SATNET-590-03820 [DTC]
1  1340U 00000A   25274.57408802 .00000000  00000-0 0 000           4
2  1340  55.0000 132.0000 0000000   0.0000 114.0000 14.92546055    03
SATNET-590-03821 [DTC]
1  1341U 00000A   25274.57408802 .00000000  00000-0 0 000           5
2  1341  55.0000 132.0000 0000000   0.0000 120.0000 14.92546055    01
SATNET-590-03822 [DTC]
1  1342U 00000A   25274.57408802 .00000000  00000-0 0 000           6
2  1342  55.0000 132.0000 0000000   0.0000 126.0000 14.92546055    08
SATNET-590-03823 [DTC]
1  1343U 00000A   25274.57408802 .00000000  00000-0 0 000           7
2  1343  55.0000 132.0000 0000000   0.0000 132.0000 14.92546055    06
SATNET-590-03824 [DTC]
1  1344U 00000A   25274.57408802 .00000000  00000-0 0 000           8
2  1344  55.0000 132.0000 0000000   0.0000 138.0000 14.92546055    03
SATNET-590-03825 [DTC]
1  1345U 00000A   25274.57408802 .00000000  00000-0 0 000           9
2  1345  55.0000 132.0000 0000000   0.0000 144.0000 14.92546055    01
SATNET-590-03826 [DTC]
1  1346U 00000A   25274.57408802 .00000000  00000-0 0 000           0
2  1346  55.0000 132.0000 0000000   0.0000 150.0000 14.92546055    09
SATNET-590-03827 [DTC]
1  1347U 00000A   25274.57408802 .00000000  00000-0 0 000           1
2  1347  55.0000 132.0000 0000000   0.0000 156.0000 14.92546055    06
SATNET-590-03828 [DTC]
1  1348U 00000A   25274.57408802 .00000000  00000-0 0 000           2
2  1348  55.0000 132.0000 0000000   0.0000 162.0000 14.92546055    04
SATNET-590-03829 [DTC]
1  1349U 00000A   25274.57408802 .00000000  00000-0 0 000           3
2  1349  55.0000 132.0000 0000000   0.0000 168.0000 14.92546055    01
SATNET-590-03830 [DTC]
1  1350U 00000A   25274.57408802 .00000000  00000-0 0 000           5
2  1350  55.0000 132.0000 0000000   0.0000 174.0000 14.92546055    00
SATNET-590-03831 [DTC]
1  1351U 00000A   25274.57408802 .00000000  00000-0 0 000           6
2  1351  55.0000 132.0000 0000000   0.0000 180.0000 14.92546055    08
SATNET-590-03832 [DTC]
1  1352U 00000A   25274.57408802 .00000000  00000-0 0 000           7
2  1352  55.0000 132.0000 0000000   0.0000 186.0000 14.92546055    05
SATNET-590-03833 [DTC]
1  1353U 00000A   25274.57408802 .00000000  00000-0 0 000           8
2  1353  55.0000 132.0000 0000000   0.0000 192.0000 14.92546055    03
SATNET-590-03834 [DTC]
1  1354U 00000A   25274.57408802 .00000000  00000-0 0 000           9
2  1354  55.0000 132.0000 0000000   0.0000 198.0000 14.92546055    00
SATNET-590-03835 [DTC]
1  1355U 00000A   25274.57408802 .00000000  00000-0 0 000           0
2  1355  55.0000 132.0000 0000000   0.0000 204.0000 14.92546055    09
SATNET-590-03836 [DTC]
1  1356U 00000A   25274.57408802 .00000000  00000-0 0 000           1
2  1356  55.0000 132.0000 0000000   0.0000 210.0000 14.92546055    07
SATNET-590-03837 [DTC]
1  1357U 00000A   25274.57408802 .00000000  00000-0 0 000           2
2  1357  55.0000 132.0000 0000000   0.0000 216.0000 14.92546055    04
SATNET-590-03838 [DTC]
1  1358U 00000A   25274.57408802 .00000000  00000-0 0 000           3
2  1358  55.0000 132.0000 0000000   0.0000 222.0000 14.92546055    02
SATNET-590-03839 [DTC]
1  1359U 00000A   25274.57408802 .00000000  00000-0 0 000           4
2  1359  55.0000 132.0000 0000000   0.0000 228.0000 14.92546055    09
SATNET-590-03840 [DTC]
1  1360U 00000A   25274.57408802 .00000000  00000-0 0 000           6
2  1360  55.0000 132.0000 0000000   0.0000 234.0000 14.92546055    08
SATNET-590-03841 [DTC]
1  1361U 00000A   25274.57408802 .00000000  00000-0 0 000           7
2  1361  55.0000 132.0000 0000000   0.0000 240.0000 14.92546055    06
SATNET-590-03842 [DTC]
1  1362U 00000A   25274.57408802 .00000000  00000-0 0 000           8
2  1362  55.0000 132.0000 0000000   0.0000 246.0000 14.92546055    03
SATNET-590-03843 [DTC]
1  1363U 00000A   25274.57408802 .00000000  00000-0 0 000           9
2  1363  55.0000 132.0000 0000000   0.0000 252.0000 14.92546055    01
SATNET-590-03844 [DTC]
1  1364U 00000A   25274.57408802 .00000000  00000-0 0 000           0
2  1364  55.0000 132.0000 0000000   0.0000 258.0000 14.92546055    08
SATNET-590-03845 [DTC]
1  1365U 00000A   25274.57408802 .00000000  00000-0 0 000           1
2  1365  55.0000 132.0000 0000000   0.0000 264.0000 14.92546055    06
SATNET-590-03846 [DTC]
1  1366U 00000A   25274.57408802 .00000000  00000-0 0 000           2
2  1366  55.0000 132.0000 0000000   0.0000 270.0000 14.92546055    04
SATNET-590-03847 [DTC]
1  1367U 00000A   25274.57408802 .00000000  00000-0 0 000           3
2  1367  55.0000 132.0000 0000000   0.0000 276.0000 14.92546055    01
SATNET-590-03848 [DTC]
1  1368U 00000A   25274.57408802 .00000000  00000-0 0 000           4
2  1368  55.0000 132.0000 0000000   0.0000 282.0000 14.92546055    09
SATNET-590-03849 [DTC]
1  1369U 00000A   25274.57408802 .00000000  00000-0 0 000           5
2  1369  55.0000 132.0000 0000000   0.0000 288.0000 14.92546055    06
SATNET-590-03850 [DTC]
1  1370U 00000A   25274.57408802 .00000000  00000-0 0 000           7
2  1370  55.0000 132.0000 0000000   0.0000 294.0000 14.92546055    05
SATNET-590-03851 [DTC]
1  1371U 00000A   25274.57408802 .00000000  00000-0 0 000           8
2  1371  55.0000 132.0000 0000000   0.0000 300.0000 14.92546055    04
SATNET-590-03852 [DTC]
1  1372U 00000A   25274.57408802 .00000000  00000-0 0 000           9
2  1372  55.0000 132.0000 0000000   0.0000 306.0000 14.92546055    01
SATNET-590-03853 [DTC]
1  1373U 00000A   25274.57408802 .00000000  00000-0 0 000           0
2  1373  55.0000 132.0000 0000000   0.0000 312.0000 14.92546055    09
SATNET-590-03854 [DTC]
1  1374U 00000A   25274.57408802 .00000000  00000-0 0 000           1
2  1374  55.0000 132.0000 0000000   0.0000 318.0000 14.92546055    06
SATNET-590-03855 [DTC]
1  1375U 00000A   25274.57408802 .00000000  00000-0 0 000           2
2  1375  55.0000 132.0000 0000000   0.0000 324.0000 14.92546055    04
SATNET-590-03856 [DTC]
1  1376U 00000A   25274.57408802 .00000000  00000-0 0 000           3
2  1376  55.0000 132.0000 0000000   0.0000 330.0000 14.92546055    02
SATNET-590-03857 [DTC]
1  1377U 00000A   25274.57408802 .00000000  00000-0 0 000           4
2  1377  55.0000 132.0000 0000000   0.0000 336.0000 14.92546055    09
SATNET-590-03858 [DTC]
1  1378U 00000A   25274.57408802 .00000000  00000-0 0 000           5
2  1378  55.0000 132.0000 0000000   0.0000 342.0000 14.92546055    07
SATNET-590-03859 [DTC]
1  1379U 00000A   25274.57408802 .00000000  00000-0 0 000           6
2  1379  55.0000 132.0000 0000000   0.0000 348.0000 14.92546055    04
SATNET-590-03860 [DTC]
1  1380U 00000A   25274.57408802 .00000000  00000-0 0 000           8
2  1380  55.0000 132.0000 0000000   0.0000 354.0000 14.92546055    03
SATNET-590-03861 [DTC]
1  1381U 00000A   25274.57408802 .00000000  00000-0 0 000           9
2  1381  55.0000 138.0000 0000000   0.0000   0.0000 14.92546055    08
SATNET-590-03862 [DTC]
1  1382U 00000A   25274.57408802 .00000000  00000-0 0 000           0
2  1382  55.0000 138.0000 0000000   0.0000   6.0000 14.92546055    05
SATNET-590-03863 [DTC]
1  1383U 00000A   25274.57408802 .00000000  00000-0 0 000           1
2  1383  55.0000 138.0000 0000000   0.0000  12.0000 14.92546055    03
SATNET-590-03864 [DTC]
1  1384U 00000A   25274.57408802 .00000000  00000-0 0 000           2
2  1384  55.0000 138.0000 0000000   0.0000  18.0000 14.92546055    00
SATNET-590-03865 [DTC]
1  1385U 00000A   25274.57408802 .00000000  00000-0 0 000           3
2  1385  55.0000 138.0000 0000000   0.0000  24.0000 14.92546055    08
SATNET-590-03866 [DTC]
1  1386U 00000A   25274.57408802 .00000000  00000-0 0 000           4
2  1386  55.0000 138.0000 0000000   0.0000  30.0000 14.92546055    06
SATNET-590-03867 [DTC]
1  1387U 00000A   25274.57408802 .00000000  00000-0 0 000           5
2  1387  55.0000 138.0000 0000000   0.0000  36.0000 14.92546055    03
SATNET-590-03868 [DTC]
1  1388U 00000A   25274.57408802 .00000000  00000-0 0 000           6
2  1388  55.0000 138.0000 0000000   0.0000  42.0000 14.92546055    01
SATNET-590-03869 [DTC]
1  1389U 00000A   25274.57408802 .00000000  00000-0 0 000           7
2  1389  55.0000 138.0000 0000000   0.0000  48.0000 14.92546055    08
SATNET-590-03870 [DTC]
1  1390U 00000A   25274.57408802 .00000000  00000-0 0 000           9
2  1390  55.0000 138.0000 0000000   0.0000  54.0000 14.92546055    07
SATNET-590-03871 [DTC]
1  1391U 00000A   25274.57408802 .00000000  00000-0 0 000           0
2  1391  55.0000 138.0000 0000000   0.0000  60.0000 14.92546055    05
SATNET-590-03872 [DTC]
1  1392U 00000A   25274.57408802 .00000000  00000-0 0 000           1
2  1392  55.0000 138.0000 0000000   0.0000  66.0000 14.92546055    02
SATNET-590-03873 [DTC]
1  1393U 00000A   25274.57408802 .00000000  00000-0 0 000           2
2  1393  55.0000 138.0000 0000000   0.0000  72.0000 14.92546055    00
SATNET-590-03874 [DTC]
1  1394U 00000A   25274.57408802 .00000000  00000-0 0 000           3
2  1394  55.0000 138.0000 0000000   0.0000  78.0000 14.92546055    07
SATNET-590-03875 [DTC]
1  1395U 00000A   25274.57408802 .00000000  00000-0 0 000           4
2  1395  55.0000 138.0000 0000000   0.0000  84.0000 14.92546055    05
SATNET-590-03876 [DTC]
1  1396U 00000A   25274.57408802 .00000000  00000-0 0 000           5
2  1396  55.0000 138.0000 0000000   0.0000  90.0000 14.92546055    03
SATNET-590-03877 [DTC]
1  1397U 00000A   25274.57408802 .00000000  00000-0 0 000           6
2  1397  55.0000 138.0000 0000000   0.0000  96.0000 14.92546055    00
SATNET-590-03878 [DTC]
1  1398U 00000A   25274.57408802 .00000000  00000-0 0 000           7
2  1398  55.0000 138.0000 0000000   0.0000 102.0000 14.92546055    09
SATNET-590-03879 [DTC]
1  1399U 00000A   25274.57408802 .00000000  00000-0 0 000           8
2  1399  55.0000 138.0000 0000000   0.0000 108.0000 14.92546055    06
SATNET-590-03880 [DTC]
1  1400U 00000A   25274.57408802 .00000000  00000-0 0 000           1
2  1400  55.0000 138.0000 0000000   0.0000 114.0000 14.92546055    06
SATNET-590-03881 [DTC]
1  1401U 00000A   25274.57408802 .00000000  00000-0 0 000           2
2  1401  55.0000 138.0000 0000000   0.0000 120.0000 14.92546055    04
SATNET-590-03882 [DTC]
1  1402U 00000A   25274.57408802 .00000000  00000-0 0 000           3
2  1402  55.0000 138.0000 0000000   0.0000 126.0000 14.92546055    01
SATNET-590-03883 [DTC]
1  1403U 00000A   25274.57408802 .00000000  00000-0 0 000           4
2  1403  55.0000 138.0000 0000000   0.0000 132.0000 14.92546055    09
SATNET-590-03884 [DTC]
1  1404U 00000A   25274.57408802 .00000000  00000-0 0 000           5
2  1404  55.0000 138.0000 0000000   0.0000 138.0000 14.92546055    06
SATNET-590-03885 [DTC]
1  1405U 00000A   25274.57408802 .00000000  00000-0 0 000           6
2  1405  55.0000 138.0000 0000000   0.0000 144.0000 14.92546055    04
SATNET-590-03886 [DTC]
1  1406U 00000A   25274.57408802 .00000000  00000-0 0 000           7
2  1406  55.0000 138.0000 0000000   0.0000 150.0000 14.92546055    02
SATNET-590-03887 [DTC]
1  1407U 00000A   25274.57408802 .00000000  00000-0 0 000           8
2  1407  55.0000 138.0000 0000000   0.0000 156.0000 14.92546055    09
SATNET-590-03888 [DTC]
1  1408U 00000A   25274.57408802 .00000000  00000-0 0 000           9
2  1408  55.0000 138.0000 0000000   0.0000 162.0000 14.92546055    07
SATNET-590-03889 [DTC]
1  1409U 00000A   25274.57408802 .00000000  00000-0 0 000           0
2  1409  55.0000 138.0000 0000000   0.0000 168.0000 14.92546055    04
SATNET-590-03890 [DTC]
1  1410U 00000A   25274.57408802 .00000000  00000-0 0 000           2
2  1410  55.0000 138.0000 0000000   0.0000 174.0000 14.92546055    03
SATNET-590-03891 [DTC]
1  1411U 00000A   25274.57408802 .00000000  00000-0 0 000           3
2  1411  55.0000 138.0000 0000000   0.0000 180.0000 14.92546055    01
SATNET-590-03892 [DTC]
1  1412U 00000A   25274.57408802 .00000000  00000-0 0 000           4
2  1412  55.0000 138.0000 0000000   0.0000 186.0000 14.92546055    08
SATNET-590-03893 [DTC]
1  1413U 00000A   25274.57408802 .00000000  00000-0 0 000           5
2  1413  55.0000 138.0000 0000000   0.0000 192.0000 14.92546055    06
SATNET-590-03894 [DTC]
1  1414U 00000A   25274.57408802 .00000000  00000-0 0 000           6
2  1414  55.0000 138.0000 0000000   0.0000 198.0000 14.92546055    03
SATNET-590-03895 [DTC]
1  1415U 00000A   25274.57408802 .00000000  00000-0 0 000           7
2  1415  55.0000 138.0000 0000000   0.0000 204.0000 14.92546055    02
SATNET-590-03896 [DTC]
1  1416U 00000A   25274.57408802 .00000000  00000-0 0 000           8
2  1416  55.0000 138.0000 0000000   0.0000 210.0000 14.92546055    00
SATNET-590-03897 [DTC]
1  1417U 00000A   25274.57408802 .00000000  00000-0 0 000           9
2  1417  55.0000 138.0000 0000000   0.0000 216.0000 14.92546055    07
SATNET-590-03898 [DTC]
1  1418U 00000A   25274.57408802 .00000000  00000-0 0 000           0
2  1418  55.0000 138.0000 0000000   0.0000 222.0000 14.92546055    05
SATNET-590-03899 [DTC]
1  1419U 00000A   25274.57408802 .00000000  00000-0 0 000           1
2  1419  55.0000 138.0000 0000000   0.0000 228.0000 14.92546055    02
SATNET-590-03900 [DTC]
1  1420U 00000A   25274.57408802 .00000000  00000-0 0 000           3
2  1420  55.0000 138.0000 0000000   0.0000 234.0000 14.92546055    01
SATNET-590-03901 [DTC]
1  1421U 00000A   25274.57408802 .00000000  00000-0 0 000           4
2  1421  55.0000 138.0000 0000000   0.0000 240.0000 14.92546055    09
SATNET-590-03902 [DTC]
1  1422U 00000A   25274.57408802 .00000000  00000-0 0 000           5
2  1422  55.0000 138.0000 0000000   0.0000 246.0000 14.92546055    06
SATNET-590-03903 [DTC]
1  1423U 00000A   25274.57408802 .00000000  00000-0 0 000           6
2  1423  55.0000 138.0000 0000000   0.0000 252.0000 14.92546055    04
SATNET-590-03904 [DTC]
1  1424U 00000A   25274.57408802 .00000000  00000-0 0 000           7
2  1424  55.0000 138.0000 0000000   0.0000 258.0000 14.92546055    01
SATNET-590-03905 [DTC]
1  1425U 00000A   25274.57408802 .00000000  00000-0 0 000           8
2  1425  55.0000 138.0000 0000000   0.0000 264.0000 14.92546055    09
SATNET-590-03906 [DTC]
1  1426U 00000A   25274.57408802 .00000000  00000-0 0 000           9
2  1426  55.0000 138.0000 0000000   0.0000 270.0000 14.92546055    07
SATNET-590-03907 [DTC]
1  1427U 00000A   25274.57408802 .00000000  00000-0 0 000           0
2  1427  55.0000 138.0000 0000000   0.0000 276.0000 14.92546055    04
SATNET-590-03908 [DTC]
1  1428U 00000A   25274.57408802 .00000000  00000-0 0 000           1
2  1428  55.0000 138.0000 0000000   0.0000 282.0000 14.92546055    02
SATNET-590-03909 [DTC]
1  1429U 00000A   25274.57408802 .00000000  00000-0 0 000           2
2  1429  55.0000 138.0000 0000000   0.0000 288.0000 14.92546055    09
SATNET-590-03910 [DTC]
1  1430U 00000A   25274.57408802 .00000000  00000-0 0 000           4
2  1430  55.0000 138.0000 0000000   0.0000 294.0000 14.92546055    08
SATNET-590-03911 [DTC]
1  1431U 00000A   25274.57408802 .00000000  00000-0 0 000           5
2  1431  55.0000 138.0000 0000000   0.0000 300.0000 14.92546055    07
SATNET-590-03912 [DTC]
1  1432U 00000A   25274.57408802 .00000000  00000-0 0 000           6
2  1432  55.0000 138.0000 0000000   0.0000 306.0000 14.92546055    04
SATNET-590-03913 [DTC]
1  1433U 00000A   25274.57408802 .00000000  00000-0 0 000           7
2  1433  55.0000 138.0000 0000000   0.0000 312.0000 14.92546055    02
SATNET-590-03914 [DTC]
1  1434U 00000A   25274.57408802 .00000000  00000-0 0 000           8
2  1434  55.0000 138.0000 0000000   0.0000 318.0000 14.92546055    09
SATNET-590-03915 [DTC]
1  1435U 00000A   25274.57408802 .00000000  00000-0 0 000           9
2  1435  55.0000 138.0000 0000000   0.0000 324.0000 14.92546055    07
SATNET-590-03916 [DTC]
1  1436U 00000A   25274.57408802 .00000000  00000-0 0 000           0
2  1436  55.0000 138.0000 0000000   0.0000 330.0000 14.92546055    05
SATNET-590-03917 [DTC]
1  1437U 00000A   25274.57408802 .00000000  00000-0 0 000           1
2  1437  55.0000 138.0000 0000000   0.0000 336.0000 14.92546055    02
SATNET-590-03918 [DTC]
1  1438U 00000A   25274.57408802 .00000000  00000-0 0 000           2
2  1438  55.0000 138.0000 0000000   0.0000 342.0000 14.92546055    00
SATNET-590-03919 [DTC]
1  1439U 00000A   25274.57408802 .00000000  00000-0 0 000           3
2  1439  55.0000 138.0000 0000000   0.0000 348.0000 14.92546055    07
SATNET-590-03920 [DTC]
1  1440U 00000A   25274.57408802 .00000000  00000-0 0 000           5
2  1440  55.0000 138.0000 0000000   0.0000 354.0000 14.92546055    06
SATNET-590-03921 [DTC]
1  1441U 00000A   25274.57408802 .00000000  00000-0 0 000           6
2  1441  55.0000 144.0000 0000000   0.0000   0.0000 14.92546055    02
SATNET-590-03922 [DTC]
1  1442U 00000A   25274.57408802 .00000000  00000-0 0 000           7
2  1442  55.0000 144.0000 0000000   0.0000   6.0000 14.92546055    09
SATNET-590-03923 [DTC]
1  1443U 00000A   25274.57408802 .00000000  00000-0 0 000           8
2  1443  55.0000 144.0000 0000000   0.0000  12.0000 14.92546055    07
SATNET-590-03924 [DTC]
1  1444U 00000A   25274.57408802 .00000000  00000-0 0 000           9
2  1444  55.0000 144.0000 0000000   0.0000  18.0000 14.92546055    04
SATNET-590-03925 [DTC]
1  1445U 00000A   25274.57408802 .00000000  00000-0 0 000           0
2  1445  55.0000 144.0000 0000000   0.0000  24.0000 14.92546055    02
SATNET-590-03926 [DTC]
1  1446U 00000A   25274.57408802 .00000000  00000-0 0 000           1
2  1446  55.0000 144.0000 0000000   0.0000  30.0000 14.92546055    00
SATNET-590-03927 [DTC]
1  1447U 00000A   25274.57408802 .00000000  00000-0 0 000           2
2  1447  55.0000 144.0000 0000000   0.0000  36.0000 14.92546055    07
SATNET-590-03928 [DTC]
1  1448U 00000A   25274.57408802 .00000000  00000-0 0 000           3
2  1448  55.0000 144.0000 0000000   0.0000  42.0000 14.92546055    05
SATNET-590-03929 [DTC]
1  1449U 00000A   25274.57408802 .00000000  00000-0 0 000           4
2  1449  55.0000 144.0000 0000000   0.0000  48.0000 14.92546055    02
SATNET-590-03930 [DTC]
1  1450U 00000A   25274.57408802 .00000000  00000-0 0 000           6
2  1450  55.0000 144.0000 0000000   0.0000  54.0000 14.92546055    01
SATNET-590-03931 [DTC]
1  1451U 00000A   25274.57408802 .00000000  00000-0 0 000           7
2  1451  55.0000 144.0000 0000000   0.0000  60.0000 14.92546055    09
SATNET-590-03932 [DTC]
1  1452U 00000A   25274.57408802 .00000000  00000-0 0 000           8
2  1452  55.0000 144.0000 0000000   0.0000  66.0000 14.92546055    06
SATNET-590-03933 [DTC]
1  1453U 00000A   25274.57408802 .00000000  00000-0 0 000           9
2  1453  55.0000 144.0000 0000000   0.0000  72.0000 14.92546055    04
SATNET-590-03934 [DTC]
1  1454U 00000A   25274.57408802 .00000000  00000-0 0 000           0
2  1454  55.0000 144.0000 0000000   0.0000  78.0000 14.92546055    01
SATNET-590-03935 [DTC]
1  1455U 00000A   25274.57408802 .00000000  00000-0 0 000           1
2  1455  55.0000 144.0000 0000000   0.0000  84.0000 14.92546055    09
SATNET-590-03936 [DTC]
1  1456U 00000A   25274.57408802 .00000000  00000-0 0 000           2
2  1456  55.0000 144.0000 0000000   0.0000  90.0000 14.92546055    07
SATNET-590-03937 [DTC]
1  1457U 00000A   25274.57408802 .00000000  00000-0 0 000           3
2  1457  55.0000 144.0000 0000000   0.0000  96.0000 14.92546055    04
SATNET-590-03938 [DTC]
1  1458U 00000A   25274.57408802 .00000000  00000-0 0 000           4
2  1458  55.0000 144.0000 0000000   0.0000 102.0000 14.92546055    03
SATNET-590-03939 [DTC]
1  1459U 00000A   25274.57408802 .00000000  00000-0 0 000           5
2  1459  55.0000 144.0000 0000000   0.0000 108.0000 14.92546055    00
SATNET-590-03940 [DTC]
1  1460U 00000A   25274.57408802 .00000000  00000-0 0 000           7
2  1460  55.0000 144.0000 0000000   0.0000 114.0000 14.92546055    09
SATNET-590-03941 [DTC]
1  1461U 00000A   25274.57408802 .00000000  00000-0 0 000           8
2  1461  55.0000 144.0000 0000000   0.0000 120.0000 14.92546055    07
SATNET-590-03942 [DTC]
1  1462U 00000A   25274.57408802 .00000000  00000-0 0 000           9
2  1462  55.0000 144.0000 0000000   0.0000 126.0000 14.92546055    04
SATNET-590-03943 [DTC]
1  1463U 00000A   25274.57408802 .00000000  00000-0 0 000           0
2  1463  55.0000 144.0000 0000000   0.0000 132.0000 14.92546055    02
SATNET-590-03944 [DTC]
1  1464U 00000A   25274.57408802 .00000000  00000-0 0 000           1
2  1464  55.0000 144.0000 0000000   0.0000 138.0000 14.92546055    09
SATNET-590-03945 [DTC]
1  1465U 00000A   25274.57408802 .00000000  00000-0 0 000           2
2  1465  55.0000 144.0000 0000000   0.0000 144.0000 14.92546055    07
SATNET-590-03946 [DTC]
1  1466U 00000A   25274.57408802 .00000000  00000-0 0 000           3
2  1466  55.0000 144.0000 0000000   0.0000 150.0000 14.92546055    05
SATNET-590-03947 [DTC]
1  1467U 00000A   25274.57408802 .00000000  00000-0 0 000           4
2  1467  55.0000 144.0000 0000000   0.0000 156.0000 14.92546055    02
SATNET-590-03948 [DTC]
1  1468U 00000A   25274.57408802 .00000000  00000-0 0 000           5
2  1468  55.0000 144.0000 0000000   0.0000 162.0000 14.92546055    00
SATNET-590-03949 [DTC]
1  1469U 00000A   25274.57408802 .00000000  00000-0 0 000           6
2  1469  55.0000 144.0000 0000000   0.0000 168.0000 14.92546055    07
SATNET-590-03950 [DTC]
1  1470U 00000A   25274.57408802 .00000000  00000-0 0 000           8
2  1470  55.0000 144.0000 0000000   0.0000 174.0000 14.92546055    06
SATNET-590-03951 [DTC]
1  1471U 00000A   25274.57408802 .00000000  00000-0 0 000           9
2  1471  55.0000 144.0000 0000000   0.0000 180.0000 14.92546055    04
SATNET-590-03952 [DTC]
1  1472U 00000A   25274.57408802 .00000000  00000-0 0 000           0
2  1472  55.0000 144.0000 0000000   0.0000 186.0000 14.92546055    01
SATNET-590-03953 [DTC]
1  1473U 00000A   25274.57408802 .00000000  00000-0 0 000           1
2  1473  55.0000 144.0000 0000000   0.0000 192.0000 14.92546055    09
SATNET-590-03954 [DTC]
1  1474U 00000A   25274.57408802 .00000000  00000-0 0 000           2
2  1474  55.0000 144.0000 0000000   0.0000 198.0000 14.92546055    06
SATNET-590-03955 [DTC]
1  1475U 00000A   25274.57408802 .00000000  00000-0 0 000           3
2  1475  55.0000 144.0000 0000000   0.0000 204.0000 14.92546055    05
SATNET-590-03956 [DTC]
1  1476U 00000A   25274.57408802 .00000000  00000-0 0 000           4
2  1476  55.0000 144.0000 0000000   0.0000 210.0000 14.92546055    03
SATNET-590-03957 [DTC]
1  1477U 00000A   25274.57408802 .00000000  00000-0 0 000           5
2  1477  55.0000 144.0000 0000000   0.0000 216.0000 14.92546055    00
SATNET-590-03958 [DTC]
1  1478U 00000A   25274.57408802 .00000000  00000-0 0 000           6
2  1478  55.0000 144.0000 0000000   0.0000 222.0000 14.92546055    08
SATNET-590-03959 [DTC]
1  1479U 00000A   25274.57408802 .00000000  00000-0 0 000           7
2  1479  55.0000 144.0000 0000000   0.0000 228.0000 14.92546055    05
SATNET-590-03960 [DTC]
1  1480U 00000A   25274.57408802 .00000000  00000-0 0 000           9
2  1480  55.0000 144.0000 0000000   0.0000 234.0000 14.92546055    04
SATNET-590-03961 [DTC]
1  1481U 00000A   25274.57408802 .00000000  00000-0 0 000           0
2  1481  55.0000 144.0000 0000000   0.0000 240.0000 14.92546055    02
SATNET-590-03962 [DTC]
1  1482U 00000A   25274.57408802 .00000000  00000-0 0 000           1
2  1482  55.0000 144.0000 0000000   0.0000 246.0000 14.92546055    09
SATNET-590-03963 [DTC]
1  1483U 00000A   25274.57408802 .00000000  00000-0 0 000           2
2  1483  55.0000 144.0000 0000000   0.0000 252.0000 14.92546055    07
SATNET-590-03964 [DTC]
1  1484U 00000A   25274.57408802 .00000000  00000-0 0 000           3
2  1484  55.0000 144.0000 0000000   0.0000 258.0000 14.92546055    04
SATNET-590-03965 [DTC]
1  1485U 00000A   25274.57408802 .00000000  00000-0 0 000           4
2  1485  55.0000 144.0000 0000000   0.0000 264.0000 14.92546055    02
SATNET-590-03966 [DTC]
1  1486U 00000A   25274.57408802 .00000000  00000-0 0 000           5
2  1486  55.0000 144.0000 0000000   0.0000 270.0000 14.92546055    00
SATNET-590-03967 [DTC]
1  1487U 00000A   25274.57408802 .00000000  00000-0 0 000           6
2  1487  55.0000 144.0000 0000000   0.0000 276.0000 14.92546055    07
SATNET-590-03968 [DTC]
1  1488U 00000A   25274.57408802 .00000000  00000-0 0 000           7
2  1488  55.0000 144.0000 0000000   0.0000 282.0000 14.92546055    05
SATNET-590-03969 [DTC]
1  1489U 00000A   25274.57408802 .00000000  00000-0 0 000           8
2  1489  55.0000 144.0000 0000000   0.0000 288.0000 14.92546055    02
SATNET-590-03970 [DTC]
1  1490U 00000A   25274.57408802 .00000000  00000-0 0 000           0
2  1490  55.0000 144.0000 0000000   0.0000 294.0000 14.92546055    01
SATNET-590-03971 [DTC]
1  1491U 00000A   25274.57408802 .00000000  00000-0 0 000           1
2  1491  55.0000 144.0000 0000000   0.0000 300.0000 14.92546055    00
SATNET-590-03972 [DTC]
1  1492U 00000A   25274.57408802 .00000000  00000-0 0 000           2
2  1492  55.0000 144.0000 0000000   0.0000 306.0000 14.92546055    07
SATNET-590-03973 [DTC]
1  1493U 00000A   25274.57408802 .00000000  00000-0 0 000           3
2  1493  55.0000 144.0000 0000000   0.0000 312.0000 14.92546055    05
SATNET-590-03974 [DTC]
1  1494U 00000A   25274.57408802 .00000000  00000-0 0 000           4
2  1494  55.0000 144.0000 0000000   0.0000 318.0000 14.92546055    02
SATNET-590-03975 [DTC]
1  1495U 00000A   25274.57408802 .00000000  00000-0 0 000           5
2  1495  55.0000 144.0000 0000000   0.0000 324.0000 14.92546055    00
SATNET-590-03976 [DTC]
1  1496U 00000A   25274.57408802 .00000000  00000-0 0 000           6
2  1496  55.0000 144.0000 0000000   0.0000 330.0000 14.92546055    08
SATNET-590-03977 [DTC]
1  1497U 00000A   25274.57408802 .00000000  00000-0 0 000           7
2  1497  55.0000 144.0000 0000000   0.0000 336.0000 14.92546055    05
SATNET-590-03978 [DTC]
1  1498U 00000A   25274.57408802 .00000000  00000-0 0 000           8
2  1498  55.0000 144.0000 0000000   0.0000 342.0000 14.92546055    03
SATNET-590-03979 [DTC]
1  1499U 00000A   25274.57408802 .00000000  00000-0 0 000           9
2  1499  55.0000 144.0000 0000000   0.0000 348.0000 14.92546055    00
SATNET-590-03980 [DTC]
1  1500U 00000A   25274.57408802 .00000000  00000-0 0 000           2
2  1500  55.0000 144.0000 0000000   0.0000 354.0000 14.92546055    00
SATNET-590-03981 [DTC]
1  1501U 00000A   25274.57408802 .00000000  00000-0 0 000           3
2  1501  55.0000 150.0000 0000000   0.0000   0.0000 14.92546055    06
SATNET-590-03982 [DTC]
1  1502U 00000A   25274.57408802 .00000000  00000-0 0 000           4
2  1502  55.0000 150.0000 0000000   0.0000   6.0000 14.92546055    03
SATNET-590-03983 [DTC]
1  1503U 00000A   25274.57408802 .00000000  00000-0 0 000           5
2  1503  55.0000 150.0000 0000000   0.0000  12.0000 14.92546055    01
SATNET-590-03984 [DTC]
1  1504U 00000A   25274.57408802 .00000000  00000-0 0 000           6
2  1504  55.0000 150.0000 0000000   0.0000  18.0000 14.92546055    08
SATNET-590-03985 [DTC]
1  1505U 00000A   25274.57408802 .00000000  00000-0 0 000           7
2  1505  55.0000 150.0000 0000000   0.0000  24.0000 14.92546055    06
SATNET-590-03986 [DTC]
1  1506U 00000A   25274.57408802 .00000000  00000-0 0 000           8
2  1506  55.0000 150.0000 0000000   0.0000  30.0000 14.92546055    04
SATNET-590-03987 [DTC]
1  1507U 00000A   25274.57408802 .00000000  00000-0 0 000           9
2  1507  55.0000 150.0000 0000000   0.0000  36.0000 14.92546055    01
SATNET-590-03988 [DTC]
1  1508U 00000A   25274.57408802 .00000000  00000-0 0 000           0
2  1508  55.0000 150.0000 0000000   0.0000  42.0000 14.92546055    09
SATNET-590-03989 [DTC]
1  1509U 00000A   25274.57408802 .00000000  00000-0 0 000           1
2  1509  55.0000 150.0000 0000000   0.0000  48.0000 14.92546055    06
SATNET-590-03990 [DTC]
1  1510U 00000A   25274.57408802 .00000000  00000-0 0 000           3
2  1510  55.0000 150.0000 0000000   0.0000  54.0000 14.92546055    05
SATNET-590-03991 [DTC]
1  1511U 00000A   25274.57408802 .00000000  00000-0 0 000           4
2  1511  55.0000 150.0000 0000000   0.0000  60.0000 14.92546055    03
SATNET-590-03992 [DTC]
1  1512U 00000A   25274.57408802 .00000000  00000-0 0 000           5
2  1512  55.0000 150.0000 0000000   0.0000  66.0000 14.92546055    00
SATNET-590-03993 [DTC]
1  1513U 00000A   25274.57408802 .00000000  00000-0 0 000           6
2  1513  55.0000 150.0000 0000000   0.0000  72.0000 14.92546055    08
SATNET-590-03994 [DTC]
1  1514U 00000A   25274.57408802 .00000000  00000-0 0 000           7
2  1514  55.0000 150.0000 0000000   0.0000  78.0000 14.92546055    05
SATNET-590-03995 [DTC]
1  1515U 00000A   25274.57408802 .00000000  00000-0 0 000           8
2  1515  55.0000 150.0000 0000000   0.0000  84.0000 14.92546055    03
SATNET-590-03996 [DTC]
1  1516U 00000A   25274.57408802 .00000000  00000-0 0 000           9
2  1516  55.0000 150.0000 0000000   0.0000  90.0000 14.92546055    01
SATNET-590-03997 [DTC]
1  1517U 00000A   25274.57408802 .00000000  00000-0 0 000           0
2  1517  55.0000 150.0000 0000000   0.0000  96.0000 14.92546055    08
SATNET-590-03998 [DTC]
1  1518U 00000A   25274.57408802 .00000000  00000-0 0 000           1
2  1518  55.0000 150.0000 0000000   0.0000 102.0000 14.92546055    07
SATNET-590-03999 [DTC]
1  1519U 00000A   25274.57408802 .00000000  00000-0 0 000           2
2  1519  55.0000 150.0000 0000000   0.0000 108.0000 14.92546055    04
SATNET-590-04000 [DTC]
1  1520U 00000A   25274.57408802 .00000000  00000-0 0 000           4
2  1520  55.0000 150.0000 0000000   0.0000 114.0000 14.92546055    03
SATNET-590-04001 [DTC]
1  1521U 00000A   25274.57408802 .00000000  00000-0 0 000           5
2  1521  55.0000 150.0000 0000000   0.0000 120.0000 14.92546055    01
SATNET-590-04002 [DTC]
1  1522U 00000A   25274.57408802 .00000000  00000-0 0 000           6
2  1522  55.0000 150.0000 0000000   0.0000 126.0000 14.92546055    08
SATNET-590-04003 [DTC]
1  1523U 00000A   25274.57408802 .00000000  00000-0 0 000           7
2  1523  55.0000 150.0000 0000000   0.0000 132.0000 14.92546055    06
SATNET-590-04004 [DTC]
1  1524U 00000A   25274.57408802 .00000000  00000-0 0 000           8
2  1524  55.0000 150.0000 0000000   0.0000 138.0000 14.92546055    03
SATNET-590-04005 [DTC]
1  1525U 00000A   25274.57408802 .00000000  00000-0 0 000           9
2  1525  55.0000 150.0000 0000000   0.0000 144.0000 14.92546055    01
SATNET-590-04006 [DTC]
1  1526U 00000A   25274.57408802 .00000000  00000-0 0 000           0
2  1526  55.0000 150.0000 0000000   0.0000 150.0000 14.92546055    09
SATNET-590-04007 [DTC]
1  1527U 00000A   25274.57408802 .00000000  00000-0 0 000           1
2  1527  55.0000 150.0000 0000000   0.0000 156.0000 14.92546055    06
SATNET-590-04008 [DTC]
1  1528U 00000A   25274.57408802 .00000000  00000-0 0 000           2
2  1528  55.0000 150.0000 0000000   0.0000 162.0000 14.92546055    04
SATNET-590-04009 [DTC]
1  1529U 00000A   25274.57408802 .00000000  00000-0 0 000           3
2  1529  55.0000 150.0000 0000000   0.0000 168.0000 14.92546055    01
SATNET-590-04010 [DTC]
1  1530U 00000A   25274.57408802 .00000000  00000-0 0 000           5
2  1530  55.0000 150.0000 0000000   0.0000 174.0000 14.92546055    00
SATNET-590-04011 [DTC]
1  1531U 00000A   25274.57408802 .00000000  00000-0 0 000           6
2  1531  55.0000 150.0000 0000000   0.0000 180.0000 14.92546055    08
SATNET-590-04012 [DTC]
1  1532U 00000A   25274.57408802 .00000000  00000-0 0 000           7
2  1532  55.0000 150.0000 0000000   0.0000 186.0000 14.92546055    05
SATNET-590-04013 [DTC]
1  1533U 00000A   25274.57408802 .00000000  00000-0 0 000           8
2  1533  55.0000 150.0000 0000000   0.0000 192.0000 14.92546055    03
SATNET-590-04014 [DTC]
1  1534U 00000A   25274.57408802 .00000000  00000-0 0 000           9
2  1534  55.0000 150.0000 0000000   0.0000 198.0000 14.92546055    00
SATNET-590-04015 [DTC]
1  1535U 00000A   25274.57408802 .00000000  00000-0 0 000           0
2  1535  55.0000 150.0000 0000000   0.0000 204.0000 14.92546055    09
SATNET-590-04016 [DTC]
1  1536U 00000A   25274.57408802 .00000000  00000-0 0 000           1
2  1536  55.0000 150.0000 0000000   0.0000 210.0000 14.92546055    07
SATNET-590-04017 [DTC]
1  1537U 00000A   25274.57408802 .00000000  00000-0 0 000           2
2  1537  55.0000 150.0000 0000000   0.0000 216.0000 14.92546055    04
SATNET-590-04018 [DTC]
1  1538U 00000A   25274.57408802 .00000000  00000-0 0 000           3
2  1538  55.0000 150.0000 0000000   0.0000 222.0000 14.92546055    02
SATNET-590-04019 [DTC]
1  1539U 00000A   25274.57408802 .00000000  00000-0 0 000           4
2  1539  55.0000 150.0000 0000000   0.0000 228.0000 14.92546055    09
SATNET-590-04020 [DTC]
1  1540U 00000A   25274.57408802 .00000000  00000-0 0 000           6
2  1540  55.0000 150.0000 0000000   0.0000 234.0000 14.92546055    08
SATNET-590-04021 [DTC]
1  1541U 00000A   25274.57408802 .00000000  00000-0 0 000           7
2  1541  55.0000 150.0000 0000000   0.0000 240.0000 14.92546055    06
SATNET-590-04022 [DTC]
1  1542U 00000A   25274.57408802 .00000000  00000-0 0 000           8
2  1542  55.0000 150.0000 0000000   0.0000 246.0000 14.92546055    03
SATNET-590-04023 [DTC]
1  1543U 00000A   25274.57408802 .00000000  00000-0 0 000           9
2  1543  55.0000 150.0000 0000000   0.0000 252.0000 14.92546055    01
SATNET-590-04024 [DTC]
1  1544U 00000A   25274.57408802 .00000000  00000-0 0 000           0
2  1544  55.0000 150.0000 0000000   0.0000 258.0000 14.92546055    08
SATNET-590-04025 [DTC]
1  1545U 00000A   25274.57408802 .00000000  00000-0 0 000           1
2  1545  55.0000 150.0000 0000000   0.0000 264.0000 14.92546055    06
SATNET-590-04026 [DTC]
1  1546U 00000A   25274.57408802 .00000000  00000-0 0 000           2
2  1546  55.0000 150.0000 0000000   0.0000 270.0000 14.92546055    04
SATNET-590-04027 [DTC]
1  1547U 00000A   25274.57408802 .00000000  00000-0 0 000           3
2  1547  55.0000 150.0000 0000000   0.0000 276.0000 14.92546055    01
SATNET-590-04028 [DTC]
1  1548U 00000A   25274.57408802 .00000000  00000-0 0 000           4
2  1548  55.0000 150.0000 0000000   0.0000 282.0000 14.92546055    09
SATNET-590-04029 [DTC]
1  1549U 00000A   25274.57408802 .00000000  00000-0 0 000           5
2  1549  55.0000 150.0000 0000000   0.0000 288.0000 14.92546055    06
SATNET-590-04030 [DTC]
1  1550U 00000A   25274.57408802 .00000000  00000-0 0 000           7
2  1550  55.0000 150.0000 0000000   0.0000 294.0000 14.92546055    05
SATNET-590-04031 [DTC]
1  1551U 00000A   25274.57408802 .00000000  00000-0 0 000           8
2  1551  55.0000 150.0000 0000000   0.0000 300.0000 14.92546055    04
SATNET-590-04032 [DTC]
1  1552U 00000A   25274.57408802 .00000000  00000-0 0 000           9
2  1552  55.0000 150.0000 0000000   0.0000 306.0000 14.92546055    01
SATNET-590-04033 [DTC]
1  1553U 00000A   25274.57408802 .00000000  00000-0 0 000           0
2  1553  55.0000 150.0000 0000000   0.0000 312.0000 14.92546055    09
SATNET-590-04034 [DTC]
1  1554U 00000A   25274.57408802 .00000000  00000-0 0 000           1
2  1554  55.0000 150.0000 0000000   0.0000 318.0000 14.92546055    06
SATNET-590-04035 [DTC]
1  1555U 00000A   25274.57408802 .00000000  00000-0 0 000           2
2  1555  55.0000 150.0000 0000000   0.0000 324.0000 14.92546055    04
SATNET-590-04036 [DTC]
1  1556U 00000A   25274.57408802 .00000000  00000-0 0 000           3
2  1556  55.0000 150.0000 0000000   0.0000 330.0000 14.92546055    02
SATNET-590-04037 [DTC]
1  1557U 00000A   25274.57408802 .00000000  00000-0 0 000           4
2  1557  55.0000 150.0000 0000000   0.0000 336.0000 14.92546055    09
SATNET-590-04038 [DTC]
1  1558U 00000A   25274.57408802 .00000000  00000-0 0 000           5
2  1558  55.0000 150.0000 0000000   0.0000 342.0000 14.92546055    07
SATNET-590-04039 [DTC]
1  1559U 00000A   25274.57408802 .00000000  00000-0 0 000           6
2  1559  55.0000 150.0000 0000000   0.0000 348.0000 14.92546055    04
SATNET-590-04040 [DTC]
1  1560U 00000A   25274.57408802 .00000000  00000-0 0 000           8
2  1560  55.0000 150.0000 0000000   0.0000 354.0000 14.92546055    03
SATNET-590-04041 [DTC]
1  1561U 00000A   25274.57408802 .00000000  00000-0 0 000           9
2  1561  55.0000 156.0000 0000000   0.0000   0.0000 14.92546055    08
SATNET-590-04042 [DTC]
1  1562U 00000A   25274.57408802 .00000000  00000-0 0 000           0
2  1562  55.0000 156.0000 0000000   0.0000   6.0000 14.92546055    05
SATNET-590-04043 [DTC]
1  1563U 00000A   25274.57408802 .00000000  00000-0 0 000           1
2  1563  55.0000 156.0000 0000000   0.0000  12.0000 14.92546055    03
SATNET-590-04044 [DTC]
1  1564U 00000A   25274.57408802 .00000000  00000-0 0 000           2
2  1564  55.0000 156.0000 0000000   0.0000  18.0000 14.92546055    00
SATNET-590-04045 [DTC]
1  1565U 00000A   25274.57408802 .00000000  00000-0 0 000           3
2  1565  55.0000 156.0000 0000000   0.0000  24.0000 14.92546055    08
SATNET-590-04046 [DTC]
1  1566U 00000A   25274.57408802 .00000000  00000-0 0 000           4
2  1566  55.0000 156.0000 0000000   0.0000  30.0000 14.92546055    06
SATNET-590-04047 [DTC]
1  1567U 00000A   25274.57408802 .00000000  00000-0 0 000           5
2  1567  55.0000 156.0000 0000000   0.0000  36.0000 14.92546055    03
SATNET-590-04048 [DTC]
1  1568U 00000A   25274.57408802 .00000000  00000-0 0 000           6
2  1568  55.0000 156.0000 0000000   0.0000  42.0000 14.92546055    01
SATNET-590-04049 [DTC]
1  1569U 00000A   25274.57408802 .00000000  00000-0 0 000           7
2  1569  55.0000 156.0000 0000000   0.0000  48.0000 14.92546055    08
SATNET-590-04050 [DTC]
1  1570U 00000A   25274.57408802 .00000000  00000-0 0 000           9
2  1570  55.0000 156.0000 0000000   0.0000  54.0000 14.92546055    07
SATNET-590-04051 [DTC]
1  1571U 00000A   25274.57408802 .00000000  00000-0 0 000           0
2  1571  55.0000 156.0000 0000000   0.0000  60.0000 14.92546055    05
SATNET-590-04052 [DTC]
1  1572U 00000A   25274.57408802 .00000000  00000-0 0 000           1
2  1572  55.0000 156.0000 0000000   0.0000  66.0000 14.92546055    02
SATNET-590-04053 [DTC]
1  1573U 00000A   25274.57408802 .00000000  00000-0 0 000           2
2  1573  55.0000 156.0000 0000000   0.0000  72.0000 14.92546055    00
SATNET-590-04054 [DTC]
1  1574U 00000A   25274.57408802 .00000000  00000-0 0 000           3
2  1574  55.0000 156.0000 0000000   0.0000  78.0000 14.92546055    07
SATNET-590-04055 [DTC]
1  1575U 00000A   25274.57408802 .00000000  00000-0 0 000           4
2  1575  55.0000 156.0000 0000000   0.0000  84.0000 14.92546055    05
SATNET-590-04056 [DTC]
1  1576U 00000A   25274.57408802 .00000000  00000-0 0 000           5
2  1576  55.0000 156.0000 0000000   0.0000  90.0000 14.92546055    03
SATNET-590-04057 [DTC]
1  1577U 00000A   25274.57408802 .00000000  00000-0 0 000           6
2  1577  55.0000 156.0000 0000000   0.0000  96.0000 14.92546055    00
SATNET-590-04058 [DTC]
1  1578U 00000A   25274.57408802 .00000000  00000-0 0 000           7
2  1578  55.0000 156.0000 0000000   0.0000 102.0000 14.92546055    09
SATNET-590-04059 [DTC]
1  1579U 00000A   25274.57408802 .00000000  00000-0 0 000           8
2  1579  55.0000 156.0000 0000000   0.0000 108.0000 14.92546055    06
SATNET-590-04060 [DTC]
1  1580U 00000A   25274.57408802 .00000000  00000-0 0 000           0
2  1580  55.0000 156.0000 0000000   0.0000 114.0000 14.92546055    05
SATNET-590-04061 [DTC]
1  1581U 00000A   25274.57408802 .00000000  00000-0 0 000           1
2  1581  55.0000 156.0000 0000000   0.0000 120.0000 14.92546055    03
SATNET-590-04062 [DTC]
1  1582U 00000A   25274.57408802 .00000000  00000-0 0 000           2
2  1582  55.0000 156.0000 0000000   0.0000 126.0000 14.92546055    00
SATNET-590-04063 [DTC]
1  1583U 00000A   25274.57408802 .00000000  00000-0 0 000           3
2  1583  55.0000 156.0000 0000000   0.0000 132.0000 14.92546055    08
SATNET-590-04064 [DTC]
1  1584U 00000A   25274.57408802 .00000000  00000-0 0 000           4
2  1584  55.0000 156.0000 0000000   0.0000 138.0000 14.92546055    05
SATNET-590-04065 [DTC]
1  1585U 00000A   25274.57408802 .00000000  00000-0 0 000           5
2  1585  55.0000 156.0000 0000000   0.0000 144.0000 14.92546055    03
SATNET-590-04066 [DTC]
1  1586U 00000A   25274.57408802 .00000000  00000-0 0 000           6
2  1586  55.0000 156.0000 0000000   0.0000 150.0000 14.92546055    01
SATNET-590-04067 [DTC]
1  1587U 00000A   25274.57408802 .00000000  00000-0 0 000           7
2  1587  55.0000 156.0000 0000000   0.0000 156.0000 14.92546055    08
SATNET-590-04068 [DTC]
1  1588U 00000A   25274.57408802 .00000000  00000-0 0 000           8
2  1588  55.0000 156.0000 0000000   0.0000 162.0000 14.92546055    06
SATNET-590-04069 [DTC]
1  1589U 00000A   25274.57408802 .00000000  00000-0 0 000           9
2  1589  55.0000 156.0000 0000000   0.0000 168.0000 14.92546055    03
SATNET-590-04070 [DTC]
1  1590U 00000A   25274.57408802 .00000000  00000-0 0 000           1
2  1590  55.0000 156.0000 0000000   0.0000 174.0000 14.92546055    02
SATNET-590-04071 [DTC]
1  1591U 00000A   25274.57408802 .00000000  00000-0 0 000           2
2  1591  55.0000 156.0000 0000000   0.0000 180.0000 14.92546055    00
SATNET-590-04072 [DTC]
1  1592U 00000A   25274.57408802 .00000000  00000-0 0 000           3
2  1592  55.0000 156.0000 0000000   0.0000 186.0000 14.92546055    07
SATNET-590-04073 [DTC]
1  1593U 00000A   25274.57408802 .00000000  00000-0 0 000           4
2  1593  55.0000 156.0000 0000000   0.0000 192.0000 14.92546055    05
SATNET-590-04074 [DTC]
1  1594U 00000A   25274.57408802 .00000000  00000-0 0 000           5
2  1594  55.0000 156.0000 0000000   0.0000 198.0000 14.92546055    02
SATNET-590-04075 [DTC]
1  1595U 00000A   25274.57408802 .00000000  00000-0 0 000           6
2  1595  55.0000 156.0000 0000000   0.0000 204.0000 14.92546055    01
SATNET-590-04076 [DTC]
1  1596U 00000A   25274.57408802 .00000000  00000-0 0 000           7
2  1596  55.0000 156.0000 0000000   0.0000 210.0000 14.92546055    09
SATNET-590-04077 [DTC]
1  1597U 00000A   25274.57408802 .00000000  00000-0 0 000           8
2  1597  55.0000 156.0000 0000000   0.0000 216.0000 14.92546055    06
SATNET-590-04078 [DTC]
1  1598U 00000A   25274.57408802 .00000000  00000-0 0 000           9
2  1598  55.0000 156.0000 0000000   0.0000 222.0000 14.92546055    04
SATNET-590-04079 [DTC]
1  1599U 00000A   25274.57408802 .00000000  00000-0 0 000           0
2  1599  55.0000 156.0000 0000000   0.0000 228.0000 14.92546055    01
SATNET-590-04080 [DTC]
1  1600U 00000A   25274.57408802 .00000000  00000-0 0 000           3
2  1600  55.0000 156.0000 0000000   0.0000 234.0000 14.92546055    01
SATNET-590-04081 [DTC]
1  1601U 00000A   25274.57408802 .00000000  00000-0 0 000           4
2  1601  55.0000 156.0000 0000000   0.0000 240.0000 14.92546055    09
SATNET-590-04082 [DTC]
1  1602U 00000A   25274.57408802 .00000000  00000-0 0 000           5
2  1602  55.0000 156.0000 0000000   0.0000 246.0000 14.92546055    06
SATNET-590-04083 [DTC]
1  1603U 00000A   25274.57408802 .00000000  00000-0 0 000           6
2  1603  55.0000 156.0000 0000000   0.0000 252.0000 14.92546055    04
SATNET-590-04084 [DTC]
1  1604U 00000A   25274.57408802 .00000000  00000-0 0 000           7
2  1604  55.0000 156.0000 0000000   0.0000 258.0000 14.92546055    01
SATNET-590-04085 [DTC]
1  1605U 00000A   25274.57408802 .00000000  00000-0 0 000           8
2  1605  55.0000 156.0000 0000000   0.0000 264.0000 14.92546055    09
SATNET-590-04086 [DTC]
1  1606U 00000A   25274.57408802 .00000000  00000-0 0 000           9
2  1606  55.0000 156.0000 0000000   0.0000 270.0000 14.92546055    07
SATNET-590-04087 [DTC]
1  1607U 00000A   25274.57408802 .00000000  00000-0 0 000           0
2  1607  55.0000 156.0000 0000000   0.0000 276.0000 14.92546055    04
SATNET-590-04088 [DTC]
1  1608U 00000A   25274.57408802 .00000000  00000-0 0 000           1
2  1608  55.0000 156.0000 0000000   0.0000 282.0000 14.92546055    02
SATNET-590-04089 [DTC]
1  1609U 00000A   25274.57408802 .00000000  00000-0 0 000           2
2  1609  55.0000 156.0000 0000000   0.0000 288.0000 14.92546055    09
SATNET-590-04090 [DTC]
1  1610U 00000A   25274.57408802 .00000000  00000-0 0 000           4
2  1610  55.0000 156.0000 0000000   0.0000 294.0000 14.92546055    08
SATNET-590-04091 [DTC]
1  1611U 00000A   25274.57408802 .00000000  00000-0 0 000           5
2  1611  55.0000 156.0000 0000000   0.0000 300.0000 14.92546055    07
SATNET-590-04092 [DTC]
1  1612U 00000A   25274.57408802 .00000000  00000-0 0 000           6
2  1612  55.0000 156.0000 0000000   0.0000 306.0000 14.92546055    04
SATNET-590-04093 [DTC]
1  1613U 00000A   25274.57408802 .00000000  00000-0 0 000           7
2  1613  55.0000 156.0000 0000000   0.0000 312.0000 14.92546055    02
SATNET-590-04094 [DTC]
1  1614U 00000A   25274.57408802 .00000000  00000-0 0 000           8
2  1614  55.0000 156.0000 0000000   0.0000 318.0000 14.92546055    09
SATNET-590-04095 [DTC]
1  1615U 00000A   25274.57408802 .00000000  00000-0 0 000           9
2  1615  55.0000 156.0000 0000000   0.0000 324.0000 14.92546055    07
SATNET-590-04096 [DTC]
1  1616U 00000A   25274.57408802 .00000000  00000-0 0 000           0
2  1616  55.0000 156.0000 0000000   0.0000 330.0000 14.92546055    05
SATNET-590-04097 [DTC]
1  1617U 00000A   25274.57408802 .00000000  00000-0 0 000           1
2  1617  55.0000 156.0000 0000000   0.0000 336.0000 14.92546055    02
SATNET-590-04098 [DTC]
1  1618U 00000A   25274.57408802 .00000000  00000-0 0 000           2
2  1618  55.0000 156.0000 0000000   0.0000 342.0000 14.92546055    00
SATNET-590-04099 [DTC]
1  1619U 00000A   25274.57408802 .00000000  00000-0 0 000           3
2  1619  55.0000 156.0000 0000000   0.0000 348.0000 14.92546055    07
SATNET-590-04100 [DTC]
1  1620U 00000A   25274.57408802 .00000000  00000-0 0 000           5
2  1620  55.0000 156.0000 0000000   0.0000 354.0000 14.92546055    06
SATNET-590-04101 [DTC]
1  1621U 00000A   25274.57408802 .00000000  00000-0 0 000           6
2  1621  55.0000 162.0000 0000000   0.0000   0.0000 14.92546055    02
SATNET-590-04102 [DTC]
1  1622U 00000A   25274.57408802 .00000000  00000-0 0 000           7
2  1622  55.0000 162.0000 0000000   0.0000   6.0000 14.92546055    09
SATNET-590-04103 [DTC]
1  1623U 00000A   25274.57408802 .00000000  00000-0 0 000           8
2  1623  55.0000 162.0000 0000000   0.0000  12.0000 14.92546055    07
SATNET-590-04104 [DTC]
1  1624U 00000A   25274.57408802 .00000000  00000-0 0 000           9
2  1624  55.0000 162.0000 0000000   0.0000  18.0000 14.92546055    04
SATNET-590-04105 [DTC]
1  1625U 00000A   25274.57408802 .00000000  00000-0 0 000           0
2  1625  55.0000 162.0000 0000000   0.0000  24.0000 14.92546055    02
SATNET-590-04106 [DTC]
1  1626U 00000A   25274.57408802 .00000000  00000-0 0 000           1
2  1626  55.0000 162.0000 0000000   0.0000  30.0000 14.92546055    00
SATNET-590-04107 [DTC]
1  1627U 00000A   25274.57408802 .00000000  00000-0 0 000           2
2  1627  55.0000 162.0000 0000000   0.0000  36.0000 14.92546055    07
SATNET-590-04108 [DTC]
1  1628U 00000A   25274.57408802 .00000000  00000-0 0 000           3
2  1628  55.0000 162.0000 0000000   0.0000  42.0000 14.92546055    05
SATNET-590-04109 [DTC]
1  1629U 00000A   25274.57408802 .00000000  00000-0 0 000           4
2  1629  55.0000 162.0000 0000000   0.0000  48.0000 14.92546055    02
SATNET-590-04110 [DTC]
1  1630U 00000A   25274.57408802 .00000000  00000-0 0 000           6
2  1630  55.0000 162.0000 0000000   0.0000  54.0000 14.92546055    01
SATNET-590-04111 [DTC]
1  1631U 00000A   25274.57408802 .00000000  00000-0 0 000           7
2  1631  55.0000 162.0000 0000000   0.0000  60.0000 14.92546055    09
SATNET-590-04112 [DTC]
1  1632U 00000A   25274.57408802 .00000000  00000-0 0 000           8
2  1632  55.0000 162.0000 0000000   0.0000  66.0000 14.92546055    06
SATNET-590-04113 [DTC]
1  1633U 00000A   25274.57408802 .00000000  00000-0 0 000           9
2  1633  55.0000 162.0000 0000000   0.0000  72.0000 14.92546055    04
SATNET-590-04114 [DTC]
1  1634U 00000A   25274.57408802 .00000000  00000-0 0 000           0
2  1634  55.0000 162.0000 0000000   0.0000  78.0000 14.92546055    01
SATNET-590-04115 [DTC]
1  1635U 00000A   25274.57408802 .00000000  00000-0 0 000           1
2  1635  55.0000 162.0000 0000000   0.0000  84.0000 14.92546055    09
SATNET-590-04116 [DTC]
1  1636U 00000A   25274.57408802 .00000000  00000-0 0 000           2
2  1636  55.0000 162.0000 0000000   0.0000  90.0000 14.92546055    07
SATNET-590-04117 [DTC]
1  1637U 00000A   25274.57408802 .00000000  00000-0 0 000           3
2  1637  55.0000 162.0000 0000000   0.0000  96.0000 14.92546055    04
SATNET-590-04118 [DTC]
1  1638U 00000A   25274.57408802 .00000000  00000-0 0 000           4
2  1638  55.0000 162.0000 0000000   0.0000 102.0000 14.92546055    03
SATNET-590-04119 [DTC]
1  1639U 00000A   25274.57408802 .00000000  00000-0 0 000           5
2  1639  55.0000 162.0000 0000000   0.0000 108.0000 14.92546055    00
SATNET-590-04120 [DTC]
1  1640U 00000A   25274.57408802 .00000000  00000-0 0 000           7
2  1640  55.0000 162.0000 0000000   0.0000 114.0000 14.92546055    09
SATNET-590-04121 [DTC]
1  1641U 00000A   25274.57408802 .00000000  00000-0 0 000           8
2  1641  55.0000 162.0000 0000000   0.0000 120.0000 14.92546055    07
SATNET-590-04122 [DTC]
1  1642U 00000A   25274.57408802 .00000000  00000-0 0 000           9
2  1642  55.0000 162.0000 0000000   0.0000 126.0000 14.92546055    04
SATNET-590-04123 [DTC]
1  1643U 00000A   25274.57408802 .00000000  00000-0 0 000           0
2  1643  55.0000 162.0000 0000000   0.0000 132.0000 14.92546055    02
SATNET-590-04124 [DTC]
1  1644U 00000A   25274.57408802 .00000000  00000-0 0 000           1
2  1644  55.0000 162.0000 0000000   0.0000 138.0000 14.92546055    09
SATNET-590-04125 [DTC]
1  1645U 00000A   25274.57408802 .00000000  00000-0 0 000           2
2  1645  55.0000 162.0000 0000000   0.0000 144.0000 14.92546055    07
SATNET-590-04126 [DTC]
1  1646U 00000A   25274.57408802 .00000000  00000-0 0 000           3
2  1646  55.0000 162.0000 0000000   0.0000 150.0000 14.92546055    05
SATNET-590-04127 [DTC]
1  1647U 00000A   25274.57408802 .00000000  00000-0 0 000           4
2  1647  55.0000 162.0000 0000000   0.0000 156.0000 14.92546055    02
SATNET-590-04128 [DTC]
1  1648U 00000A   25274.57408802 .00000000  00000-0 0 000           5
2  1648  55.0000 162.0000 0000000   0.0000 162.0000 14.92546055    00
SATNET-590-04129 [DTC]
1  1649U 00000A   25274.57408802 .00000000  00000-0 0 000           6
2  1649  55.0000 162.0000 0000000   0.0000 168.0000 14.92546055    07
SATNET-590-04130 [DTC]
1  1650U 00000A   25274.57408802 .00000000  00000-0 0 000           8
2  1650  55.0000 162.0000 0000000   0.0000 174.0000 14.92546055    06
SATNET-590-04131 [DTC]
1  1651U 00000A   25274.57408802 .00000000  00000-0 0 000           9
2  1651  55.0000 162.0000 0000000   0.0000 180.0000 14.92546055    04
SATNET-590-04132 [DTC]
1  1652U 00000A   25274.57408802 .00000000  00000-0 0 000           0
2  1652  55.0000 162.0000 0000000   0.0000 186.0000 14.92546055    01
SATNET-590-04133 [DTC]
1  1653U 00000A   25274.57408802 .00000000  00000-0 0 000           1
2  1653  55.0000 162.0000 0000000   0.0000 192.0000 14.92546055    09
SATNET-590-04134 [DTC]
1  1654U 00000A   25274.57408802 .00000000  00000-0 0 000           2
2  1654  55.0000 162.0000 0000000   0.0000 198.0000 14.92546055    06
SATNET-590-04135 [DTC]
1  1655U 00000A   25274.57408802 .00000000  00000-0 0 000           3
2  1655  55.0000 162.0000 0000000   0.0000 204.0000 14.92546055    05
SATNET-590-04136 [DTC]
1  1656U 00000A   25274.57408802 .00000000  00000-0 0 000           4
2  1656  55.0000 162.0000 0000000   0.0000 210.0000 14.92546055    03
SATNET-590-04137 [DTC]
1  1657U 00000A   25274.57408802 .00000000  00000-0 0 000           5
2  1657  55.0000 162.0000 0000000   0.0000 216.0000 14.92546055    00
SATNET-590-04138 [DTC]
1  1658U 00000A   25274.57408802 .00000000  00000-0 0 000           6
2  1658  55.0000 162.0000 0000000   0.0000 222.0000 14.92546055    08
SATNET-590-04139 [DTC]
1  1659U 00000A   25274.57408802 .00000000  00000-0 0 000           7
2  1659  55.0000 162.0000 0000000   0.0000 228.0000 14.92546055    05
SATNET-590-04140 [DTC]
1  1660U 00000A   25274.57408802 .00000000  00000-0 0 000           9
2  1660  55.0000 162.0000 0000000   0.0000 234.0000 14.92546055    04
SATNET-590-04141 [DTC]
1  1661U 00000A   25274.57408802 .00000000  00000-0 0 000           0
2  1661  55.0000 162.0000 0000000   0.0000 240.0000 14.92546055    02
SATNET-590-04142 [DTC]
1  1662U 00000A   25274.57408802 .00000000  00000-0 0 000           1
2  1662  55.0000 162.0000 0000000   0.0000 246.0000 14.92546055    09
SATNET-590-04143 [DTC]
1  1663U 00000A   25274.57408802 .00000000  00000-0 0 000           2
2  1663  55.0000 162.0000 0000000   0.0000 252.0000 14.92546055    07
SATNET-590-04144 [DTC]
1  1664U 00000A   25274.57408802 .00000000  00000-0 0 000           3
2  1664  55.0000 162.0000 0000000   0.0000 258.0000 14.92546055    04
SATNET-590-04145 [DTC]
1  1665U 00000A   25274.57408802 .00000000  00000-0 0 000           4
2  1665  55.0000 162.0000 0000000   0.0000 264.0000 14.92546055    02
SATNET-590-04146 [DTC]
1  1666U 00000A   25274.57408802 .00000000  00000-0 0 000           5
2  1666  55.0000 162.0000 0000000   0.0000 270.0000 14.92546055    00
SATNET-590-04147 [DTC]
1  1667U 00000A   25274.57408802 .00000000  00000-0 0 000           6
2  1667  55.0000 162.0000 0000000   0.0000 276.0000 14.92546055    07
SATNET-590-04148 [DTC]
1  1668U 00000A   25274.57408802 .00000000  00000-0 0 000           7
2  1668  55.0000 162.0000 0000000   0.0000 282.0000 14.92546055    05
SATNET-590-04149 [DTC]
1  1669U 00000A   25274.57408802 .00000000  00000-0 0 000           8
2  1669  55.0000 162.0000 0000000   0.0000 288.0000 14.92546055    02
SATNET-590-04150 [DTC]
1  1670U 00000A   25274.57408802 .00000000  00000-0 0 000           0
2  1670  55.0000 162.0000 0000000   0.0000 294.0000 14.92546055    01
SATNET-590-04151 [DTC]
1  1671U 00000A   25274.57408802 .00000000  00000-0 0 000           1
2  1671  55.0000 162.0000 0000000   0.0000 300.0000 14.92546055    00
SATNET-590-04152 [DTC]
1  1672U 00000A   25274.57408802 .00000000  00000-0 0 000           2
2  1672  55.0000 162.0000 0000000   0.0000 306.0000 14.92546055    07
SATNET-590-04153 [DTC]
1  1673U 00000A   25274.57408802 .00000000  00000-0 0 000           3
2  1673  55.0000 162.0000 0000000   0.0000 312.0000 14.92546055    05
SATNET-590-04154 [DTC]
1  1674U 00000A   25274.57408802 .00000000  00000-0 0 000           4
2  1674  55.0000 162.0000 0000000   0.0000 318.0000 14.92546055    02
SATNET-590-04155 [DTC]
1  1675U 00000A   25274.57408802 .00000000  00000-0 0 000           5
2  1675  55.0000 162.0000 0000000   0.0000 324.0000 14.92546055    00
SATNET-590-04156 [DTC]
1  1676U 00000A   25274.57408802 .00000000  00000-0 0 000           6
2  1676  55.0000 162.0000 0000000   0.0000 330.0000 14.92546055    08
SATNET-590-04157 [DTC]
1  1677U 00000A   25274.57408802 .00000000  00000-0 0 000           7
2  1677  55.0000 162.0000 0000000   0.0000 336.0000 14.92546055    05
SATNET-590-04158 [DTC]
1  1678U 00000A   25274.57408802 .00000000  00000-0 0 000           8
2  1678  55.0000 162.0000 0000000   0.0000 342.0000 14.92546055    03
SATNET-590-04159 [DTC]
1  1679U 00000A   25274.57408802 .00000000  00000-0 0 000           9
2  1679  55.0000 162.0000 0000000   0.0000 348.0000 14.92546055    00
SATNET-590-04160 [DTC]
1  1680U 00000A   25274.57408802 .00000000  00000-0 0 000           1
2  1680  55.0000 162.0000 0000000   0.0000 354.0000 14.92546055    09
SATNET-590-04161 [DTC]
1  1681U 00000A   25274.57408802 .00000000  00000-0 0 000           2
2  1681  55.0000 168.0000 0000000   0.0000   0.0000 14.92546055    04
SATNET-590-04162 [DTC]
1  1682U 00000A   25274.57408802 .00000000  00000-0 0 000           3
2  1682  55.0000 168.0000 0000000   0.0000   6.0000 14.92546055    01
SATNET-590-04163 [DTC]
1  1683U 00000A   25274.57408802 .00000000  00000-0 0 000           4
2  1683  55.0000 168.0000 0000000   0.0000  12.0000 14.92546055    09
SATNET-590-04164 [DTC]
1  1684U 00000A   25274.57408802 .00000000  00000-0 0 000           5
2  1684  55.0000 168.0000 0000000   0.0000  18.0000 14.92546055    06
SATNET-590-04165 [DTC]
1  1685U 00000A   25274.57408802 .00000000  00000-0 0 000           6
2  1685  55.0000 168.0000 0000000   0.0000  24.0000 14.92546055    04
SATNET-590-04166 [DTC]
1  1686U 00000A   25274.57408802 .00000000  00000-0 0 000           7
2  1686  55.0000 168.0000 0000000   0.0000  30.0000 14.92546055    02
SATNET-590-04167 [DTC]
1  1687U 00000A   25274.57408802 .00000000  00000-0 0 000           8
2  1687  55.0000 168.0000 0000000   0.0000  36.0000 14.92546055    09
SATNET-590-04168 [DTC]
1  1688U 00000A   25274.57408802 .00000000  00000-0 0 000           9
2  1688  55.0000 168.0000 0000000   0.0000  42.0000 14.92546055    07
SATNET-590-04169 [DTC]
1  1689U 00000A   25274.57408802 .00000000  00000-0 0 000           0
2  1689  55.0000 168.0000 0000000   0.0000  48.0000 14.92546055    04
SATNET-590-04170 [DTC]
1  1690U 00000A   25274.57408802 .00000000  00000-0 0 000           2
2  1690  55.0000 168.0000 0000000   0.0000  54.0000 14.92546055    03
SATNET-590-04171 [DTC]
1  1691U 00000A   25274.57408802 .00000000  00000-0 0 000           3
2  1691  55.0000 168.0000 0000000   0.0000  60.0000 14.92546055    01
SATNET-590-04172 [DTC]
1  1692U 00000A   25274.57408802 .00000000  00000-0 0 000           4
2  1692  55.0000 168.0000 0000000   0.0000  66.0000 14.92546055    08
SATNET-590-04173 [DTC]
1  1693U 00000A   25274.57408802 .00000000  00000-0 0 000           5
2  1693  55.0000 168.0000 0000000   0.0000  72.0000 14.92546055    06
SATNET-590-04174 [DTC]
1  1694U 00000A   25274.57408802 .00000000  00000-0 0 000           6
2  1694  55.0000 168.0000 0000000   0.0000  78.0000 14.92546055    03
SATNET-590-04175 [DTC]
1  1695U 00000A   25274.57408802 .00000000  00000-0 0 000           7
2  1695  55.0000 168.0000 0000000   0.0000  84.0000 14.92546055    01
SATNET-590-04176 [DTC]
1  1696U 00000A   25274.57408802 .00000000  00000-0 0 000           8
2  1696  55.0000 168.0000 0000000   0.0000  90.0000 14.92546055    09
SATNET-590-04177 [DTC]
1  1697U 00000A   25274.57408802 .00000000  00000-0 0 000           9
2  1697  55.0000 168.0000 0000000   0.0000  96.0000 14.92546055    06
SATNET-590-04178 [DTC]
1  1698U 00000A   25274.57408802 .00000000  00000-0 0 000           0
2  1698  55.0000 168.0000 0000000   0.0000 102.0000 14.92546055    05
SATNET-590-04179 [DTC]
1  1699U 00000A   25274.57408802 .00000000  00000-0 0 000           1
2  1699  55.0000 168.0000 0000000   0.0000 108.0000 14.92546055    02
SATNET-590-04180 [DTC]
1  1700U 00000A   25274.57408802 .00000000  00000-0 0 000           4
2  1700  55.0000 168.0000 0000000   0.0000 114.0000 14.92546055    02
SATNET-590-04181 [DTC]
1  1701U 00000A   25274.57408802 .00000000  00000-0 0 000           5
2  1701  55.0000 168.0000 0000000   0.0000 120.0000 14.92546055    00
SATNET-590-04182 [DTC]
1  1702U 00000A   25274.57408802 .00000000  00000-0 0 000           6
2  1702  55.0000 168.0000 0000000   0.0000 126.0000 14.92546055    07
SATNET-590-04183 [DTC]
1  1703U 00000A   25274.57408802 .00000000  00000-0 0 000           7
2  1703  55.0000 168.0000 0000000   0.0000 132.0000 14.92546055    05
SATNET-590-04184 [DTC]
1  1704U 00000A   25274.57408802 .00000000  00000-0 0 000           8
2  1704  55.0000 168.0000 0000000   0.0000 138.0000 14.92546055    02
SATNET-590-04185 [DTC]
1  1705U 00000A   25274.57408802 .00000000  00000-0 0 000           9
2  1705  55.0000 168.0000 0000000   0.0000 144.0000 14.92546055    00
SATNET-590-04186 [DTC]
1  1706U 00000A   25274.57408802 .00000000  00000-0 0 000           0
2  1706  55.0000 168.0000 0000000   0.0000 150.0000 14.92546055    08
SATNET-590-04187 [DTC]
1  1707U 00000A   25274.57408802 .00000000  00000-0 0 000           1
2  1707  55.0000 168.0000 0000000   0.0000 156.0000 14.92546055    05
SATNET-590-04188 [DTC]
1  1708U 00000A   25274.57408802 .00000000  00000-0 0 000           2
2  1708  55.0000 168.0000 0000000   0.0000 162.0000 14.92546055    03
SATNET-590-04189 [DTC]
1  1709U 00000A   25274.57408802 .00000000  00000-0 0 000           3
2  1709  55.0000 168.0000 0000000   0.0000 168.0000 14.92546055    00
SATNET-590-04190 [DTC]
1  1710U 00000A   25274.57408802 .00000000  00000-0 0 000           5
2  1710  55.0000 168.0000 0000000   0.0000 174.0000 14.92546055    09
SATNET-590-04191 [DTC]
1  1711U 00000A   25274.57408802 .00000000  00000-0 0 000           6
2  1711  55.0000 168.0000 0000000   0.0000 180.0000 14.92546055    07
SATNET-590-04192 [DTC]
1  1712U 00000A   25274.57408802 .00000000  00000-0 0 000           7
2  1712  55.0000 168.0000 0000000   0.0000 186.0000 14.92546055    04
SATNET-590-04193 [DTC]
1  1713U 00000A   25274.57408802 .00000000  00000-0 0 000           8
2  1713  55.0000 168.0000 0000000   0.0000 192.0000 14.92546055    02
SATNET-590-04194 [DTC]
1  1714U 00000A   25274.57408802 .00000000  00000-0 0 000           9
2  1714  55.0000 168.0000 0000000   0.0000 198.0000 14.92546055    09
SATNET-590-04195 [DTC]
1  1715U 00000A   25274.57408802 .00000000  00000-0 0 000           0
2  1715  55.0000 168.0000 0000000   0.0000 204.0000 14.92546055    08
SATNET-590-04196 [DTC]
1  1716U 00000A   25274.57408802 .00000000  00000-0 0 000           1
2  1716  55.0000 168.0000 0000000   0.0000 210.0000 14.92546055    06
SATNET-590-04197 [DTC]
1  1717U 00000A   25274.57408802 .00000000  00000-0 0 000           2
2  1717  55.0000 168.0000 0000000   0.0000 216.0000 14.92546055    03
SATNET-590-04198 [DTC]
1  1718U 00000A   25274.57408802 .00000000  00000-0 0 000           3
2  1718  55.0000 168.0000 0000000   0.0000 222.0000 14.92546055    01
SATNET-590-04199 [DTC]
1  1719U 00000A   25274.57408802 .00000000  00000-0 0 000           4
2  1719  55.0000 168.0000 0000000   0.0000 228.0000 14.92546055    08
SATNET-590-04200 [DTC]
1  1720U 00000A   25274.57408802 .00000000  00000-0 0 000           6
2  1720  55.0000 168.0000 0000000   0.0000 234.0000 14.92546055    07
SATNET-590-04201 [DTC]
1  1721U 00000A   25274.57408802 .00000000  00000-0 0 000           7
2  1721  55.0000 168.0000 0000000   0.0000 240.0000 14.92546055    05
SATNET-590-04202 [DTC]
1  1722U 00000A   25274.57408802 .00000000  00000-0 0 000           8
2  1722  55.0000 168.0000 0000000   0.0000 246.0000 14.92546055    02
SATNET-590-04203 [DTC]
1  1723U 00000A   25274.57408802 .00000000  00000-0 0 000           9
2  1723  55.0000 168.0000 0000000   0.0000 252.0000 14.92546055    00
SATNET-590-04204 [DTC]
1  1724U 00000A   25274.57408802 .00000000  00000-0 0 000           0
2  1724  55.0000 168.0000 0000000   0.0000 258.0000 14.92546055    07
SATNET-590-04205 [DTC]
1  1725U 00000A   25274.57408802 .00000000  00000-0 0 000           1
2  1725  55.0000 168.0000 0000000   0.0000 264.0000 14.92546055    05
SATNET-590-04206 [DTC]
1  1726U 00000A   25274.57408802 .00000000  00000-0 0 000           2
2  1726  55.0000 168.0000 0000000   0.0000 270.0000 14.92546055    03
SATNET-590-04207 [DTC]
1  1727U 00000A   25274.57408802 .00000000  00000-0 0 000           3
2  1727  55.0000 168.0000 0000000   0.0000 276.0000 14.92546055    00
SATNET-590-04208 [DTC]
1  1728U 00000A   25274.57408802 .00000000  00000-0 0 000           4
2  1728  55.0000 168.0000 0000000   0.0000 282.0000 14.92546055    08
SATNET-590-04209 [DTC]
1  1729U 00000A   25274.57408802 .00000000  00000-0 0 000           5
2  1729  55.0000 168.0000 0000000   0.0000 288.0000 14.92546055    05
SATNET-590-04210 [DTC]
1  1730U 00000A   25274.57408802 .00000000  00000-0 0 000           7
2  1730  55.0000 168.0000 0000000   0.0000 294.0000 14.92546055    04
SATNET-590-04211 [DTC]
1  1731U 00000A   25274.57408802 .00000000  00000-0 0 000           8
2  1731  55.0000 168.0000 0000000   0.0000 300.0000 14.92546055    03
SATNET-590-04212 [DTC]
1  1732U 00000A   25274.57408802 .00000000  00000-0 0 000           9
2  1732  55.0000 168.0000 0000000   0.0000 306.0000 14.92546055    00
SATNET-590-04213 [DTC]
1  1733U 00000A   25274.57408802 .00000000  00000-0 0 000           0
2  1733  55.0000 168.0000 0000000   0.0000 312.0000 14.92546055    08
SATNET-590-04214 [DTC]
1  1734U 00000A   25274.57408802 .00000000  00000-0 0 000           1
2  1734  55.0000 168.0000 0000000   0.0000 318.0000 14.92546055    05
SATNET-590-04215 [DTC]
1  1735U 00000A   25274.57408802 .00000000  00000-0 0 000           2
2  1735  55.0000 168.0000 0000000   0.0000 324.0000 14.92546055    03
SATNET-590-04216 [DTC]
1  1736U 00000A   25274.57408802 .00000000  00000-0 0 000           3
2  1736  55.0000 168.0000 0000000   0.0000 330.0000 14.92546055    01
SATNET-590-04217 [DTC]
1  1737U 00000A   25274.57408802 .00000000  00000-0 0 000           4
2  1737  55.0000 168.0000 0000000   0.0000 336.0000 14.92546055    08
SATNET-590-04218 [DTC]
1  1738U 00000A   25274.57408802 .00000000  00000-0 0 000           5
2  1738  55.0000 168.0000 0000000   0.0000 342.0000 14.92546055    06
SATNET-590-04219 [DTC]
1  1739U 00000A   25274.57408802 .00000000  00000-0 0 000           6
2  1739  55.0000 168.0000 0000000   0.0000 348.0000 14.92546055    03
SATNET-590-04220 [DTC]
1  1740U 00000A   25274.57408802 .00000000  00000-0 0 000           8
2  1740  55.0000 168.0000 0000000   0.0000 354.0000 14.92546055    02
SATNET-590-04221 [DTC]
1  1741U 00000A   25274.57408802 .00000000  00000-0 0 000           9
2  1741  55.0000 174.0000 0000000   0.0000   0.0000 14.92546055    08
SATNET-590-04222 [DTC]
1  1742U 00000A   25274.57408802 .00000000  00000-0 0 000           0
2  1742  55.0000 174.0000 0000000   0.0000   6.0000 14.92546055    05
SATNET-590-04223 [DTC]
1  1743U 00000A   25274.57408802 .00000000  00000-0 0 000           1
2  1743  55.0000 174.0000 0000000   0.0000  12.0000 14.92546055    03
SATNET-590-04224 [DTC]
1  1744U 00000A   25274.57408802 .00000000  00000-0 0 000           2
2  1744  55.0000 174.0000 0000000   0.0000  18.0000 14.92546055    00
SATNET-590-04225 [DTC]
1  1745U 00000A   25274.57408802 .00000000  00000-0 0 000           3
2  1745  55.0000 174.0000 0000000   0.0000  24.0000 14.92546055    08
SATNET-590-04226 [DTC]
1  1746U 00000A   25274.57408802 .00000000  00000-0 0 000           4
2  1746  55.0000 174.0000 0000000   0.0000  30.0000 14.92546055    06
SATNET-590-04227 [DTC]
1  1747U 00000A   25274.57408802 .00000000  00000-0 0 000           5
2  1747  55.0000 174.0000 0000000   0.0000  36.0000 14.92546055    03
SATNET-590-04228 [DTC]
1  1748U 00000A   25274.57408802 .00000000  00000-0 0 000           6
2  1748  55.0000 174.0000 0000000   0.0000  42.0000 14.92546055    01
SATNET-590-04229 [DTC]
1  1749U 00000A   25274.57408802 .00000000  00000-0 0 000           7
2  1749  55.0000 174.0000 0000000   0.0000  48.0000 14.92546055    08
SATNET-590-04230 [DTC]
1  1750U 00000A   25274.57408802 .00000000  00000-0 0 000           9
2  1750  55.0000 174.0000 0000000   0.0000  54.0000 14.92546055    07
SATNET-590-04231 [DTC]
1  1751U 00000A   25274.57408802 .00000000  00000-0 0 000           0
2  1751  55.0000 174.0000 0000000   0.0000  60.0000 14.92546055    05
SATNET-590-04232 [DTC]
1  1752U 00000A   25274.57408802 .00000000  00000-0 0 000           1
2  1752  55.0000 174.0000 0000000   0.0000  66.0000 14.92546055    02
SATNET-590-04233 [DTC]
1  1753U 00000A   25274.57408802 .00000000  00000-0 0 000           2
2  1753  55.0000 174.0000 0000000   0.0000  72.0000 14.92546055    00
SATNET-590-04234 [DTC]
1  1754U 00000A   25274.57408802 .00000000  00000-0 0 000           3
2  1754  55.0000 174.0000 0000000   0.0000  78.0000 14.92546055    07
SATNET-590-04235 [DTC]
1  1755U 00000A   25274.57408802 .00000000  00000-0 0 000           4
2  1755  55.0000 174.0000 0000000   0.0000  84.0000 14.92546055    05
SATNET-590-04236 [DTC]
1  1756U 00000A   25274.57408802 .00000000  00000-0 0 000           5
2  1756  55.0000 174.0000 0000000   0.0000  90.0000 14.92546055    03
SATNET-590-04237 [DTC]
1  1757U 00000A   25274.57408802 .00000000  00000-0 0 000           6
2  1757  55.0000 174.0000 0000000   0.0000  96.0000 14.92546055    00
SATNET-590-04238 [DTC]
1  1758U 00000A   25274.57408802 .00000000  00000-0 0 000           7
2  1758  55.0000 174.0000 0000000   0.0000 102.0000 14.92546055    09
SATNET-590-04239 [DTC]
1  1759U 00000A   25274.57408802 .00000000  00000-0 0 000           8
2  1759  55.0000 174.0000 0000000   0.0000 108.0000 14.92546055    06
SATNET-590-04240 [DTC]
1  1760U 00000A   25274.57408802 .00000000  00000-0 0 000           0
2  1760  55.0000 174.0000 0000000   0.0000 114.0000 14.92546055    05
SATNET-590-04241 [DTC]
1  1761U 00000A   25274.57408802 .00000000  00000-0 0 000           1
2  1761  55.0000 174.0000 0000000   0.0000 120.0000 14.92546055    03
SATNET-590-04242 [DTC]
1  1762U 00000A   25274.57408802 .00000000  00000-0 0 000           2
2  1762  55.0000 174.0000 0000000   0.0000 126.0000 14.92546055    00
SATNET-590-04243 [DTC]
1  1763U 00000A   25274.57408802 .00000000  00000-0 0 000           3
2  1763  55.0000 174.0000 0000000   0.0000 132.0000 14.92546055    08
SATNET-590-04244 [DTC]
1  1764U 00000A   25274.57408802 .00000000  00000-0 0 000           4
2  1764  55.0000 174.0000 0000000   0.0000 138.0000 14.92546055    05
SATNET-590-04245 [DTC]
1  1765U 00000A   25274.57408802 .00000000  00000-0 0 000           5
2  1765  55.0000 174.0000 0000000   0.0000 144.0000 14.92546055    03
SATNET-590-04246 [DTC]
1  1766U 00000A   25274.57408802 .00000000  00000-0 0 000           6
2  1766  55.0000 174.0000 0000000   0.0000 150.0000 14.92546055    01
SATNET-590-04247 [DTC]
1  1767U 00000A   25274.57408802 .00000000  00000-0 0 000           7
2  1767  55.0000 174.0000 0000000   0.0000 156.0000 14.92546055    08
SATNET-590-04248 [DTC]
1  1768U 00000A   25274.57408802 .00000000  00000-0 0 000           8
2  1768  55.0000 174.0000 0000000   0.0000 162.0000 14.92546055    06
SATNET-590-04249 [DTC]
1  1769U 00000A   25274.57408802 .00000000  00000-0 0 000           9
2  1769  55.0000 174.0000 0000000   0.0000 168.0000 14.92546055    03
SATNET-590-04250 [DTC]
1  1770U 00000A   25274.57408802 .00000000  00000-0 0 000           1
2  1770  55.0000 174.0000 0000000   0.0000 174.0000 14.92546055    02
SATNET-590-04251 [DTC]
1  1771U 00000A   25274.57408802 .00000000  00000-0 0 000           2
2  1771  55.0000 174.0000 0000000   0.0000 180.0000 14.92546055    00
SATNET-590-04252 [DTC]
1  1772U 00000A   25274.57408802 .00000000  00000-0 0 000           3
2  1772  55.0000 174.0000 0000000   0.0000 186.0000 14.92546055    07
SATNET-590-04253 [DTC]
1  1773U 00000A   25274.57408802 .00000000  00000-0 0 000           4
2  1773  55.0000 174.0000 0000000   0.0000 192.0000 14.92546055    05
SATNET-590-04254 [DTC]
1  1774U 00000A   25274.57408802 .00000000  00000-0 0 000           5
2  1774  55.0000 174.0000 0000000   0.0000 198.0000 14.92546055    02
SATNET-590-04255 [DTC]
1  1775U 00000A   25274.57408802 .00000000  00000-0 0 000           6
2  1775  55.0000 174.0000 0000000   0.0000 204.0000 14.92546055    01
SATNET-590-04256 [DTC]
1  1776U 00000A   25274.57408802 .00000000  00000-0 0 000           7
2  1776  55.0000 174.0000 0000000   0.0000 210.0000 14.92546055    09
SATNET-590-04257 [DTC]
1  1777U 00000A   25274.57408802 .00000000  00000-0 0 000           8
2  1777  55.0000 174.0000 0000000   0.0000 216.0000 14.92546055    06
SATNET-590-04258 [DTC]
1  1778U 00000A   25274.57408802 .00000000  00000-0 0 000           9
2  1778  55.0000 174.0000 0000000   0.0000 222.0000 14.92546055    04
SATNET-590-04259 [DTC]
1  1779U 00000A   25274.57408802 .00000000  00000-0 0 000           0
2  1779  55.0000 174.0000 0000000   0.0000 228.0000 14.92546055    01
SATNET-590-04260 [DTC]
1  1780U 00000A   25274.57408802 .00000000  00000-0 0 000           2
2  1780  55.0000 174.0000 0000000   0.0000 234.0000 14.92546055    00
SATNET-590-04261 [DTC]
1  1781U 00000A   25274.57408802 .00000000  00000-0 0 000           3
2  1781  55.0000 174.0000 0000000   0.0000 240.0000 14.92546055    08
SATNET-590-04262 [DTC]
1  1782U 00000A   25274.57408802 .00000000  00000-0 0 000           4
2  1782  55.0000 174.0000 0000000   0.0000 246.0000 14.92546055    05
SATNET-590-04263 [DTC]
1  1783U 00000A   25274.57408802 .00000000  00000-0 0 000           5
2  1783  55.0000 174.0000 0000000   0.0000 252.0000 14.92546055    03
SATNET-590-04264 [DTC]
1  1784U 00000A   25274.57408802 .00000000  00000-0 0 000           6
2  1784  55.0000 174.0000 0000000   0.0000 258.0000 14.92546055    00
SATNET-590-04265 [DTC]
1  1785U 00000A   25274.57408802 .00000000  00000-0 0 000           7
2  1785  55.0000 174.0000 0000000   0.0000 264.0000 14.92546055    08
SATNET-590-04266 [DTC]
1  1786U 00000A   25274.57408802 .00000000  00000-0 0 000           8
2  1786  55.0000 174.0000 0000000   0.0000 270.0000 14.92546055    06
SATNET-590-04267 [DTC]
1  1787U 00000A   25274.57408802 .00000000  00000-0 0 000           9
2  1787  55.0000 174.0000 0000000   0.0000 276.0000 14.92546055    03
SATNET-590-04268 [DTC]
1  1788U 00000A   25274.57408802 .00000000  00000-0 0 000           0
2  1788  55.0000 174.0000 0000000   0.0000 282.0000 14.92546055    01
SATNET-590-04269 [DTC]
1  1789U 00000A   25274.57408802 .00000000  00000-0 0 000           1
2  1789  55.0000 174.0000 0000000   0.0000 288.0000 14.92546055    08
SATNET-590-04270 [DTC]
1  1790U 00000A   25274.57408802 .00000000  00000-0 0 000           3
2  1790  55.0000 174.0000 0000000   0.0000 294.0000 14.92546055    07
SATNET-590-04271 [DTC]
1  1791U 00000A   25274.57408802 .00000000  00000-0 0 000           4
2  1791  55.0000 174.0000 0000000   0.0000 300.0000 14.92546055    06
SATNET-590-04272 [DTC]
1  1792U 00000A   25274.57408802 .00000000  00000-0 0 000           5
2  1792  55.0000 174.0000 0000000   0.0000 306.0000 14.92546055    03
SATNET-590-04273 [DTC]
1  1793U 00000A   25274.57408802 .00000000  00000-0 0 000           6
2  1793  55.0000 174.0000 0000000   0.0000 312.0000 14.92546055    01
SATNET-590-04274 [DTC]
1  1794U 00000A   25274.57408802 .00000000  00000-0 0 000           7
2  1794  55.0000 174.0000 0000000   0.0000 318.0000 14.92546055    08
SATNET-590-04275 [DTC]
1  1795U 00000A   25274.57408802 .00000000  00000-0 0 000           8
2  1795  55.0000 174.0000 0000000   0.0000 324.0000 14.92546055    06
SATNET-590-04276 [DTC]
1  1796U 00000A   25274.57408802 .00000000  00000-0 0 000           9
2  1796  55.0000 174.0000 0000000   0.0000 330.0000 14.92546055    04
SATNET-590-04277 [DTC]
1  1797U 00000A   25274.57408802 .00000000  00000-0 0 000           0
2  1797  55.0000 174.0000 0000000   0.0000 336.0000 14.92546055    01
SATNET-590-04278 [DTC]
1  1798U 00000A   25274.57408802 .00000000  00000-0 0 000           1
2  1798  55.0000 174.0000 0000000   0.0000 342.0000 14.92546055    09
SATNET-590-04279 [DTC]
1  1799U 00000A   25274.57408802 .00000000  00000-0 0 000           2
2  1799  55.0000 174.0000 0000000   0.0000 348.0000 14.92546055    06
SATNET-590-04280 [DTC]
1  1800U 00000A   25274.57408802 .00000000  00000-0 0 000           5
2  1800  55.0000 174.0000 0000000   0.0000 354.0000 14.92546055    06
SATNET-590-04281 [DTC]
1  1801U 00000A   25274.57408802 .00000000  00000-0 0 000           6
2  1801  55.0000 180.0000 0000000   0.0000   0.0000 14.92546055    02
SATNET-590-04282 [DTC]
1  1802U 00000A   25274.57408802 .00000000  00000-0 0 000           7
2  1802  55.0000 180.0000 0000000   0.0000   6.0000 14.92546055    09
SATNET-590-04283 [DTC]
1  1803U 00000A   25274.57408802 .00000000  00000-0 0 000           8
2  1803  55.0000 180.0000 0000000   0.0000  12.0000 14.92546055    07
SATNET-590-04284 [DTC]
1  1804U 00000A   25274.57408802 .00000000  00000-0 0 000           9
2  1804  55.0000 180.0000 0000000   0.0000  18.0000 14.92546055    04
SATNET-590-04285 [DTC]
1  1805U 00000A   25274.57408802 .00000000  00000-0 0 000           0
2  1805  55.0000 180.0000 0000000   0.0000  24.0000 14.92546055    02
SATNET-590-04286 [DTC]
1  1806U 00000A   25274.57408802 .00000000  00000-0 0 000           1
2  1806  55.0000 180.0000 0000000   0.0000  30.0000 14.92546055    00
SATNET-590-04287 [DTC]
1  1807U 00000A   25274.57408802 .00000000  00000-0 0 000           2
2  1807  55.0000 180.0000 0000000   0.0000  36.0000 14.92546055    07
SATNET-590-04288 [DTC]
1  1808U 00000A   25274.57408802 .00000000  00000-0 0 000           3
2  1808  55.0000 180.0000 0000000   0.0000  42.0000 14.92546055    05
SATNET-590-04289 [DTC]
1  1809U 00000A   25274.57408802 .00000000  00000-0 0 000           4
2  1809  55.0000 180.0000 0000000   0.0000  48.0000 14.92546055    02
SATNET-590-04290 [DTC]
1  1810U 00000A   25274.57408802 .00000000  00000-0 0 000           6
2  1810  55.0000 180.0000 0000000   0.0000  54.0000 14.92546055    01
SATNET-590-04291 [DTC]
1  1811U 00000A   25274.57408802 .00000000  00000-0 0 000           7
2  1811  55.0000 180.0000 0000000   0.0000  60.0000 14.92546055    09
SATNET-590-04292 [DTC]
1  1812U 00000A   25274.57408802 .00000000  00000-0 0 000           8
2  1812  55.0000 180.0000 0000000   0.0000  66.0000 14.92546055    06
SATNET-590-04293 [DTC]
1  1813U 00000A   25274.57408802 .00000000  00000-0 0 000           9
2  1813  55.0000 180.0000 0000000   0.0000  72.0000 14.92546055    04
SATNET-590-04294 [DTC]
1  1814U 00000A   25274.57408802 .00000000  00000-0 0 000           0
2  1814  55.0000 180.0000 0000000   0.0000  78.0000 14.92546055    01
SATNET-590-04295 [DTC]
1  1815U 00000A   25274.57408802 .00000000  00000-0 0 000           1
2  1815  55.0000 180.0000 0000000   0.0000  84.0000 14.92546055    09
SATNET-590-04296 [DTC]
1  1816U 00000A   25274.57408802 .00000000  00000-0 0 000           2
2  1816  55.0000 180.0000 0000000   0.0000  90.0000 14.92546055    07
SATNET-590-04297 [DTC]
1  1817U 00000A   25274.57408802 .00000000  00000-0 0 000           3
2  1817  55.0000 180.0000 0000000   0.0000  96.0000 14.92546055    04
SATNET-590-04298 [DTC]
1  1818U 00000A   25274.57408802 .00000000  00000-0 0 000           4
2  1818  55.0000 180.0000 0000000   0.0000 102.0000 14.92546055    03
SATNET-590-04299 [DTC]
1  1819U 00000A   25274.57408802 .00000000  00000-0 0 000           5
2  1819  55.0000 180.0000 0000000   0.0000 108.0000 14.92546055    00
SATNET-590-04300 [DTC]
1  1820U 00000A   25274.57408802 .00000000  00000-0 0 000           7
2  1820  55.0000 180.0000 0000000   0.0000 114.0000 14.92546055    09
SATNET-590-04301 [DTC]
1  1821U 00000A   25274.57408802 .00000000  00000-0 0 000           8
2  1821  55.0000 180.0000 0000000   0.0000 120.0000 14.92546055    07
SATNET-590-04302 [DTC]
1  1822U 00000A   25274.57408802 .00000000  00000-0 0 000           9
2  1822  55.0000 180.0000 0000000   0.0000 126.0000 14.92546055    04
SATNET-590-04303 [DTC]
1  1823U 00000A   25274.57408802 .00000000  00000-0 0 000           0
2  1823  55.0000 180.0000 0000000   0.0000 132.0000 14.92546055    02
SATNET-590-04304 [DTC]
1  1824U 00000A   25274.57408802 .00000000  00000-0 0 000           1
2  1824  55.0000 180.0000 0000000   0.0000 138.0000 14.92546055    09
SATNET-590-04305 [DTC]
1  1825U 00000A   25274.57408802 .00000000  00000-0 0 000           2
2  1825  55.0000 180.0000 0000000   0.0000 144.0000 14.92546055    07
SATNET-590-04306 [DTC]
1  1826U 00000A   25274.57408802 .00000000  00000-0 0 000           3
2  1826  55.0000 180.0000 0000000   0.0000 150.0000 14.92546055    05
SATNET-590-04307 [DTC]
1  1827U 00000A   25274.57408802 .00000000  00000-0 0 000           4
2  1827  55.0000 180.0000 0000000   0.0000 156.0000 14.92546055    02
SATNET-590-04308 [DTC]
1  1828U 00000A   25274.57408802 .00000000  00000-0 0 000           5
2  1828  55.0000 180.0000 0000000   0.0000 162.0000 14.92546055    00
SATNET-590-04309 [DTC]
1  1829U 00000A   25274.57408802 .00000000  00000-0 0 000           6
2  1829  55.0000 180.0000 0000000   0.0000 168.0000 14.92546055    07
SATNET-590-04310 [DTC]
1  1830U 00000A   25274.57408802 .00000000  00000-0 0 000           8
2  1830  55.0000 180.0000 0000000   0.0000 174.0000 14.92546055    06
SATNET-590-04311 [DTC]
1  1831U 00000A   25274.57408802 .00000000  00000-0 0 000           9
2  1831  55.0000 180.0000 0000000   0.0000 180.0000 14.92546055    04
SATNET-590-04312 [DTC]
1  1832U 00000A   25274.57408802 .00000000  00000-0 0 000           0
2  1832  55.0000 180.0000 0000000   0.0000 186.0000 14.92546055    01
SATNET-590-04313 [DTC]
1  1833U 00000A   25274.57408802 .00000000  00000-0 0 000           1
2  1833  55.0000 180.0000 0000000   0.0000 192.0000 14.92546055    09
SATNET-590-04314 [DTC]
1  1834U 00000A   25274.57408802 .00000000  00000-0 0 000           2
2  1834  55.0000 180.0000 0000000   0.0000 198.0000 14.92546055    06
SATNET-590-04315 [DTC]
1  1835U 00000A   25274.57408802 .00000000  00000-0 0 000           3
2  1835  55.0000 180.0000 0000000   0.0000 204.0000 14.92546055    05
SATNET-590-04316 [DTC]
1  1836U 00000A   25274.57408802 .00000000  00000-0 0 000           4
2  1836  55.0000 180.0000 0000000   0.0000 210.0000 14.92546055    03
SATNET-590-04317 [DTC]
1  1837U 00000A   25274.57408802 .00000000  00000-0 0 000           5
2  1837  55.0000 180.0000 0000000   0.0000 216.0000 14.92546055    00
SATNET-590-04318 [DTC]
1  1838U 00000A   25274.57408802 .00000000  00000-0 0 000           6
2  1838  55.0000 180.0000 0000000   0.0000 222.0000 14.92546055    08
SATNET-590-04319 [DTC]
1  1839U 00000A   25274.57408802 .00000000  00000-0 0 000           7
2  1839  55.0000 180.0000 0000000   0.0000 228.0000 14.92546055    05
SATNET-590-04320 [DTC]
1  1840U 00000A   25274.57408802 .00000000  00000-0 0 000           9
2  1840  55.0000 180.0000 0000000   0.0000 234.0000 14.92546055    04
SATNET-590-04321 [DTC]
1  1841U 00000A   25274.57408802 .00000000  00000-0 0 000           0
2  1841  55.0000 180.0000 0000000   0.0000 240.0000 14.92546055    02
SATNET-590-04322 [DTC]
1  1842U 00000A   25274.57408802 .00000000  00000-0 0 000           1
2  1842  55.0000 180.0000 0000000   0.0000 246.0000 14.92546055    09
SATNET-590-04323 [DTC]
1  1843U 00000A   25274.57408802 .00000000  00000-0 0 000           2
2  1843  55.0000 180.0000 0000000   0.0000 252.0000 14.92546055    07
SATNET-590-04324 [DTC]
1  1844U 00000A   25274.57408802 .00000000  00000-0 0 000           3
2  1844  55.0000 180.0000 0000000   0.0000 258.0000 14.92546055    04
SATNET-590-04325 [DTC]
1  1845U 00000A   25274.57408802 .00000000  00000-0 0 000           4
2  1845  55.0000 180.0000 0000000   0.0000 264.0000 14.92546055    02
SATNET-590-04326 [DTC]
1  1846U 00000A   25274.57408802 .00000000  00000-0 0 000           5
2  1846  55.0000 180.0000 0000000   0.0000 270.0000 14.92546055    00
SATNET-590-04327 [DTC]
1  1847U 00000A   25274.57408802 .00000000  00000-0 0 000           6
2  1847  55.0000 180.0000 0000000   0.0000 276.0000 14.92546055    07
SATNET-590-04328 [DTC]
1  1848U 00000A   25274.57408802 .00000000  00000-0 0 000           7
2  1848  55.0000 180.0000 0000000   0.0000 282.0000 14.92546055    05
SATNET-590-04329 [DTC]
1  1849U 00000A   25274.57408802 .00000000  00000-0 0 000           8
2  1849  55.0000 180.0000 0000000   0.0000 288.0000 14.92546055    02
SATNET-590-04330 [DTC]
1  1850U 00000A   25274.57408802 .00000000  00000-0 0 000           0
2  1850  55.0000 180.0000 0000000   0.0000 294.0000 14.92546055    01
SATNET-590-04331 [DTC]
1  1851U 00000A   25274.57408802 .00000000  00000-0 0 000           1
2  1851  55.0000 180.0000 0000000   0.0000 300.0000 14.92546055    00
SATNET-590-04332 [DTC]
1  1852U 00000A   25274.57408802 .00000000  00000-0 0 000           2
2  1852  55.0000 180.0000 0000000   0.0000 306.0000 14.92546055    07
SATNET-590-04333 [DTC]
1  1853U 00000A   25274.57408802 .00000000  00000-0 0 000           3
2  1853  55.0000 180.0000 0000000   0.0000 312.0000 14.92546055    05
SATNET-590-04334 [DTC]
1  1854U 00000A   25274.57408802 .00000000  00000-0 0 000           4
2  1854  55.0000 180.0000 0000000   0.0000 318.0000 14.92546055    02
SATNET-590-04335 [DTC]
1  1855U 00000A   25274.57408802 .00000000  00000-0 0 000           5
2  1855  55.0000 180.0000 0000000   0.0000 324.0000 14.92546055    00
SATNET-590-04336 [DTC]
1  1856U 00000A   25274.57408802 .00000000  00000-0 0 000           6
2  1856  55.0000 180.0000 0000000   0.0000 330.0000 14.92546055    08
SATNET-590-04337 [DTC]
1  1857U 00000A   25274.57408802 .00000000  00000-0 0 000           7
2  1857  55.0000 180.0000 0000000   0.0000 336.0000 14.92546055    05
SATNET-590-04338 [DTC]
1  1858U 00000A   25274.57408802 .00000000  00000-0 0 000           8
2  1858  55.0000 180.0000 0000000   0.0000 342.0000 14.92546055    03
SATNET-590-04339 [DTC]
1  1859U 00000A   25274.57408802 .00000000  00000-0 0 000           9
2  1859  55.0000 180.0000 0000000   0.0000 348.0000 14.92546055    00
SATNET-590-04340 [DTC]
1  1860U 00000A   25274.57408802 .00000000  00000-0 0 000           1
2  1860  55.0000 180.0000 0000000   0.0000 354.0000 14.92546055    09
SATNET-590-04341 [DTC]
1  1861U 00000A   25274.57408802 .00000000  00000-0 0 000           2
2  1861  55.0000 186.0000 0000000   0.0000   0.0000 14.92546055    04
SATNET-590-04342 [DTC]
1  1862U 00000A   25274.57408802 .00000000  00000-0 0 000           3
2  1862  55.0000 186.0000 0000000   0.0000   6.0000 14.92546055    01
SATNET-590-04343 [DTC]
1  1863U 00000A   25274.57408802 .00000000  00000-0 0 000           4
2  1863  55.0000 186.0000 0000000   0.0000  12.0000 14.92546055    09
SATNET-590-04344 [DTC]
1  1864U 00000A   25274.57408802 .00000000  00000-0 0 000           5
2  1864  55.0000 186.0000 0000000   0.0000  18.0000 14.92546055    06
SATNET-590-04345 [DTC]
1  1865U 00000A   25274.57408802 .00000000  00000-0 0 000           6
2  1865  55.0000 186.0000 0000000   0.0000  24.0000 14.92546055    04
SATNET-590-04346 [DTC]
1  1866U 00000A   25274.57408802 .00000000  00000-0 0 000           7
2  1866  55.0000 186.0000 0000000   0.0000  30.0000 14.92546055    02
SATNET-590-04347 [DTC]
1  1867U 00000A   25274.57408802 .00000000  00000-0 0 000           8
2  1867  55.0000 186.0000 0000000   0.0000  36.0000 14.92546055    09
SATNET-590-04348 [DTC]
1  1868U 00000A   25274.57408802 .00000000  00000-0 0 000           9
2  1868  55.0000 186.0000 0000000   0.0000  42.0000 14.92546055    07
SATNET-590-04349 [DTC]
1  1869U 00000A   25274.57408802 .00000000  00000-0 0 000           0
2  1869  55.0000 186.0000 0000000   0.0000  48.0000 14.92546055    04
SATNET-590-04350 [DTC]
1  1870U 00000A   25274.57408802 .00000000  00000-0 0 000           2
2  1870  55.0000 186.0000 0000000   0.0000  54.0000 14.92546055    03
SATNET-590-04351 [DTC]
1  1871U 00000A   25274.57408802 .00000000  00000-0 0 000           3
2  1871  55.0000 186.0000 0000000   0.0000  60.0000 14.92546055    01
SATNET-590-04352 [DTC]
1  1872U 00000A   25274.57408802 .00000000  00000-0 0 000           4
2  1872  55.0000 186.0000 0000000   0.0000  66.0000 14.92546055    08
SATNET-590-04353 [DTC]
1  1873U 00000A   25274.57408802 .00000000  00000-0 0 000           5
2  1873  55.0000 186.0000 0000000   0.0000  72.0000 14.92546055    06
SATNET-590-04354 [DTC]
1  1874U 00000A   25274.57408802 .00000000  00000-0 0 000           6
2  1874  55.0000 186.0000 0000000   0.0000  78.0000 14.92546055    03
SATNET-590-04355 [DTC]
1  1875U 00000A   25274.57408802 .00000000  00000-0 0 000           7
2  1875  55.0000 186.0000 0000000   0.0000  84.0000 14.92546055    01
SATNET-590-04356 [DTC]
1  1876U 00000A   25274.57408802 .00000000  00000-0 0 000           8
2  1876  55.0000 186.0000 0000000   0.0000  90.0000 14.92546055    09
SATNET-590-04357 [DTC]
1  1877U 00000A   25274.57408802 .00000000  00000-0 0 000           9
2  1877  55.0000 186.0000 0000000   0.0000  96.0000 14.92546055    06
SATNET-590-04358 [DTC]
1  1878U 00000A   25274.57408802 .00000000  00000-0 0 000           0
2  1878  55.0000 186.0000 0000000   0.0000 102.0000 14.92546055    05
SATNET-590-04359 [DTC]
1  1879U 00000A   25274.57408802 .00000000  00000-0 0 000           1
2  1879  55.0000 186.0000 0000000   0.0000 108.0000 14.92546055    02
SATNET-590-04360 [DTC]
1  1880U 00000A   25274.57408802 .00000000  00000-0 0 000           3
2  1880  55.0000 186.0000 0000000   0.0000 114.0000 14.92546055    01
SATNET-590-04361 [DTC]
1  1881U 00000A   25274.57408802 .00000000  00000-0 0 000           4
2  1881  55.0000 186.0000 0000000   0.0000 120.0000 14.92546055    09
SATNET-590-04362 [DTC]
1  1882U 00000A   25274.57408802 .00000000  00000-0 0 000           5
2  1882  55.0000 186.0000 0000000   0.0000 126.0000 14.92546055    06
SATNET-590-04363 [DTC]
1  1883U 00000A   25274.57408802 .00000000  00000-0 0 000           6
2  1883  55.0000 186.0000 0000000   0.0000 132.0000 14.92546055    04
SATNET-590-04364 [DTC]
1  1884U 00000A   25274.57408802 .00000000  00000-0 0 000           7
2  1884  55.0000 186.0000 0000000   0.0000 138.0000 14.92546055    01
SATNET-590-04365 [DTC]
1  1885U 00000A   25274.57408802 .00000000  00000-0 0 000           8
2  1885  55.0000 186.0000 0000000   0.0000 144.0000 14.92546055    09
SATNET-590-04366 [DTC]
1  1886U 00000A   25274.57408802 .00000000  00000-0 0 000           9
2  1886  55.0000 186.0000 0000000   0.0000 150.0000 14.92546055    07
SATNET-590-04367 [DTC]
1  1887U 00000A   25274.57408802 .00000000  00000-0 0 000           0
2  1887  55.0000 186.0000 0000000   0.0000 156.0000 14.92546055    04
SATNET-590-04368 [DTC]
1  1888U 00000A   25274.57408802 .00000000  00000-0 0 000           1
2  1888  55.0000 186.0000 0000000   0.0000 162.0000 14.92546055    02
SATNET-590-04369 [DTC]
1  1889U 00000A   25274.57408802 .00000000  00000-0 0 000           2
2  1889  55.0000 186.0000 0000000   0.0000 168.0000 14.92546055    09
SATNET-590-04370 [DTC]
1  1890U 00000A   25274.57408802 .00000000  00000-0 0 000           4
2  1890  55.0000 186.0000 0000000   0.0000 174.0000 14.92546055    08
SATNET-590-04371 [DTC]
1  1891U 00000A   25274.57408802 .00000000  00000-0 0 000           5
2  1891  55.0000 186.0000 0000000   0.0000 180.0000 14.92546055    06
SATNET-590-04372 [DTC]
1  1892U 00000A   25274.57408802 .00000000  00000-0 0 000           6
2  1892  55.0000 186.0000 0000000   0.0000 186.0000 14.92546055    03
SATNET-590-04373 [DTC]
1  1893U 00000A   25274.57408802 .00000000  00000-0 0 000           7
2  1893  55.0000 186.0000 0000000   0.0000 192.0000 14.92546055    01
SATNET-590-04374 [DTC]
1  1894U 00000A   25274.57408802 .00000000  00000-0 0 000           8
2  1894  55.0000 186.0000 0000000   0.0000 198.0000 14.92546055    08
SATNET-590-04375 [DTC]
1  1895U 00000A   25274.57408802 .00000000  00000-0 0 000           9
2  1895  55.0000 186.0000 0000000   0.0000 204.0000 14.92546055    07
SATNET-590-04376 [DTC]
1  1896U 00000A   25274.57408802 .00000000  00000-0 0 000           0
2  1896  55.0000 186.0000 0000000   0.0000 210.0000 14.92546055    05
SATNET-590-04377 [DTC]
1  1897U 00000A   25274.57408802 .00000000  00000-0 0 000           1
2  1897  55.0000 186.0000 0000000   0.0000 216.0000 14.92546055    02
SATNET-590-04378 [DTC]
1  1898U 00000A   25274.57408802 .00000000  00000-0 0 000           2
2  1898  55.0000 186.0000 0000000   0.0000 222.0000 14.92546055    00
SATNET-590-04379 [DTC]
1  1899U 00000A   25274.57408802 .00000000  00000-0 0 000           3
2  1899  55.0000 186.0000 0000000   0.0000 228.0000 14.92546055    07
SATNET-590-04380 [DTC]
1  1900U 00000A   25274.57408802 .00000000  00000-0 0 000           6
2  1900  55.0000 186.0000 0000000   0.0000 234.0000 14.92546055    07
SATNET-590-04381 [DTC]
1  1901U 00000A   25274.57408802 .00000000  00000-0 0 000           7
2  1901  55.0000 186.0000 0000000   0.0000 240.0000 14.92546055    05
SATNET-590-04382 [DTC]
1  1902U 00000A   25274.57408802 .00000000  00000-0 0 000           8
2  1902  55.0000 186.0000 0000000   0.0000 246.0000 14.92546055    02
SATNET-590-04383 [DTC]
1  1903U 00000A   25274.57408802 .00000000  00000-0 0 000           9
2  1903  55.0000 186.0000 0000000   0.0000 252.0000 14.92546055    00
SATNET-590-04384 [DTC]
1  1904U 00000A   25274.57408802 .00000000  00000-0 0 000           0
2  1904  55.0000 186.0000 0000000   0.0000 258.0000 14.92546055    07
SATNET-590-04385 [DTC]
1  1905U 00000A   25274.57408802 .00000000  00000-0 0 000           1
2  1905  55.0000 186.0000 0000000   0.0000 264.0000 14.92546055    05
SATNET-590-04386 [DTC]
1  1906U 00000A   25274.57408802 .00000000  00000-0 0 000           2
2  1906  55.0000 186.0000 0000000   0.0000 270.0000 14.92546055    03
SATNET-590-04387 [DTC]
1  1907U 00000A   25274.57408802 .00000000  00000-0 0 000           3
2  1907  55.0000 186.0000 0000000   0.0000 276.0000 14.92546055    00
SATNET-590-04388 [DTC]
1  1908U 00000A   25274.57408802 .00000000  00000-0 0 000           4
2  1908  55.0000 186.0000 0000000   0.0000 282.0000 14.92546055    08
SATNET-590-04389 [DTC]
1  1909U 00000A   25274.57408802 .00000000  00000-0 0 000           5
2  1909  55.0000 186.0000 0000000   0.0000 288.0000 14.92546055    05
SATNET-590-04390 [DTC]
1  1910U 00000A   25274.57408802 .00000000  00000-0 0 000           7
2  1910  55.0000 186.0000 0000000   0.0000 294.0000 14.92546055    04
SATNET-590-04391 [DTC]
1  1911U 00000A   25274.57408802 .00000000  00000-0 0 000           8
2  1911  55.0000 186.0000 0000000   0.0000 300.0000 14.92546055    03
SATNET-590-04392 [DTC]
1  1912U 00000A   25274.57408802 .00000000  00000-0 0 000           9
2  1912  55.0000 186.0000 0000000   0.0000 306.0000 14.92546055    00
SATNET-590-04393 [DTC]
1  1913U 00000A   25274.57408802 .00000000  00000-0 0 000           0
2  1913  55.0000 186.0000 0000000   0.0000 312.0000 14.92546055    08
SATNET-590-04394 [DTC]
1  1914U 00000A   25274.57408802 .00000000  00000-0 0 000           1
2  1914  55.0000 186.0000 0000000   0.0000 318.0000 14.92546055    05
SATNET-590-04395 [DTC]
1  1915U 00000A   25274.57408802 .00000000  00000-0 0 000           2
2  1915  55.0000 186.0000 0000000   0.0000 324.0000 14.92546055    03
SATNET-590-04396 [DTC]
1  1916U 00000A   25274.57408802 .00000000  00000-0 0 000           3
2  1916  55.0000 186.0000 0000000   0.0000 330.0000 14.92546055    01
SATNET-590-04397 [DTC]
1  1917U 00000A   25274.57408802 .00000000  00000-0 0 000           4
2  1917  55.0000 186.0000 0000000   0.0000 336.0000 14.92546055    08
SATNET-590-04398 [DTC]
1  1918U 00000A   25274.57408802 .00000000  00000-0 0 000           5
2  1918  55.0000 186.0000 0000000   0.0000 342.0000 14.92546055    06
SATNET-590-04399 [DTC]
1  1919U 00000A   25274.57408802 .00000000  00000-0 0 000           6
2  1919  55.0000 186.0000 0000000   0.0000 348.0000 14.92546055    03
SATNET-590-04400 [DTC]
1  1920U 00000A   25274.57408802 .00000000  00000-0 0 000           8
2  1920  55.0000 186.0000 0000000   0.0000 354.0000 14.92546055    02
SATNET-590-04401 [DTC]
1  1921U 00000A   25274.57408802 .00000000  00000-0 0 000           9
2  1921  55.0000 192.0000 0000000   0.0000   0.0000 14.92546055    08
SATNET-590-04402 [DTC]
1  1922U 00000A   25274.57408802 .00000000  00000-0 0 000           0
2  1922  55.0000 192.0000 0000000   0.0000   6.0000 14.92546055    05
SATNET-590-04403 [DTC]
1  1923U 00000A   25274.57408802 .00000000  00000-0 0 000           1
2  1923  55.0000 192.0000 0000000   0.0000  12.0000 14.92546055    03
SATNET-590-04404 [DTC]
1  1924U 00000A   25274.57408802 .00000000  00000-0 0 000           2
2  1924  55.0000 192.0000 0000000   0.0000  18.0000 14.92546055    00
SATNET-590-04405 [DTC]
1  1925U 00000A   25274.57408802 .00000000  00000-0 0 000           3
2  1925  55.0000 192.0000 0000000   0.0000  24.0000 14.92546055    08
SATNET-590-04406 [DTC]
1  1926U 00000A   25274.57408802 .00000000  00000-0 0 000           4
2  1926  55.0000 192.0000 0000000   0.0000  30.0000 14.92546055    06
SATNET-590-04407 [DTC]
1  1927U 00000A   25274.57408802 .00000000  00000-0 0 000           5
2  1927  55.0000 192.0000 0000000   0.0000  36.0000 14.92546055    03
SATNET-590-04408 [DTC]
1  1928U 00000A   25274.57408802 .00000000  00000-0 0 000           6
2  1928  55.0000 192.0000 0000000   0.0000  42.0000 14.92546055    01
SATNET-590-04409 [DTC]
1  1929U 00000A   25274.57408802 .00000000  00000-0 0 000           7
2  1929  55.0000 192.0000 0000000   0.0000  48.0000 14.92546055    08
SATNET-590-04410 [DTC]
1  1930U 00000A   25274.57408802 .00000000  00000-0 0 000           9
2  1930  55.0000 192.0000 0000000   0.0000  54.0000 14.92546055    07
SATNET-590-04411 [DTC]
1  1931U 00000A   25274.57408802 .00000000  00000-0 0 000           0
2  1931  55.0000 192.0000 0000000   0.0000  60.0000 14.92546055    05
SATNET-590-04412 [DTC]
1  1932U 00000A   25274.57408802 .00000000  00000-0 0 000           1
2  1932  55.0000 192.0000 0000000   0.0000  66.0000 14.92546055    02
SATNET-590-04413 [DTC]
1  1933U 00000A   25274.57408802 .00000000  00000-0 0 000           2
2  1933  55.0000 192.0000 0000000   0.0000  72.0000 14.92546055    00
SATNET-590-04414 [DTC]
1  1934U 00000A   25274.57408802 .00000000  00000-0 0 000           3
2  1934  55.0000 192.0000 0000000   0.0000  78.0000 14.92546055    07
SATNET-590-04415 [DTC]
1  1935U 00000A   25274.57408802 .00000000  00000-0 0 000           4
2  1935  55.0000 192.0000 0000000   0.0000  84.0000 14.92546055    05
SATNET-590-04416 [DTC]
1  1936U 00000A   25274.57408802 .00000000  00000-0 0 000           5
2  1936  55.0000 192.0000 0000000   0.0000  90.0000 14.92546055    03
SATNET-590-04417 [DTC]
1  1937U 00000A   25274.57408802 .00000000  00000-0 0 000           6
2  1937  55.0000 192.0000 0000000   0.0000  96.0000 14.92546055    00
SATNET-590-04418 [DTC]
1  1938U 00000A   25274.57408802 .00000000  00000-0 0 000           7
2  1938  55.0000 192.0000 0000000   0.0000 102.0000 14.92546055    09
SATNET-590-04419 [DTC]
1  1939U 00000A   25274.57408802 .00000000  00000-0 0 000           8
2  1939  55.0000 192.0000 0000000   0.0000 108.0000 14.92546055    06
SATNET-590-04420 [DTC]
1  1940U 00000A   25274.57408802 .00000000  00000-0 0 000           0
2  1940  55.0000 192.0000 0000000   0.0000 114.0000 14.92546055    05
SATNET-590-04421 [DTC]
1  1941U 00000A   25274.57408802 .00000000  00000-0 0 000           1
2  1941  55.0000 192.0000 0000000   0.0000 120.0000 14.92546055    03
SATNET-590-04422 [DTC]
1  1942U 00000A   25274.57408802 .00000000  00000-0 0 000           2
2  1942  55.0000 192.0000 0000000   0.0000 126.0000 14.92546055    00
SATNET-590-04423 [DTC]
1  1943U 00000A   25274.57408802 .00000000  00000-0 0 000           3
2  1943  55.0000 192.0000 0000000   0.0000 132.0000 14.92546055    08
SATNET-590-04424 [DTC]
1  1944U 00000A   25274.57408802 .00000000  00000-0 0 000           4
2  1944  55.0000 192.0000 0000000   0.0000 138.0000 14.92546055    05
SATNET-590-04425 [DTC]
1  1945U 00000A   25274.57408802 .00000000  00000-0 0 000           5
2  1945  55.0000 192.0000 0000000   0.0000 144.0000 14.92546055    03
SATNET-590-04426 [DTC]
1  1946U 00000A   25274.57408802 .00000000  00000-0 0 000           6
2  1946  55.0000 192.0000 0000000   0.0000 150.0000 14.92546055    01
SATNET-590-04427 [DTC]
1  1947U 00000A   25274.57408802 .00000000  00000-0 0 000           7
2  1947  55.0000 192.0000 0000000   0.0000 156.0000 14.92546055    08
SATNET-590-04428 [DTC]
1  1948U 00000A   25274.57408802 .00000000  00000-0 0 000           8
2  1948  55.0000 192.0000 0000000   0.0000 162.0000 14.92546055    06
SATNET-590-04429 [DTC]
1  1949U 00000A   25274.57408802 .00000000  00000-0 0 000           9
2  1949  55.0000 192.0000 0000000   0.0000 168.0000 14.92546055    03
SATNET-590-04430 [DTC]
1  1950U 00000A   25274.57408802 .00000000  00000-0 0 000           1
2  1950  55.0000 192.0000 0000000   0.0000 174.0000 14.92546055    02
SATNET-590-04431 [DTC]
1  1951U 00000A   25274.57408802 .00000000  00000-0 0 000           2
2  1951  55.0000 192.0000 0000000   0.0000 180.0000 14.92546055    00
SATNET-590-04432 [DTC]
1  1952U 00000A   25274.57408802 .00000000  00000-0 0 000           3
2  1952  55.0000 192.0000 0000000   0.0000 186.0000 14.92546055    07
SATNET-590-04433 [DTC]
1  1953U 00000A   25274.57408802 .00000000  00000-0 0 000           4
2  1953  55.0000 192.0000 0000000   0.0000 192.0000 14.92546055    05
SATNET-590-04434 [DTC]
1  1954U 00000A   25274.57408802 .00000000  00000-0 0 000           5
2  1954  55.0000 192.0000 0000000   0.0000 198.0000 14.92546055    02
SATNET-590-04435 [DTC]
1  1955U 00000A   25274.57408802 .00000000  00000-0 0 000           6
2  1955  55.0000 192.0000 0000000   0.0000 204.0000 14.92546055    01
SATNET-590-04436 [DTC]
1  1956U 00000A   25274.57408802 .00000000  00000-0 0 000           7
2  1956  55.0000 192.0000 0000000   0.0000 210.0000 14.92546055    09
SATNET-590-04437 [DTC]
1  1957U 00000A   25274.57408802 .00000000  00000-0 0 000           8
2  1957  55.0000 192.0000 0000000   0.0000 216.0000 14.92546055    06
SATNET-590-04438 [DTC]
1  1958U 00000A   25274.57408802 .00000000  00000-0 0 000           9
2  1958  55.0000 192.0000 0000000   0.0000 222.0000 14.92546055    04
SATNET-590-04439 [DTC]
1  1959U 00000A   25274.57408802 .00000000  00000-0 0 000           0
2  1959  55.0000 192.0000 0000000   0.0000 228.0000 14.92546055    01
SATNET-590-04440 [DTC]
1  1960U 00000A   25274.57408802 .00000000  00000-0 0 000           2
2  1960  55.0000 192.0000 0000000   0.0000 234.0000 14.92546055    00
SATNET-590-04441 [DTC]
1  1961U 00000A   25274.57408802 .00000000  00000-0 0 000           3
2  1961  55.0000 192.0000 0000000   0.0000 240.0000 14.92546055    08
SATNET-590-04442 [DTC]
1  1962U 00000A   25274.57408802 .00000000  00000-0 0 000           4
2  1962  55.0000 192.0000 0000000   0.0000 246.0000 14.92546055    05
SATNET-590-04443 [DTC]
1  1963U 00000A   25274.57408802 .00000000  00000-0 0 000           5
2  1963  55.0000 192.0000 0000000   0.0000 252.0000 14.92546055    03
SATNET-590-04444 [DTC]
1  1964U 00000A   25274.57408802 .00000000  00000-0 0 000           6
2  1964  55.0000 192.0000 0000000   0.0000 258.0000 14.92546055    00
SATNET-590-04445 [DTC]
1  1965U 00000A   25274.57408802 .00000000  00000-0 0 000           7
2  1965  55.0000 192.0000 0000000   0.0000 264.0000 14.92546055    08
SATNET-590-04446 [DTC]
1  1966U 00000A   25274.57408802 .00000000  00000-0 0 000           8
2  1966  55.0000 192.0000 0000000   0.0000 270.0000 14.92546055    06
SATNET-590-04447 [DTC]
1  1967U 00000A   25274.57408802 .00000000  00000-0 0 000           9
2  1967  55.0000 192.0000 0000000   0.0000 276.0000 14.92546055    03
SATNET-590-04448 [DTC]
1  1968U 00000A   25274.57408802 .00000000  00000-0 0 000           0
2  1968  55.0000 192.0000 0000000   0.0000 282.0000 14.92546055    01
SATNET-590-04449 [DTC]
1  1969U 00000A   25274.57408802 .00000000  00000-0 0 000           1
2  1969  55.0000 192.0000 0000000   0.0000 288.0000 14.92546055    08
SATNET-590-04450 [DTC]
1  1970U 00000A   25274.57408802 .00000000  00000-0 0 000           3
2  1970  55.0000 192.0000 0000000   0.0000 294.0000 14.92546055    07
SATNET-590-04451 [DTC]
1  1971U 00000A   25274.57408802 .00000000  00000-0 0 000           4
2  1971  55.0000 192.0000 0000000   0.0000 300.0000 14.92546055    06
SATNET-590-04452 [DTC]
1  1972U 00000A   25274.57408802 .00000000  00000-0 0 000           5
2  1972  55.0000 192.0000 0000000   0.0000 306.0000 14.92546055    03
SATNET-590-04453 [DTC]
1  1973U 00000A   25274.57408802 .00000000  00000-0 0 000           6
2  1973  55.0000 192.0000 0000000   0.0000 312.0000 14.92546055    01
SATNET-590-04454 [DTC]
1  1974U 00000A   25274.57408802 .00000000  00000-0 0 000           7
2  1974  55.0000 192.0000 0000000   0.0000 318.0000 14.92546055    08
SATNET-590-04455 [DTC]
1  1975U 00000A   25274.57408802 .00000000  00000-0 0 000           8
2  1975  55.0000 192.0000 0000000   0.0000 324.0000 14.92546055    06
SATNET-590-04456 [DTC]
1  1976U 00000A   25274.57408802 .00000000  00000-0 0 000           9
2  1976  55.0000 192.0000 0000000   0.0000 330.0000 14.92546055    04
SATNET-590-04457 [DTC]
1  1977U 00000A   25274.57408802 .00000000  00000-0 0 000           0
2  1977  55.0000 192.0000 0000000   0.0000 336.0000 14.92546055    01
SATNET-590-04458 [DTC]
1  1978U 00000A   25274.57408802 .00000000  00000-0 0 000           1
2  1978  55.0000 192.0000 0000000   0.0000 342.0000 14.92546055    09
SATNET-590-04459 [DTC]
1  1979U 00000A   25274.57408802 .00000000  00000-0 0 000           2
2  1979  55.0000 192.0000 0000000   0.0000 348.0000 14.92546055    06
SATNET-590-04460 [DTC]
1  1980U 00000A   25274.57408802 .00000000  00000-0 0 000           4
2  1980  55.0000 192.0000 0000000   0.0000 354.0000 14.92546055    05
SATNET-590-04461 [DTC]
1  1981U 00000A   25274.57408802 .00000000  00000-0 0 000           5
2  1981  55.0000 198.0000 0000000   0.0000   0.0000 14.92546055    00
SATNET-590-04462 [DTC]
1  1982U 00000A   25274.57408802 .00000000  00000-0 0 000           6
2  1982  55.0000 198.0000 0000000   0.0000   6.0000 14.92546055    07
SATNET-590-04463 [DTC]
1  1983U 00000A   25274.57408802 .00000000  00000-0 0 000           7
2  1983  55.0000 198.0000 0000000   0.0000  12.0000 14.92546055    05
SATNET-590-04464 [DTC]
1  1984U 00000A   25274.57408802 .00000000  00000-0 0 000           8
2  1984  55.0000 198.0000 0000000   0.0000  18.0000 14.92546055    02
SATNET-590-04465 [DTC]
1  1985U 00000A   25274.57408802 .00000000  00000-0 0 000           9
2  1985  55.0000 198.0000 0000000   0.0000  24.0000 14.92546055    00
SATNET-590-04466 [DTC]
1  1986U 00000A   25274.57408802 .00000000  00000-0 0 000           0
2  1986  55.0000 198.0000 0000000   0.0000  30.0000 14.92546055    08
SATNET-590-04467 [DTC]
1  1987U 00000A   25274.57408802 .00000000  00000-0 0 000           1
2  1987  55.0000 198.0000 0000000   0.0000  36.0000 14.92546055    05
SATNET-590-04468 [DTC]
1  1988U 00000A   25274.57408802 .00000000  00000-0 0 000           2
2  1988  55.0000 198.0000 0000000   0.0000  42.0000 14.92546055    03
SATNET-590-04469 [DTC]
1  1989U 00000A   25274.57408802 .00000000  00000-0 0 000           3
2  1989  55.0000 198.0000 0000000   0.0000  48.0000 14.92546055    00
SATNET-590-04470 [DTC]
1  1990U 00000A   25274.57408802 .00000000  00000-0 0 000           5
2  1990  55.0000 198.0000 0000000   0.0000  54.0000 14.92546055    09
SATNET-590-04471 [DTC]
1  1991U 00000A   25274.57408802 .00000000  00000-0 0 000           6
2  1991  55.0000 198.0000 0000000   0.0000  60.0000 14.92546055    07
SATNET-590-04472 [DTC]
1  1992U 00000A   25274.57408802 .00000000  00000-0 0 000           7
2  1992  55.0000 198.0000 0000000   0.0000  66.0000 14.92546055    04
SATNET-590-04473 [DTC]
1  1993U 00000A   25274.57408802 .00000000  00000-0 0 000           8
2  1993  55.0000 198.0000 0000000   0.0000  72.0000 14.92546055    02
SATNET-590-04474 [DTC]
1  1994U 00000A   25274.57408802 .00000000  00000-0 0 000           9
2  1994  55.0000 198.0000 0000000   0.0000  78.0000 14.92546055    09
SATNET-590-04475 [DTC]
1  1995U 00000A   25274.57408802 .00000000  00000-0 0 000           0
2  1995  55.0000 198.0000 0000000   0.0000  84.0000 14.92546055    07
SATNET-590-04476 [DTC]
1  1996U 00000A   25274.57408802 .00000000  00000-0 0 000           1
2  1996  55.0000 198.0000 0000000   0.0000  90.0000 14.92546055    05
SATNET-590-04477 [DTC]
1  1997U 00000A   25274.57408802 .00000000  00000-0 0 000           2
2  1997  55.0000 198.0000 0000000   0.0000  96.0000 14.92546055    02
SATNET-590-04478 [DTC]
1  1998U 00000A   25274.57408802 .00000000  00000-0 0 000           3
2  1998  55.0000 198.0000 0000000   0.0000 102.0000 14.92546055    01
SATNET-590-04479 [DTC]
1  1999U 00000A   25274.57408802 .00000000  00000-0 0 000           4
2  1999  55.0000 198.0000 0000000   0.0000 108.0000 14.92546055    08
SATNET-590-04480 [DTC]
1  2000U 00000A   25274.57408802 .00000000  00000-0 0 000           8
2  2000  55.0000 198.0000 0000000   0.0000 114.0000 14.92546055    09
SATNET-590-04481 [DTC]
1  2001U 00000A   25274.57408802 .00000000  00000-0 0 000           9
2  2001  55.0000 198.0000 0000000   0.0000 120.0000 14.92546055    07
SATNET-590-04482 [DTC]
1  2002U 00000A   25274.57408802 .00000000  00000-0 0 000           0
2  2002  55.0000 198.0000 0000000   0.0000 126.0000 14.92546055    04
SATNET-590-04483 [DTC]
1  2003U 00000A   25274.57408802 .00000000  00000-0 0 000           1
2  2003  55.0000 198.0000 0000000   0.0000 132.0000 14.92546055    02
SATNET-590-04484 [DTC]
1  2004U 00000A   25274.57408802 .00000000  00000-0 0 000           2
2  2004  55.0000 198.0000 0000000   0.0000 138.0000 14.92546055    09
SATNET-590-04485 [DTC]
1  2005U 00000A   25274.57408802 .00000000  00000-0 0 000           3
2  2005  55.0000 198.0000 0000000   0.0000 144.0000 14.92546055    07
SATNET-590-04486 [DTC]
1  2006U 00000A   25274.57408802 .00000000  00000-0 0 000           4
2  2006  55.0000 198.0000 0000000   0.0000 150.0000 14.92546055    05
SATNET-590-04487 [DTC]
1  2007U 00000A   25274.57408802 .00000000  00000-0 0 000           5
2  2007  55.0000 198.0000 0000000   0.0000 156.0000 14.92546055    02
SATNET-590-04488 [DTC]
1  2008U 00000A   25274.57408802 .00000000  00000-0 0 000           6
2  2008  55.0000 198.0000 0000000   0.0000 162.0000 14.92546055    00
SATNET-590-04489 [DTC]
1  2009U 00000A   25274.57408802 .00000000  00000-0 0 000           7
2  2009  55.0000 198.0000 0000000   0.0000 168.0000 14.92546055    07
SATNET-590-04490 [DTC]
1  2010U 00000A   25274.57408802 .00000000  00000-0 0 000           9
2  2010  55.0000 198.0000 0000000   0.0000 174.0000 14.92546055    06
SATNET-590-04491 [DTC]
1  2011U 00000A   25274.57408802 .00000000  00000-0 0 000           0
2  2011  55.0000 198.0000 0000000   0.0000 180.0000 14.92546055    04
SATNET-590-04492 [DTC]
1  2012U 00000A   25274.57408802 .00000000  00000-0 0 000           1
2  2012  55.0000 198.0000 0000000   0.0000 186.0000 14.92546055    01
SATNET-590-04493 [DTC]
1  2013U 00000A   25274.57408802 .00000000  00000-0 0 000           2
2  2013  55.0000 198.0000 0000000   0.0000 192.0000 14.92546055    09
SATNET-590-04494 [DTC]
1  2014U 00000A   25274.57408802 .00000000  00000-0 0 000           3
2  2014  55.0000 198.0000 0000000   0.0000 198.0000 14.92546055    06
SATNET-590-04495 [DTC]
1  2015U 00000A   25274.57408802 .00000000  00000-0 0 000           4
2  2015  55.0000 198.0000 0000000   0.0000 204.0000 14.92546055    05
SATNET-590-04496 [DTC]
1  2016U 00000A   25274.57408802 .00000000  00000-0 0 000           5
2  2016  55.0000 198.0000 0000000   0.0000 210.0000 14.92546055    03
SATNET-590-04497 [DTC]
1  2017U 00000A   25274.57408802 .00000000  00000-0 0 000           6
2  2017  55.0000 198.0000 0000000   0.0000 216.0000 14.92546055    00
SATNET-590-04498 [DTC]
1  2018U 00000A   25274.57408802 .00000000  00000-0 0 000           7
2  2018  55.0000 198.0000 0000000   0.0000 222.0000 14.92546055    08
SATNET-590-04499 [DTC]
1  2019U 00000A   25274.57408802 .00000000  00000-0 0 000           8
2  2019  55.0000 198.0000 0000000   0.0000 228.0000 14.92546055    05
SATNET-590-04500 [DTC]
1  2020U 00000A   25274.57408802 .00000000  00000-0 0 000           0
2  2020  55.0000 198.0000 0000000   0.0000 234.0000 14.92546055    04
SATNET-590-04501 [DTC]
1  2021U 00000A   25274.57408802 .00000000  00000-0 0 000           1
2  2021  55.0000 198.0000 0000000   0.0000 240.0000 14.92546055    02
SATNET-590-04502 [DTC]
1  2022U 00000A   25274.57408802 .00000000  00000-0 0 000           2
2  2022  55.0000 198.0000 0000000   0.0000 246.0000 14.92546055    09
SATNET-590-04503 [DTC]
1  2023U 00000A   25274.57408802 .00000000  00000-0 0 000           3
2  2023  55.0000 198.0000 0000000   0.0000 252.0000 14.92546055    07
SATNET-590-04504 [DTC]
1  2024U 00000A   25274.57408802 .00000000  00000-0 0 000           4
2  2024  55.0000 198.0000 0000000   0.0000 258.0000 14.92546055    04
SATNET-590-04505 [DTC]
1  2025U 00000A   25274.57408802 .00000000  00000-0 0 000           5
2  2025  55.0000 198.0000 0000000   0.0000 264.0000 14.92546055    02
SATNET-590-04506 [DTC]
1  2026U 00000A   25274.57408802 .00000000  00000-0 0 000           6
2  2026  55.0000 198.0000 0000000   0.0000 270.0000 14.92546055    00
SATNET-590-04507 [DTC]
1  2027U 00000A   25274.57408802 .00000000  00000-0 0 000           7
2  2027  55.0000 198.0000 0000000   0.0000 276.0000 14.92546055    07
SATNET-590-04508 [DTC]
1  2028U 00000A   25274.57408802 .00000000  00000-0 0 000           8
2  2028  55.0000 198.0000 0000000   0.0000 282.0000 14.92546055    05
SATNET-590-04509 [DTC]
1  2029U 00000A   25274.57408802 .00000000  00000-0 0 000           9
2  2029  55.0000 198.0000 0000000   0.0000 288.0000 14.92546055    02
SATNET-590-04510 [DTC]
1  2030U 00000A   25274.57408802 .00000000  00000-0 0 000           1
2  2030  55.0000 198.0000 0000000   0.0000 294.0000 14.92546055    01
SATNET-590-04511 [DTC]
1  2031U 00000A   25274.57408802 .00000000  00000-0 0 000           2
2  2031  55.0000 198.0000 0000000   0.0000 300.0000 14.92546055    00
SATNET-590-04512 [DTC]
1  2032U 00000A   25274.57408802 .00000000  00000-0 0 000           3
2  2032  55.0000 198.0000 0000000   0.0000 306.0000 14.92546055    07
SATNET-590-04513 [DTC]
1  2033U 00000A   25274.57408802 .00000000  00000-0 0 000           4
2  2033  55.0000 198.0000 0000000   0.0000 312.0000 14.92546055    05
SATNET-590-04514 [DTC]
1  2034U 00000A   25274.57408802 .00000000  00000-0 0 000           5
2  2034  55.0000 198.0000 0000000   0.0000 318.0000 14.92546055    02
SATNET-590-04515 [DTC]
1  2035U 00000A   25274.57408802 .00000000  00000-0 0 000           6
2  2035  55.0000 198.0000 0000000   0.0000 324.0000 14.92546055    00
SATNET-590-04516 [DTC]
1  2036U 00000A   25274.57408802 .00000000  00000-0 0 000           7
2  2036  55.0000 198.0000 0000000   0.0000 330.0000 14.92546055    08
SATNET-590-04517 [DTC]
1  2037U 00000A   25274.57408802 .00000000  00000-0 0 000           8
2  2037  55.0000 198.0000 0000000   0.0000 336.0000 14.92546055    05
SATNET-590-04518 [DTC]
1  2038U 00000A   25274.57408802 .00000000  00000-0 0 000           9
2  2038  55.0000 198.0000 0000000   0.0000 342.0000 14.92546055    03
SATNET-590-04519 [DTC]
1  2039U 00000A   25274.57408802 .00000000  00000-0 0 000           0
2  2039  55.0000 198.0000 0000000   0.0000 348.0000 14.92546055    00
SATNET-590-04520 [DTC]
1  2040U 00000A   25274.57408802 .00000000  00000-0 0 000           2
2  2040  55.0000 198.0000 0000000   0.0000 354.0000 14.92546055    09
SATNET-590-04521 [DTC]
1  2041U 00000A   25274.57408802 .00000000  00000-0 0 000           3
2  2041  55.0000 204.0000 0000000   0.0000   0.0000 14.92546055    06
SATNET-590-04522 [DTC]
1  2042U 00000A   25274.57408802 .00000000  00000-0 0 000           4
2  2042  55.0000 204.0000 0000000   0.0000   6.0000 14.92546055    03
SATNET-590-04523 [DTC]
1  2043U 00000A   25274.57408802 .00000000  00000-0 0 000           5
2  2043  55.0000 204.0000 0000000   0.0000  12.0000 14.92546055    01
SATNET-590-04524 [DTC]
1  2044U 00000A   25274.57408802 .00000000  00000-0 0 000           6
2  2044  55.0000 204.0000 0000000   0.0000  18.0000 14.92546055    08
SATNET-590-04525 [DTC]
1  2045U 00000A   25274.57408802 .00000000  00000-0 0 000           7
2  2045  55.0000 204.0000 0000000   0.0000  24.0000 14.92546055    06
SATNET-590-04526 [DTC]
1  2046U 00000A   25274.57408802 .00000000  00000-0 0 000           8
2  2046  55.0000 204.0000 0000000   0.0000  30.0000 14.92546055    04
SATNET-590-04527 [DTC]
1  2047U 00000A   25274.57408802 .00000000  00000-0 0 000           9
2  2047  55.0000 204.0000 0000000   0.0000  36.0000 14.92546055    01
SATNET-590-04528 [DTC]
1  2048U 00000A   25274.57408802 .00000000  00000-0 0 000           0
2  2048  55.0000 204.0000 0000000   0.0000  42.0000 14.92546055    09
SATNET-590-04529 [DTC]
1  2049U 00000A   25274.57408802 .00000000  00000-0 0 000           1
2  2049  55.0000 204.0000 0000000   0.0000  48.0000 14.92546055    06
SATNET-590-04530 [DTC]
1  2050U 00000A   25274.57408802 .00000000  00000-0 0 000           3
2  2050  55.0000 204.0000 0000000   0.0000  54.0000 14.92546055    05
SATNET-590-04531 [DTC]
1  2051U 00000A   25274.57408802 .00000000  00000-0 0 000           4
2  2051  55.0000 204.0000 0000000   0.0000  60.0000 14.92546055    03
SATNET-590-04532 [DTC]
1  2052U 00000A   25274.57408802 .00000000  00000-0 0 000           5
2  2052  55.0000 204.0000 0000000   0.0000  66.0000 14.92546055    00
SATNET-590-04533 [DTC]
1  2053U 00000A   25274.57408802 .00000000  00000-0 0 000           6
2  2053  55.0000 204.0000 0000000   0.0000  72.0000 14.92546055    08
SATNET-590-04534 [DTC]
1  2054U 00000A   25274.57408802 .00000000  00000-0 0 000           7
2  2054  55.0000 204.0000 0000000   0.0000  78.0000 14.92546055    05
SATNET-590-04535 [DTC]
1  2055U 00000A   25274.57408802 .00000000  00000-0 0 000           8
2  2055  55.0000 204.0000 0000000   0.0000  84.0000 14.92546055    03
SATNET-590-04536 [DTC]
1  2056U 00000A   25274.57408802 .00000000  00000-0 0 000           9
2  2056  55.0000 204.0000 0000000   0.0000  90.0000 14.92546055    01
SATNET-590-04537 [DTC]
1  2057U 00000A   25274.57408802 .00000000  00000-0 0 000           0
2  2057  55.0000 204.0000 0000000   0.0000  96.0000 14.92546055    08
SATNET-590-04538 [DTC]
1  2058U 00000A   25274.57408802 .00000000  00000-0 0 000           1
2  2058  55.0000 204.0000 0000000   0.0000 102.0000 14.92546055    07
SATNET-590-04539 [DTC]
1  2059U 00000A   25274.57408802 .00000000  00000-0 0 000           2
2  2059  55.0000 204.0000 0000000   0.0000 108.0000 14.92546055    04
SATNET-590-04540 [DTC]
1  2060U 00000A   25274.57408802 .00000000  00000-0 0 000           4
2  2060  55.0000 204.0000 0000000   0.0000 114.0000 14.92546055    03
SATNET-590-04541 [DTC]
1  2061U 00000A   25274.57408802 .00000000  00000-0 0 000           5
2  2061  55.0000 204.0000 0000000   0.0000 120.0000 14.92546055    01
SATNET-590-04542 [DTC]
1  2062U 00000A   25274.57408802 .00000000  00000-0 0 000           6
2  2062  55.0000 204.0000 0000000   0.0000 126.0000 14.92546055    08
SATNET-590-04543 [DTC]
1  2063U 00000A   25274.57408802 .00000000  00000-0 0 000           7
2  2063  55.0000 204.0000 0000000   0.0000 132.0000 14.92546055    06
SATNET-590-04544 [DTC]
1  2064U 00000A   25274.57408802 .00000000  00000-0 0 000           8
2  2064  55.0000 204.0000 0000000   0.0000 138.0000 14.92546055    03
SATNET-590-04545 [DTC]
1  2065U 00000A   25274.57408802 .00000000  00000-0 0 000           9
2  2065  55.0000 204.0000 0000000   0.0000 144.0000 14.92546055    01
SATNET-590-04546 [DTC]
1  2066U 00000A   25274.57408802 .00000000  00000-0 0 000           0
2  2066  55.0000 204.0000 0000000   0.0000 150.0000 14.92546055    09
SATNET-590-04547 [DTC]
1  2067U 00000A   25274.57408802 .00000000  00000-0 0 000           1
2  2067  55.0000 204.0000 0000000   0.0000 156.0000 14.92546055    06
SATNET-590-04548 [DTC]
1  2068U 00000A   25274.57408802 .00000000  00000-0 0 000           2
2  2068  55.0000 204.0000 0000000   0.0000 162.0000 14.92546055    04
SATNET-590-04549 [DTC]
1  2069U 00000A   25274.57408802 .00000000  00000-0 0 000           3
2  2069  55.0000 204.0000 0000000   0.0000 168.0000 14.92546055    01
SATNET-590-04550 [DTC]
1  2070U 00000A   25274.57408802 .00000000  00000-0 0 000           5
2  2070  55.0000 204.0000 0000000   0.0000 174.0000 14.92546055    00
SATNET-590-04551 [DTC]
1  2071U 00000A   25274.57408802 .00000000  00000-0 0 000           6
2  2071  55.0000 204.0000 0000000   0.0000 180.0000 14.92546055    08
SATNET-590-04552 [DTC]
1  2072U 00000A   25274.57408802 .00000000  00000-0 0 000           7
2  2072  55.0000 204.0000 0000000   0.0000 186.0000 14.92546055    05
SATNET-590-04553 [DTC]
1  2073U 00000A   25274.57408802 .00000000  00000-0 0 000           8
2  2073  55.0000 204.0000 0000000   0.0000 192.0000 14.92546055    03
SATNET-590-04554 [DTC]
1  2074U 00000A   25274.57408802 .00000000  00000-0 0 000           9
2  2074  55.0000 204.0000 0000000   0.0000 198.0000 14.92546055    00
SATNET-590-04555 [DTC]
1  2075U 00000A   25274.57408802 .00000000  00000-0 0 000           0
2  2075  55.0000 204.0000 0000000   0.0000 204.0000 14.92546055    09
SATNET-590-04556 [DTC]
1  2076U 00000A   25274.57408802 .00000000  00000-0 0 000           1
2  2076  55.0000 204.0000 0000000   0.0000 210.0000 14.92546055    07
SATNET-590-04557 [DTC]
1  2077U 00000A   25274.57408802 .00000000  00000-0 0 000           2
2  2077  55.0000 204.0000 0000000   0.0000 216.0000 14.92546055    04
SATNET-590-04558 [DTC]
1  2078U 00000A   25274.57408802 .00000000  00000-0 0 000           3
2  2078  55.0000 204.0000 0000000   0.0000 222.0000 14.92546055    02
SATNET-590-04559 [DTC]
1  2079U 00000A   25274.57408802 .00000000  00000-0 0 000           4
2  2079  55.0000 204.0000 0000000   0.0000 228.0000 14.92546055    09
SATNET-590-04560 [DTC]
1  2080U 00000A   25274.57408802 .00000000  00000-0 0 000           6
2  2080  55.0000 204.0000 0000000   0.0000 234.0000 14.92546055    08
SATNET-590-04561 [DTC]
1  2081U 00000A   25274.57408802 .00000000  00000-0 0 000           7
2  2081  55.0000 204.0000 0000000   0.0000 240.0000 14.92546055    06
SATNET-590-04562 [DTC]
1  2082U 00000A   25274.57408802 .00000000  00000-0 0 000           8
2  2082  55.0000 204.0000 0000000   0.0000 246.0000 14.92546055    03
SATNET-590-04563 [DTC]
1  2083U 00000A   25274.57408802 .00000000  00000-0 0 000           9
2  2083  55.0000 204.0000 0000000   0.0000 252.0000 14.92546055    01
SATNET-590-04564 [DTC]
1  2084U 00000A   25274.57408802 .00000000  00000-0 0 000           0
2  2084  55.0000 204.0000 0000000   0.0000 258.0000 14.92546055    08
SATNET-590-04565 [DTC]
1  2085U 00000A   25274.57408802 .00000000  00000-0 0 000           1
2  2085  55.0000 204.0000 0000000   0.0000 264.0000 14.92546055    06
SATNET-590-04566 [DTC]
1  2086U 00000A   25274.57408802 .00000000  00000-0 0 000           2
2  2086  55.0000 204.0000 0000000   0.0000 270.0000 14.92546055    04
SATNET-590-04567 [DTC]
1  2087U 00000A   25274.57408802 .00000000  00000-0 0 000           3
2  2087  55.0000 204.0000 0000000   0.0000 276.0000 14.92546055    01
SATNET-590-04568 [DTC]
1  2088U 00000A   25274.57408802 .00000000  00000-0 0 000           4
2  2088  55.0000 204.0000 0000000   0.0000 282.0000 14.92546055    09
SATNET-590-04569 [DTC]
1  2089U 00000A   25274.57408802 .00000000  00000-0 0 000           5
2  2089  55.0000 204.0000 0000000   0.0000 288.0000 14.92546055    06
SATNET-590-04570 [DTC]
1  2090U 00000A   25274.57408802 .00000000  00000-0 0 000           7
2  2090  55.0000 204.0000 0000000   0.0000 294.0000 14.92546055    05
SATNET-590-04571 [DTC]
1  2091U 00000A   25274.57408802 .00000000  00000-0 0 000           8
2  2091  55.0000 204.0000 0000000   0.0000 300.0000 14.92546055    04
SATNET-590-04572 [DTC]
1  2092U 00000A   25274.57408802 .00000000  00000-0 0 000           9
2  2092  55.0000 204.0000 0000000   0.0000 306.0000 14.92546055    01
SATNET-590-04573 [DTC]
1  2093U 00000A   25274.57408802 .00000000  00000-0 0 000           0
2  2093  55.0000 204.0000 0000000   0.0000 312.0000 14.92546055    09
SATNET-590-04574 [DTC]
1  2094U 00000A   25274.57408802 .00000000  00000-0 0 000           1
2  2094  55.0000 204.0000 0000000   0.0000 318.0000 14.92546055    06
SATNET-590-04575 [DTC]
1  2095U 00000A   25274.57408802 .00000000  00000-0 0 000           2
2  2095  55.0000 204.0000 0000000   0.0000 324.0000 14.92546055    04
SATNET-590-04576 [DTC]
1  2096U 00000A   25274.57408802 .00000000  00000-0 0 000           3
2  2096  55.0000 204.0000 0000000   0.0000 330.0000 14.92546055    02
SATNET-590-04577 [DTC]
1  2097U 00000A   25274.57408802 .00000000  00000-0 0 000           4
2  2097  55.0000 204.0000 0000000   0.0000 336.0000 14.92546055    09
SATNET-590-04578 [DTC]
1  2098U 00000A   25274.57408802 .00000000  00000-0 0 000           5
2  2098  55.0000 204.0000 0000000   0.0000 342.0000 14.92546055    07
SATNET-590-04579 [DTC]
1  2099U 00000A   25274.57408802 .00000000  00000-0 0 000           6
2  2099  55.0000 204.0000 0000000   0.0000 348.0000 14.92546055    04
SATNET-590-04580 [DTC]
1  2100U 00000A   25274.57408802 .00000000  00000-0 0 000           9
2  2100  55.0000 204.0000 0000000   0.0000 354.0000 14.92546055    04
SATNET-590-04581 [DTC]
1  2101U 00000A   25274.57408802 .00000000  00000-0 0 000           0
2  2101  55.0000 210.0000 0000000   0.0000   0.0000 14.92546055    00
SATNET-590-04582 [DTC]
1  2102U 00000A   25274.57408802 .00000000  00000-0 0 000           1
2  2102  55.0000 210.0000 0000000   0.0000   6.0000 14.92546055    07
SATNET-590-04583 [DTC]
1  2103U 00000A   25274.57408802 .00000000  00000-0 0 000           2
2  2103  55.0000 210.0000 0000000   0.0000  12.0000 14.92546055    05
SATNET-590-04584 [DTC]
1  2104U 00000A   25274.57408802 .00000000  00000-0 0 000           3
2  2104  55.0000 210.0000 0000000   0.0000  18.0000 14.92546055    02
SATNET-590-04585 [DTC]
1  2105U 00000A   25274.57408802 .00000000  00000-0 0 000           4
2  2105  55.0000 210.0000 0000000   0.0000  24.0000 14.92546055    00
SATNET-590-04586 [DTC]
1  2106U 00000A   25274.57408802 .00000000  00000-0 0 000           5
2  2106  55.0000 210.0000 0000000   0.0000  30.0000 14.92546055    08
SATNET-590-04587 [DTC]
1  2107U 00000A   25274.57408802 .00000000  00000-0 0 000           6
2  2107  55.0000 210.0000 0000000   0.0000  36.0000 14.92546055    05
SATNET-590-04588 [DTC]
1  2108U 00000A   25274.57408802 .00000000  00000-0 0 000           7
2  2108  55.0000 210.0000 0000000   0.0000  42.0000 14.92546055    03
SATNET-590-04589 [DTC]
1  2109U 00000A   25274.57408802 .00000000  00000-0 0 000           8
2  2109  55.0000 210.0000 0000000   0.0000  48.0000 14.92546055    00
SATNET-590-04590 [DTC]
1  2110U 00000A   25274.57408802 .00000000  00000-0 0 000           0
2  2110  55.0000 210.0000 0000000   0.0000  54.0000 14.92546055    09
SATNET-590-04591 [DTC]
1  2111U 00000A   25274.57408802 .00000000  00000-0 0 000           1
2  2111  55.0000 210.0000 0000000   0.0000  60.0000 14.92546055    07
SATNET-590-04592 [DTC]
1  2112U 00000A   25274.57408802 .00000000  00000-0 0 000           2
2  2112  55.0000 210.0000 0000000   0.0000  66.0000 14.92546055    04
SATNET-590-04593 [DTC]
1  2113U 00000A   25274.57408802 .00000000  00000-0 0 000           3
2  2113  55.0000 210.0000 0000000   0.0000  72.0000 14.92546055    02
SATNET-590-04594 [DTC]
1  2114U 00000A   25274.57408802 .00000000  00000-0 0 000           4
2  2114  55.0000 210.0000 0000000   0.0000  78.0000 14.92546055    09
SATNET-590-04595 [DTC]
1  2115U 00000A   25274.57408802 .00000000  00000-0 0 000           5
2  2115  55.0000 210.0000 0000000   0.0000  84.0000 14.92546055    07
SATNET-590-04596 [DTC]
1  2116U 00000A   25274.57408802 .00000000  00000-0 0 000           6
2  2116  55.0000 210.0000 0000000   0.0000  90.0000 14.92546055    05
SATNET-590-04597 [DTC]
1  2117U 00000A   25274.57408802 .00000000  00000-0 0 000           7
2  2117  55.0000 210.0000 0000000   0.0000  96.0000 14.92546055    02
SATNET-590-04598 [DTC]
1  2118U 00000A   25274.57408802 .00000000  00000-0 0 000           8
2  2118  55.0000 210.0000 0000000   0.0000 102.0000 14.92546055    01
SATNET-590-04599 [DTC]
1  2119U 00000A   25274.57408802 .00000000  00000-0 0 000           9
2  2119  55.0000 210.0000 0000000   0.0000 108.0000 14.92546055    08
SATNET-590-04600 [DTC]
1  2120U 00000A   25274.57408802 .00000000  00000-0 0 000           1
2  2120  55.0000 210.0000 0000000   0.0000 114.0000 14.92546055    07
SATNET-590-04601 [DTC]
1  2121U 00000A   25274.57408802 .00000000  00000-0 0 000           2
2  2121  55.0000 210.0000 0000000   0.0000 120.0000 14.92546055    05
SATNET-590-04602 [DTC]
1  2122U 00000A   25274.57408802 .00000000  00000-0 0 000           3
2  2122  55.0000 210.0000 0000000   0.0000 126.0000 14.92546055    02
SATNET-590-04603 [DTC]
1  2123U 00000A   25274.57408802 .00000000  00000-0 0 000           4
2  2123  55.0000 210.0000 0000000   0.0000 132.0000 14.92546055    00
SATNET-590-04604 [DTC]
1  2124U 00000A   25274.57408802 .00000000  00000-0 0 000           5
2  2124  55.0000 210.0000 0000000   0.0000 138.0000 14.92546055    07
SATNET-590-04605 [DTC]
1  2125U 00000A   25274.57408802 .00000000  00000-0 0 000           6
2  2125  55.0000 210.0000 0000000   0.0000 144.0000 14.92546055    05
SATNET-590-04606 [DTC]
1  2126U 00000A   25274.57408802 .00000000  00000-0 0 000           7
2  2126  55.0000 210.0000 0000000   0.0000 150.0000 14.92546055    03
SATNET-590-04607 [DTC]
1  2127U 00000A   25274.57408802 .00000000  00000-0 0 000           8
2  2127  55.0000 210.0000 0000000   0.0000 156.0000 14.92546055    00
SATNET-590-04608 [DTC]
1  2128U 00000A   25274.57408802 .00000000  00000-0 0 000           9
2  2128  55.0000 210.0000 0000000   0.0000 162.0000 14.92546055    08
SATNET-590-04609 [DTC]
1  2129U 00000A   25274.57408802 .00000000  00000-0 0 000           0
2  2129  55.0000 210.0000 0000000   0.0000 168.0000 14.92546055    05
SATNET-590-04610 [DTC]
1  2130U 00000A   25274.57408802 .00000000  00000-0 0 000           2
2  2130  55.0000 210.0000 0000000   0.0000 174.0000 14.92546055    04
SATNET-590-04611 [DTC]
1  2131U 00000A   25274.57408802 .00000000  00000-0 0 000           3
2  2131  55.0000 210.0000 0000000   0.0000 180.0000 14.92546055    02
SATNET-590-04612 [DTC]
1  2132U 00000A   25274.57408802 .00000000  00000-0 0 000           4
2  2132  55.0000 210.0000 0000000   0.0000 186.0000 14.92546055    09
SATNET-590-04613 [DTC]
1  2133U 00000A   25274.57408802 .00000000  00000-0 0 000           5
2  2133  55.0000 210.0000 0000000   0.0000 192.0000 14.92546055    07
SATNET-590-04614 [DTC]
1  2134U 00000A   25274.57408802 .00000000  00000-0 0 000           6
2  2134  55.0000 210.0000 0000000   0.0000 198.0000 14.92546055    04
SATNET-590-04615 [DTC]
1  2135U 00000A   25274.57408802 .00000000  00000-0 0 000           7
2  2135  55.0000 210.0000 0000000   0.0000 204.0000 14.92546055    03
SATNET-590-04616 [DTC]
1  2136U 00000A   25274.57408802 .00000000  00000-0 0 000           8
2  2136  55.0000 210.0000 0000000   0.0000 210.0000 14.92546055    01
SATNET-590-04617 [DTC]
1  2137U 00000A   25274.57408802 .00000000  00000-0 0 000           9
2  2137  55.0000 210.0000 0000000   0.0000 216.0000 14.92546055    08
SATNET-590-04618 [DTC]
1  2138U 00000A   25274.57408802 .00000000  00000-0 0 000           0
2  2138  55.0000 210.0000 0000000   0.0000 222.0000 14.92546055    06
SATNET-590-04619 [DTC]
1  2139U 00000A   25274.57408802 .00000000  00000-0 0 000           1
2  2139  55.0000 210.0000 0000000   0.0000 228.0000 14.92546055    03
SATNET-590-04620 [DTC]
1  2140U 00000A   25274.57408802 .00000000  00000-0 0 000           3
2  2140  55.0000 210.0000 0000000   0.0000 234.0000 14.92546055    02
SATNET-590-04621 [DTC]
1  2141U 00000A   25274.57408802 .00000000  00000-0 0 000           4
2  2141  55.0000 210.0000 0000000   0.0000 240.0000 14.92546055    00
SATNET-590-04622 [DTC]
1  2142U 00000A   25274.57408802 .00000000  00000-0 0 000           5
2  2142  55.0000 210.0000 0000000   0.0000 246.0000 14.92546055    07
SATNET-590-04623 [DTC]
1  2143U 00000A   25274.57408802 .00000000  00000-0 0 000           6
2  2143  55.0000 210.0000 0000000   0.0000 252.0000 14.92546055    05
SATNET-590-04624 [DTC]
1  2144U 00000A   25274.57408802 .00000000  00000-0 0 000           7
2  2144  55.0000 210.0000 0000000   0.0000 258.0000 14.92546055    02
SATNET-590-04625 [DTC]
1  2145U 00000A   25274.57408802 .00000000  00000-0 0 000           8
2  2145  55.0000 210.0000 0000000   0.0000 264.0000 14.92546055    00
SATNET-590-04626 [DTC]
1  2146U 00000A   25274.57408802 .00000000  00000-0 0 000           9
2  2146  55.0000 210.0000 0000000   0.0000 270.0000 14.92546055    08
SATNET-590-04627 [DTC]
1  2147U 00000A   25274.57408802 .00000000  00000-0 0 000           0
2  2147  55.0000 210.0000 0000000   0.0000 276.0000 14.92546055    05
SATNET-590-04628 [DTC]
1  2148U 00000A   25274.57408802 .00000000  00000-0 0 000           1
2  2148  55.0000 210.0000 0000000   0.0000 282.0000 14.92546055    03
SATNET-590-04629 [DTC]
1  2149U 00000A   25274.57408802 .00000000  00000-0 0 000           2
2  2149  55.0000 210.0000 0000000   0.0000 288.0000 14.92546055    00
SATNET-590-04630 [DTC]
1  2150U 00000A   25274.57408802 .00000000  00000-0 0 000           4
2  2150  55.0000 210.0000 0000000   0.0000 294.0000 14.92546055    09
SATNET-590-04631 [DTC]
1  2151U 00000A   25274.57408802 .00000000  00000-0 0 000           5
2  2151  55.0000 210.0000 0000000   0.0000 300.0000 14.92546055    08
SATNET-590-04632 [DTC]
1  2152U 00000A   25274.57408802 .00000000  00000-0 0 000           6
2  2152  55.0000 210.0000 0000000   0.0000 306.0000 14.92546055    05
SATNET-590-04633 [DTC]
1  2153U 00000A   25274.57408802 .00000000  00000-0 0 000           7
2  2153  55.0000 210.0000 0000000   0.0000 312.0000 14.92546055    03
SATNET-590-04634 [DTC]
1  2154U 00000A   25274.57408802 .00000000  00000-0 0 000           8
2  2154  55.0000 210.0000 0000000   0.0000 318.0000 14.92546055    00
SATNET-590-04635 [DTC]
1  2155U 00000A   25274.57408802 .00000000  00000-0 0 000           9
2  2155  55.0000 210.0000 0000000   0.0000 324.0000 14.92546055    08
SATNET-590-04636 [DTC]
1  2156U 00000A   25274.57408802 .00000000  00000-0 0 000           0
2  2156  55.0000 210.0000 0000000   0.0000 330.0000 14.92546055    06
SATNET-590-04637 [DTC]
1  2157U 00000A   25274.57408802 .00000000  00000-0 0 000           1
2  2157  55.0000 210.0000 0000000   0.0000 336.0000 14.92546055    03
SATNET-590-04638 [DTC]
1  2158U 00000A   25274.57408802 .00000000  00000-0 0 000           2
2  2158  55.0000 210.0000 0000000   0.0000 342.0000 14.92546055    01
SATNET-590-04639 [DTC]
1  2159U 00000A   25274.57408802 .00000000  00000-0 0 000           3
2  2159  55.0000 210.0000 0000000   0.0000 348.0000 14.92546055    08
SATNET-590-04640 [DTC]
1  2160U 00000A   25274.57408802 .00000000  00000-0 0 000           5
2  2160  55.0000 210.0000 0000000   0.0000 354.0000 14.92546055    07
SATNET-590-04641 [DTC]
1  2161U 00000A   25274.57408802 .00000000  00000-0 0 000           6
2  2161  55.0000 216.0000 0000000   0.0000   0.0000 14.92546055    02
SATNET-590-04642 [DTC]
1  2162U 00000A   25274.57408802 .00000000  00000-0 0 000           7
2  2162  55.0000 216.0000 0000000   0.0000   6.0000 14.92546055    09
SATNET-590-04643 [DTC]
1  2163U 00000A   25274.57408802 .00000000  00000-0 0 000           8
2  2163  55.0000 216.0000 0000000   0.0000  12.0000 14.92546055    07
SATNET-590-04644 [DTC]
1  2164U 00000A   25274.57408802 .00000000  00000-0 0 000           9
2  2164  55.0000 216.0000 0000000   0.0000  18.0000 14.92546055    04
SATNET-590-04645 [DTC]
1  2165U 00000A   25274.57408802 .00000000  00000-0 0 000           0
2  2165  55.0000 216.0000 0000000   0.0000  24.0000 14.92546055    02
SATNET-590-04646 [DTC]
1  2166U 00000A   25274.57408802 .00000000  00000-0 0 000           1
2  2166  55.0000 216.0000 0000000   0.0000  30.0000 14.92546055    00
SATNET-590-04647 [DTC]
1  2167U 00000A   25274.57408802 .00000000  00000-0 0 000           2
2  2167  55.0000 216.0000 0000000   0.0000  36.0000 14.92546055    07
SATNET-590-04648 [DTC]
1  2168U 00000A   25274.57408802 .00000000  00000-0 0 000           3
2  2168  55.0000 216.0000 0000000   0.0000  42.0000 14.92546055    05
SATNET-590-04649 [DTC]
1  2169U 00000A   25274.57408802 .00000000  00000-0 0 000           4
2  2169  55.0000 216.0000 0000000   0.0000  48.0000 14.92546055    02
SATNET-590-04650 [DTC]
1  2170U 00000A   25274.57408802 .00000000  00000-0 0 000           6
2  2170  55.0000 216.0000 0000000   0.0000  54.0000 14.92546055    01
SATNET-590-04651 [DTC]
1  2171U 00000A   25274.57408802 .00000000  00000-0 0 000           7
2  2171  55.0000 216.0000 0000000   0.0000  60.0000 14.92546055    09
SATNET-590-04652 [DTC]
1  2172U 00000A   25274.57408802 .00000000  00000-0 0 000           8
2  2172  55.0000 216.0000 0000000   0.0000  66.0000 14.92546055    06
SATNET-590-04653 [DTC]
1  2173U 00000A   25274.57408802 .00000000  00000-0 0 000           9
2  2173  55.0000 216.0000 0000000   0.0000  72.0000 14.92546055    04
SATNET-590-04654 [DTC]
1  2174U 00000A   25274.57408802 .00000000  00000-0 0 000           0
2  2174  55.0000 216.0000 0000000   0.0000  78.0000 14.92546055    01
SATNET-590-04655 [DTC]
1  2175U 00000A   25274.57408802 .00000000  00000-0 0 000           1
2  2175  55.0000 216.0000 0000000   0.0000  84.0000 14.92546055    09
SATNET-590-04656 [DTC]
1  2176U 00000A   25274.57408802 .00000000  00000-0 0 000           2
2  2176  55.0000 216.0000 0000000   0.0000  90.0000 14.92546055    07
SATNET-590-04657 [DTC]
1  2177U 00000A   25274.57408802 .00000000  00000-0 0 000           3
2  2177  55.0000 216.0000 0000000   0.0000  96.0000 14.92546055    04
SATNET-590-04658 [DTC]
1  2178U 00000A   25274.57408802 .00000000  00000-0 0 000           4
2  2178  55.0000 216.0000 0000000   0.0000 102.0000 14.92546055    03
SATNET-590-04659 [DTC]
1  2179U 00000A   25274.57408802 .00000000  00000-0 0 000           5
2  2179  55.0000 216.0000 0000000   0.0000 108.0000 14.92546055    00
SATNET-590-04660 [DTC]
1  2180U 00000A   25274.57408802 .00000000  00000-0 0 000           7
2  2180  55.0000 216.0000 0000000   0.0000 114.0000 14.92546055    09
SATNET-590-04661 [DTC]
1  2181U 00000A   25274.57408802 .00000000  00000-0 0 000           8
2  2181  55.0000 216.0000 0000000   0.0000 120.0000 14.92546055    07
SATNET-590-04662 [DTC]
1  2182U 00000A   25274.57408802 .00000000  00000-0 0 000           9
2  2182  55.0000 216.0000 0000000   0.0000 126.0000 14.92546055    04
SATNET-590-04663 [DTC]
1  2183U 00000A   25274.57408802 .00000000  00000-0 0 000           0
2  2183  55.0000 216.0000 0000000   0.0000 132.0000 14.92546055    02
SATNET-590-04664 [DTC]
1  2184U 00000A   25274.57408802 .00000000  00000-0 0 000           1
2  2184  55.0000 216.0000 0000000   0.0000 138.0000 14.92546055    09
SATNET-590-04665 [DTC]
1  2185U 00000A   25274.57408802 .00000000  00000-0 0 000           2
2  2185  55.0000 216.0000 0000000   0.0000 144.0000 14.92546055    07
SATNET-590-04666 [DTC]
1  2186U 00000A   25274.57408802 .00000000  00000-0 0 000           3
2  2186  55.0000 216.0000 0000000   0.0000 150.0000 14.92546055    05
SATNET-590-04667 [DTC]
1  2187U 00000A   25274.57408802 .00000000  00000-0 0 000           4
2  2187  55.0000 216.0000 0000000   0.0000 156.0000 14.92546055    02
SATNET-590-04668 [DTC]
1  2188U 00000A   25274.57408802 .00000000  00000-0 0 000           5
2  2188  55.0000 216.0000 0000000   0.0000 162.0000 14.92546055    00
SATNET-590-04669 [DTC]
1  2189U 00000A   25274.57408802 .00000000  00000-0 0 000           6
2  2189  55.0000 216.0000 0000000   0.0000 168.0000 14.92546055    07
SATNET-590-04670 [DTC]
1  2190U 00000A   25274.57408802 .00000000  00000-0 0 000           8
2  2190  55.0000 216.0000 0000000   0.0000 174.0000 14.92546055    06
SATNET-590-04671 [DTC]
1  2191U 00000A   25274.57408802 .00000000  00000-0 0 000           9
2  2191  55.0000 216.0000 0000000   0.0000 180.0000 14.92546055    04
SATNET-590-04672 [DTC]
1  2192U 00000A   25274.57408802 .00000000  00000-0 0 000           0
2  2192  55.0000 216.0000 0000000   0.0000 186.0000 14.92546055    01
SATNET-590-04673 [DTC]
1  2193U 00000A   25274.57408802 .00000000  00000-0 0 000           1
2  2193  55.0000 216.0000 0000000   0.0000 192.0000 14.92546055    09
SATNET-590-04674 [DTC]
1  2194U 00000A   25274.57408802 .00000000  00000-0 0 000           2
2  2194  55.0000 216.0000 0000000   0.0000 198.0000 14.92546055    06
SATNET-590-04675 [DTC]
1  2195U 00000A   25274.57408802 .00000000  00000-0 0 000           3
2  2195  55.0000 216.0000 0000000   0.0000 204.0000 14.92546055    05
SATNET-590-04676 [DTC]
1  2196U 00000A   25274.57408802 .00000000  00000-0 0 000           4
2  2196  55.0000 216.0000 0000000   0.0000 210.0000 14.92546055    03
SATNET-590-04677 [DTC]
1  2197U 00000A   25274.57408802 .00000000  00000-0 0 000           5
2  2197  55.0000 216.0000 0000000   0.0000 216.0000 14.92546055    00
SATNET-590-04678 [DTC]
1  2198U 00000A   25274.57408802 .00000000  00000-0 0 000           6
2  2198  55.0000 216.0000 0000000   0.0000 222.0000 14.92546055    08
SATNET-590-04679 [DTC]
1  2199U 00000A   25274.57408802 .00000000  00000-0 0 000           7
2  2199  55.0000 216.0000 0000000   0.0000 228.0000 14.92546055    05
SATNET-590-04680 [DTC]
1  2200U 00000A   25274.57408802 .00000000  00000-0 0 000           0
2  2200  55.0000 216.0000 0000000   0.0000 234.0000 14.92546055    05
SATNET-590-04681 [DTC]
1  2201U 00000A   25274.57408802 .00000000  00000-0 0 000           1
2  2201  55.0000 216.0000 0000000   0.0000 240.0000 14.92546055    03
SATNET-590-04682 [DTC]
1  2202U 00000A   25274.57408802 .00000000  00000-0 0 000           2
2  2202  55.0000 216.0000 0000000   0.0000 246.0000 14.92546055    00
SATNET-590-04683 [DTC]
1  2203U 00000A   25274.57408802 .00000000  00000-0 0 000           3
2  2203  55.0000 216.0000 0000000   0.0000 252.0000 14.92546055    08
SATNET-590-04684 [DTC]
1  2204U 00000A   25274.57408802 .00000000  00000-0 0 000           4
2  2204  55.0000 216.0000 0000000   0.0000 258.0000 14.92546055    05
SATNET-590-04685 [DTC]
1  2205U 00000A   25274.57408802 .00000000  00000-0 0 000           5
2  2205  55.0000 216.0000 0000000   0.0000 264.0000 14.92546055    03
SATNET-590-04686 [DTC]
1  2206U 00000A   25274.57408802 .00000000  00000-0 0 000           6
2  2206  55.0000 216.0000 0000000   0.0000 270.0000 14.92546055    01
SATNET-590-04687 [DTC]
1  2207U 00000A   25274.57408802 .00000000  00000-0 0 000           7
2  2207  55.0000 216.0000 0000000   0.0000 276.0000 14.92546055    08
SATNET-590-04688 [DTC]
1  2208U 00000A   25274.57408802 .00000000  00000-0 0 000           8
2  2208  55.0000 216.0000 0000000   0.0000 282.0000 14.92546055    06
SATNET-590-04689 [DTC]
1  2209U 00000A   25274.57408802 .00000000  00000-0 0 000           9
2  2209  55.0000 216.0000 0000000   0.0000 288.0000 14.92546055    03
SATNET-590-04690 [DTC]
1  2210U 00000A   25274.57408802 .00000000  00000-0 0 000           1
2  2210  55.0000 216.0000 0000000   0.0000 294.0000 14.92546055    02
SATNET-590-04691 [DTC]
1  2211U 00000A   25274.57408802 .00000000  00000-0 0 000           2
2  2211  55.0000 216.0000 0000000   0.0000 300.0000 14.92546055    01
SATNET-590-04692 [DTC]
1  2212U 00000A   25274.57408802 .00000000  00000-0 0 000           3
2  2212  55.0000 216.0000 0000000   0.0000 306.0000 14.92546055    08
SATNET-590-04693 [DTC]
1  2213U 00000A   25274.57408802 .00000000  00000-0 0 000           4
2  2213  55.0000 216.0000 0000000   0.0000 312.0000 14.92546055    06
SATNET-590-04694 [DTC]
1  2214U 00000A   25274.57408802 .00000000  00000-0 0 000           5
2  2214  55.0000 216.0000 0000000   0.0000 318.0000 14.92546055    03
SATNET-590-04695 [DTC]
1  2215U 00000A   25274.57408802 .00000000  00000-0 0 000           6
2  2215  55.0000 216.0000 0000000   0.0000 324.0000 14.92546055    01
SATNET-590-04696 [DTC]
1  2216U 00000A   25274.57408802 .00000000  00000-0 0 000           7
2  2216  55.0000 216.0000 0000000   0.0000 330.0000 14.92546055    09
SATNET-590-04697 [DTC]
1  2217U 00000A   25274.57408802 .00000000  00000-0 0 000           8
2  2217  55.0000 216.0000 0000000   0.0000 336.0000 14.92546055    06
SATNET-590-04698 [DTC]
1  2218U 00000A   25274.57408802 .00000000  00000-0 0 000           9
2  2218  55.0000 216.0000 0000000   0.0000 342.0000 14.92546055    04
SATNET-590-04699 [DTC]
1  2219U 00000A   25274.57408802 .00000000  00000-0 0 000           0
2  2219  55.0000 216.0000 0000000   0.0000 348.0000 14.92546055    01
SATNET-590-04700 [DTC]
1  2220U 00000A   25274.57408802 .00000000  00000-0 0 000           2
2  2220  55.0000 216.0000 0000000   0.0000 354.0000 14.92546055    00
SATNET-590-04701 [DTC]
1  2221U 00000A   25274.57408802 .00000000  00000-0 0 000           3
2  2221  55.0000 222.0000 0000000   0.0000   0.0000 14.92546055    06
SATNET-590-04702 [DTC]
1  2222U 00000A   25274.57408802 .00000000  00000-0 0 000           4
2  2222  55.0000 222.0000 0000000   0.0000   6.0000 14.92546055    03
SATNET-590-04703 [DTC]
1  2223U 00000A   25274.57408802 .00000000  00000-0 0 000           5
2  2223  55.0000 222.0000 0000000   0.0000  12.0000 14.92546055    01
SATNET-590-04704 [DTC]
1  2224U 00000A   25274.57408802 .00000000  00000-0 0 000           6
2  2224  55.0000 222.0000 0000000   0.0000  18.0000 14.92546055    08
SATNET-590-04705 [DTC]
1  2225U 00000A   25274.57408802 .00000000  00000-0 0 000           7
2  2225  55.0000 222.0000 0000000   0.0000  24.0000 14.92546055    06
SATNET-590-04706 [DTC]
1  2226U 00000A   25274.57408802 .00000000  00000-0 0 000           8
2  2226  55.0000 222.0000 0000000   0.0000  30.0000 14.92546055    04
SATNET-590-04707 [DTC]
1  2227U 00000A   25274.57408802 .00000000  00000-0 0 000           9
2  2227  55.0000 222.0000 0000000   0.0000  36.0000 14.92546055    01
SATNET-590-04708 [DTC]
1  2228U 00000A   25274.57408802 .00000000  00000-0 0 000           0
2  2228  55.0000 222.0000 0000000   0.0000  42.0000 14.92546055    09
SATNET-590-04709 [DTC]
1  2229U 00000A   25274.57408802 .00000000  00000-0 0 000           1
2  2229  55.0000 222.0000 0000000   0.0000  48.0000 14.92546055    06
SATNET-590-04710 [DTC]
1  2230U 00000A   25274.57408802 .00000000  00000-0 0 000           3
2  2230  55.0000 222.0000 0000000   0.0000  54.0000 14.92546055    05
SATNET-590-04711 [DTC]
1  2231U 00000A   25274.57408802 .00000000  00000-0 0 000           4
2  2231  55.0000 222.0000 0000000   0.0000  60.0000 14.92546055    03
SATNET-590-04712 [DTC]
1  2232U 00000A   25274.57408802 .00000000  00000-0 0 000           5
2  2232  55.0000 222.0000 0000000   0.0000  66.0000 14.92546055    00
SATNET-590-04713 [DTC]
1  2233U 00000A   25274.57408802 .00000000  00000-0 0 000           6
2  2233  55.0000 222.0000 0000000   0.0000  72.0000 14.92546055    08
SATNET-590-04714 [DTC]
1  2234U 00000A   25274.57408802 .00000000  00000-0 0 000           7
2  2234  55.0000 222.0000 0000000   0.0000  78.0000 14.92546055    05
SATNET-590-04715 [DTC]
1  2235U 00000A   25274.57408802 .00000000  00000-0 0 000           8
2  2235  55.0000 222.0000 0000000   0.0000  84.0000 14.92546055    03
SATNET-590-04716 [DTC]
1  2236U 00000A   25274.57408802 .00000000  00000-0 0 000           9
2  2236  55.0000 222.0000 0000000   0.0000  90.0000 14.92546055    01
SATNET-590-04717 [DTC]
1  2237U 00000A   25274.57408802 .00000000  00000-0 0 000           0
2  2237  55.0000 222.0000 0000000   0.0000  96.0000 14.92546055    08
SATNET-590-04718 [DTC]
1  2238U 00000A   25274.57408802 .00000000  00000-0 0 000           1
2  2238  55.0000 222.0000 0000000   0.0000 102.0000 14.92546055    07
SATNET-590-04719 [DTC]
1  2239U 00000A   25274.57408802 .00000000  00000-0 0 000           2
2  2239  55.0000 222.0000 0000000   0.0000 108.0000 14.92546055    04
SATNET-590-04720 [DTC]
1  2240U 00000A   25274.57408802 .00000000  00000-0 0 000           4
2  2240  55.0000 222.0000 0000000   0.0000 114.0000 14.92546055    03
SATNET-590-04721 [DTC]
1  2241U 00000A   25274.57408802 .00000000  00000-0 0 000           5
2  2241  55.0000 222.0000 0000000   0.0000 120.0000 14.92546055    01
SATNET-590-04722 [DTC]
1  2242U 00000A   25274.57408802 .00000000  00000-0 0 000           6
2  2242  55.0000 222.0000 0000000   0.0000 126.0000 14.92546055    08
SATNET-590-04723 [DTC]
1  2243U 00000A   25274.57408802 .00000000  00000-0 0 000           7
2  2243  55.0000 222.0000 0000000   0.0000 132.0000 14.92546055    06
SATNET-590-04724 [DTC]
1  2244U 00000A   25274.57408802 .00000000  00000-0 0 000           8
2  2244  55.0000 222.0000 0000000   0.0000 138.0000 14.92546055    03
SATNET-590-04725 [DTC]
1  2245U 00000A   25274.57408802 .00000000  00000-0 0 000           9
2  2245  55.0000 222.0000 0000000   0.0000 144.0000 14.92546055    01
SATNET-590-04726 [DTC]
1  2246U 00000A   25274.57408802 .00000000  00000-0 0 000           0
2  2246  55.0000 222.0000 0000000   0.0000 150.0000 14.92546055    09
SATNET-590-04727 [DTC]
1  2247U 00000A   25274.57408802 .00000000  00000-0 0 000           1
2  2247  55.0000 222.0000 0000000   0.0000 156.0000 14.92546055    06
SATNET-590-04728 [DTC]
1  2248U 00000A   25274.57408802 .00000000  00000-0 0 000           2
2  2248  55.0000 222.0000 0000000   0.0000 162.0000 14.92546055    04
SATNET-590-04729 [DTC]
1  2249U 00000A   25274.57408802 .00000000  00000-0 0 000           3
2  2249  55.0000 222.0000 0000000   0.0000 168.0000 14.92546055    01
SATNET-590-04730 [DTC]
1  2250U 00000A   25274.57408802 .00000000  00000-0 0 000           5
2  2250  55.0000 222.0000 0000000   0.0000 174.0000 14.92546055    00
SATNET-590-04731 [DTC]
1  2251U 00000A   25274.57408802 .00000000  00000-0 0 000           6
2  2251  55.0000 222.0000 0000000   0.0000 180.0000 14.92546055    08
SATNET-590-04732 [DTC]
1  2252U 00000A   25274.57408802 .00000000  00000-0 0 000           7
2  2252  55.0000 222.0000 0000000   0.0000 186.0000 14.92546055    05
SATNET-590-04733 [DTC]
1  2253U 00000A   25274.57408802 .00000000  00000-0 0 000           8
2  2253  55.0000 222.0000 0000000   0.0000 192.0000 14.92546055    03
SATNET-590-04734 [DTC]
1  2254U 00000A   25274.57408802 .00000000  00000-0 0 000           9
2  2254  55.0000 222.0000 0000000   0.0000 198.0000 14.92546055    00
SATNET-590-04735 [DTC]
1  2255U 00000A   25274.57408802 .00000000  00000-0 0 000           0
2  2255  55.0000 222.0000 0000000   0.0000 204.0000 14.92546055    09
SATNET-590-04736 [DTC]
1  2256U 00000A   25274.57408802 .00000000  00000-0 0 000           1
2  2256  55.0000 222.0000 0000000   0.0000 210.0000 14.92546055    07
SATNET-590-04737 [DTC]
1  2257U 00000A   25274.57408802 .00000000  00000-0 0 000           2
2  2257  55.0000 222.0000 0000000   0.0000 216.0000 14.92546055    04
SATNET-590-04738 [DTC]
1  2258U 00000A   25274.57408802 .00000000  00000-0 0 000           3
2  2258  55.0000 222.0000 0000000   0.0000 222.0000 14.92546055    02
SATNET-590-04739 [DTC]
1  2259U 00000A   25274.57408802 .00000000  00000-0 0 000           4
2  2259  55.0000 222.0000 0000000   0.0000 228.0000 14.92546055    09
SATNET-590-04740 [DTC]
1  2260U 00000A   25274.57408802 .00000000  00000-0 0 000           6
2  2260  55.0000 222.0000 0000000   0.0000 234.0000 14.92546055    08
SATNET-590-04741 [DTC]
1  2261U 00000A   25274.57408802 .00000000  00000-0 0 000           7
2  2261  55.0000 222.0000 0000000   0.0000 240.0000 14.92546055    06
SATNET-590-04742 [DTC]
1  2262U 00000A   25274.57408802 .00000000  00000-0 0 000           8
2  2262  55.0000 222.0000 0000000   0.0000 246.0000 14.92546055    03
SATNET-590-04743 [DTC]
1  2263U 00000A   25274.57408802 .00000000  00000-0 0 000           9
2  2263  55.0000 222.0000 0000000   0.0000 252.0000 14.92546055    01
SATNET-590-04744 [DTC]
1  2264U 00000A   25274.57408802 .00000000  00000-0 0 000           0
2  2264  55.0000 222.0000 0000000   0.0000 258.0000 14.92546055    08
SATNET-590-04745 [DTC]
1  2265U 00000A   25274.57408802 .00000000  00000-0 0 000           1
2  2265  55.0000 222.0000 0000000   0.0000 264.0000 14.92546055    06
SATNET-590-04746 [DTC]
1  2266U 00000A   25274.57408802 .00000000  00000-0 0 000           2
2  2266  55.0000 222.0000 0000000   0.0000 270.0000 14.92546055    04
SATNET-590-04747 [DTC]
1  2267U 00000A   25274.57408802 .00000000  00000-0 0 000           3
2  2267  55.0000 222.0000 0000000   0.0000 276.0000 14.92546055    01
SATNET-590-04748 [DTC]
1  2268U 00000A   25274.57408802 .00000000  00000-0 0 000           4
2  2268  55.0000 222.0000 0000000   0.0000 282.0000 14.92546055    09
SATNET-590-04749 [DTC]
1  2269U 00000A   25274.57408802 .00000000  00000-0 0 000           5
2  2269  55.0000 222.0000 0000000   0.0000 288.0000 14.92546055    06
SATNET-590-04750 [DTC]
1  2270U 00000A   25274.57408802 .00000000  00000-0 0 000           7
2  2270  55.0000 222.0000 0000000   0.0000 294.0000 14.92546055    05
SATNET-590-04751 [DTC]
1  2271U 00000A   25274.57408802 .00000000  00000-0 0 000           8
2  2271  55.0000 222.0000 0000000   0.0000 300.0000 14.92546055    04
SATNET-590-04752 [DTC]
1  2272U 00000A   25274.57408802 .00000000  00000-0 0 000           9
2  2272  55.0000 222.0000 0000000   0.0000 306.0000 14.92546055    01
SATNET-590-04753 [DTC]
1  2273U 00000A   25274.57408802 .00000000  00000-0 0 000           0
2  2273  55.0000 222.0000 0000000   0.0000 312.0000 14.92546055    09
SATNET-590-04754 [DTC]
1  2274U 00000A   25274.57408802 .00000000  00000-0 0 000           1
2  2274  55.0000 222.0000 0000000   0.0000 318.0000 14.92546055    06
SATNET-590-04755 [DTC]
1  2275U 00000A   25274.57408802 .00000000  00000-0 0 000           2
2  2275  55.0000 222.0000 0000000   0.0000 324.0000 14.92546055    04
SATNET-590-04756 [DTC]
1  2276U 00000A   25274.57408802 .00000000  00000-0 0 000           3
2  2276  55.0000 222.0000 0000000   0.0000 330.0000 14.92546055    02
SATNET-590-04757 [DTC]
1  2277U 00000A   25274.57408802 .00000000  00000-0 0 000           4
2  2277  55.0000 222.0000 0000000   0.0000 336.0000 14.92546055    09
SATNET-590-04758 [DTC]
1  2278U 00000A   25274.57408802 .00000000  00000-0 0 000           5
2  2278  55.0000 222.0000 0000000   0.0000 342.0000 14.92546055    07
SATNET-590-04759 [DTC]
1  2279U 00000A   25274.57408802 .00000000  00000-0 0 000           6
2  2279  55.0000 222.0000 0000000   0.0000 348.0000 14.92546055    04
SATNET-590-04760 [DTC]
1  2280U 00000A   25274.57408802 .00000000  00000-0 0 000           8
2  2280  55.0000 222.0000 0000000   0.0000 354.0000 14.92546055    03
SATNET-590-04761 [DTC]
1  2281U 00000A   25274.57408802 .00000000  00000-0 0 000           9
2  2281  55.0000 228.0000 0000000   0.0000   0.0000 14.92546055    08
SATNET-590-04762 [DTC]
1  2282U 00000A   25274.57408802 .00000000  00000-0 0 000           0
2  2282  55.0000 228.0000 0000000   0.0000   6.0000 14.92546055    05
SATNET-590-04763 [DTC]
1  2283U 00000A   25274.57408802 .00000000  00000-0 0 000           1
2  2283  55.0000 228.0000 0000000   0.0000  12.0000 14.92546055    03
SATNET-590-04764 [DTC]
1  2284U 00000A   25274.57408802 .00000000  00000-0 0 000           2
2  2284  55.0000 228.0000 0000000   0.0000  18.0000 14.92546055    00
SATNET-590-04765 [DTC]
1  2285U 00000A   25274.57408802 .00000000  00000-0 0 000           3
2  2285  55.0000 228.0000 0000000   0.0000  24.0000 14.92546055    08
SATNET-590-04766 [DTC]
1  2286U 00000A   25274.57408802 .00000000  00000-0 0 000           4
2  2286  55.0000 228.0000 0000000   0.0000  30.0000 14.92546055    06
SATNET-590-04767 [DTC]
1  2287U 00000A   25274.57408802 .00000000  00000-0 0 000           5
2  2287  55.0000 228.0000 0000000   0.0000  36.0000 14.92546055    03
SATNET-590-04768 [DTC]
1  2288U 00000A   25274.57408802 .00000000  00000-0 0 000           6
2  2288  55.0000 228.0000 0000000   0.0000  42.0000 14.92546055    01
SATNET-590-04769 [DTC]
1  2289U 00000A   25274.57408802 .00000000  00000-0 0 000           7
2  2289  55.0000 228.0000 0000000   0.0000  48.0000 14.92546055    08
SATNET-590-04770 [DTC]
1  2290U 00000A   25274.57408802 .00000000  00000-0 0 000           9
2  2290  55.0000 228.0000 0000000   0.0000  54.0000 14.92546055    07
SATNET-590-04771 [DTC]
1  2291U 00000A   25274.57408802 .00000000  00000-0 0 000           0
2  2291  55.0000 228.0000 0000000   0.0000  60.0000 14.92546055    05
SATNET-590-04772 [DTC]
1  2292U 00000A   25274.57408802 .00000000  00000-0 0 000           1
2  2292  55.0000 228.0000 0000000   0.0000  66.0000 14.92546055    02
SATNET-590-04773 [DTC]
1  2293U 00000A   25274.57408802 .00000000  00000-0 0 000           2
2  2293  55.0000 228.0000 0000000   0.0000  72.0000 14.92546055    00
SATNET-590-04774 [DTC]
1  2294U 00000A   25274.57408802 .00000000  00000-0 0 000           3
2  2294  55.0000 228.0000 0000000   0.0000  78.0000 14.92546055    07
SATNET-590-04775 [DTC]
1  2295U 00000A   25274.57408802 .00000000  00000-0 0 000           4
2  2295  55.0000 228.0000 0000000   0.0000  84.0000 14.92546055    05
SATNET-590-04776 [DTC]
1  2296U 00000A   25274.57408802 .00000000  00000-0 0 000           5
2  2296  55.0000 228.0000 0000000   0.0000  90.0000 14.92546055    03
SATNET-590-04777 [DTC]
1  2297U 00000A   25274.57408802 .00000000  00000-0 0 000           6
2  2297  55.0000 228.0000 0000000   0.0000  96.0000 14.92546055    00
SATNET-590-04778 [DTC]
1  2298U 00000A   25274.57408802 .00000000  00000-0 0 000           7
2  2298  55.0000 228.0000 0000000   0.0000 102.0000 14.92546055    09
SATNET-590-04779 [DTC]
1  2299U 00000A   25274.57408802 .00000000  00000-0 0 000           8
2  2299  55.0000 228.0000 0000000   0.0000 108.0000 14.92546055    06
SATNET-590-04780 [DTC]
1  2300U 00000A   25274.57408802 .00000000  00000-0 0 000           1
2  2300  55.0000 228.0000 0000000   0.0000 114.0000 14.92546055    06
SATNET-590-04781 [DTC]
1  2301U 00000A   25274.57408802 .00000000  00000-0 0 000           2
2  2301  55.0000 228.0000 0000000   0.0000 120.0000 14.92546055    04
SATNET-590-04782 [DTC]
1  2302U 00000A   25274.57408802 .00000000  00000-0 0 000           3
2  2302  55.0000 228.0000 0000000   0.0000 126.0000 14.92546055    01
SATNET-590-04783 [DTC]
1  2303U 00000A   25274.57408802 .00000000  00000-0 0 000           4
2  2303  55.0000 228.0000 0000000   0.0000 132.0000 14.92546055    09
SATNET-590-04784 [DTC]
1  2304U 00000A   25274.57408802 .00000000  00000-0 0 000           5
2  2304  55.0000 228.0000 0000000   0.0000 138.0000 14.92546055    06
SATNET-590-04785 [DTC]
1  2305U 00000A   25274.57408802 .00000000  00000-0 0 000           6
2  2305  55.0000 228.0000 0000000   0.0000 144.0000 14.92546055    04
SATNET-590-04786 [DTC]
1  2306U 00000A   25274.57408802 .00000000  00000-0 0 000           7
2  2306  55.0000 228.0000 0000000   0.0000 150.0000 14.92546055    02
SATNET-590-04787 [DTC]
1  2307U 00000A   25274.57408802 .00000000  00000-0 0 000           8
2  2307  55.0000 228.0000 0000000   0.0000 156.0000 14.92546055    09
SATNET-590-04788 [DTC]
1  2308U 00000A   25274.57408802 .00000000  00000-0 0 000           9
2  2308  55.0000 228.0000 0000000   0.0000 162.0000 14.92546055    07
SATNET-590-04789 [DTC]
1  2309U 00000A   25274.57408802 .00000000  00000-0 0 000           0
2  2309  55.0000 228.0000 0000000   0.0000 168.0000 14.92546055    04
SATNET-590-04790 [DTC]
1  2310U 00000A   25274.57408802 .00000000  00000-0 0 000           2
2  2310  55.0000 228.0000 0000000   0.0000 174.0000 14.92546055    03
SATNET-590-04791 [DTC]
1  2311U 00000A   25274.57408802 .00000000  00000-0 0 000           3
2  2311  55.0000 228.0000 0000000   0.0000 180.0000 14.92546055    01
SATNET-590-04792 [DTC]
1  2312U 00000A   25274.57408802 .00000000  00000-0 0 000           4
2  2312  55.0000 228.0000 0000000   0.0000 186.0000 14.92546055    08
SATNET-590-04793 [DTC]
1  2313U 00000A   25274.57408802 .00000000  00000-0 0 000           5
2  2313  55.0000 228.0000 0000000   0.0000 192.0000 14.92546055    06
SATNET-590-04794 [DTC]
1  2314U 00000A   25274.57408802 .00000000  00000-0 0 000           6
2  2314  55.0000 228.0000 0000000   0.0000 198.0000 14.92546055    03
SATNET-590-04795 [DTC]
1  2315U 00000A   25274.57408802 .00000000  00000-0 0 000           7
2  2315  55.0000 228.0000 0000000   0.0000 204.0000 14.92546055    02
SATNET-590-04796 [DTC]
1  2316U 00000A   25274.57408802 .00000000  00000-0 0 000           8
2  2316  55.0000 228.0000 0000000   0.0000 210.0000 14.92546055    00
SATNET-590-04797 [DTC]
1  2317U 00000A   25274.57408802 .00000000  00000-0 0 000           9
2  2317  55.0000 228.0000 0000000   0.0000 216.0000 14.92546055    07
SATNET-590-04798 [DTC]
1  2318U 00000A   25274.57408802 .00000000  00000-0 0 000           0
2  2318  55.0000 228.0000 0000000   0.0000 222.0000 14.92546055    05
SATNET-590-04799 [DTC]
1  2319U 00000A   25274.57408802 .00000000  00000-0 0 000           1
2  2319  55.0000 228.0000 0000000   0.0000 228.0000 14.92546055    02
SATNET-590-04800 [DTC]
1  2320U 00000A   25274.57408802 .00000000  00000-0 0 000           3
2  2320  55.0000 228.0000 0000000   0.0000 234.0000 14.92546055    01
SATNET-590-04801 [DTC]
1  2321U 00000A   25274.57408802 .00000000  00000-0 0 000           4
2  2321  55.0000 228.0000 0000000   0.0000 240.0000 14.92546055    09
SATNET-590-04802 [DTC]
1  2322U 00000A   25274.57408802 .00000000  00000-0 0 000           5
2  2322  55.0000 228.0000 0000000   0.0000 246.0000 14.92546055    06
SATNET-590-04803 [DTC]
1  2323U 00000A   25274.57408802 .00000000  00000-0 0 000           6
2  2323  55.0000 228.0000 0000000   0.0000 252.0000 14.92546055    04
SATNET-590-04804 [DTC]
1  2324U 00000A   25274.57408802 .00000000  00000-0 0 000           7
2  2324  55.0000 228.0000 0000000   0.0000 258.0000 14.92546055    01
SATNET-590-04805 [DTC]
1  2325U 00000A   25274.57408802 .00000000  00000-0 0 000           8
2  2325  55.0000 228.0000 0000000   0.0000 264.0000 14.92546055    09
SATNET-590-04806 [DTC]
1  2326U 00000A   25274.57408802 .00000000  00000-0 0 000           9
2  2326  55.0000 228.0000 0000000   0.0000 270.0000 14.92546055    07
SATNET-590-04807 [DTC]
1  2327U 00000A   25274.57408802 .00000000  00000-0 0 000           0
2  2327  55.0000 228.0000 0000000   0.0000 276.0000 14.92546055    04
SATNET-590-04808 [DTC]
1  2328U 00000A   25274.57408802 .00000000  00000-0 0 000           1
2  2328  55.0000 228.0000 0000000   0.0000 282.0000 14.92546055    02
SATNET-590-04809 [DTC]
1  2329U 00000A   25274.57408802 .00000000  00000-0 0 000           2
2  2329  55.0000 228.0000 0000000   0.0000 288.0000 14.92546055    09
SATNET-590-04810 [DTC]
1  2330U 00000A   25274.57408802 .00000000  00000-0 0 000           4
2  2330  55.0000 228.0000 0000000   0.0000 294.0000 14.92546055    08
SATNET-590-04811 [DTC]
1  2331U 00000A   25274.57408802 .00000000  00000-0 0 000           5
2  2331  55.0000 228.0000 0000000   0.0000 300.0000 14.92546055    07
SATNET-590-04812 [DTC]
1  2332U 00000A   25274.57408802 .00000000  00000-0 0 000           6
2  2332  55.0000 228.0000 0000000   0.0000 306.0000 14.92546055    04
SATNET-590-04813 [DTC]
1  2333U 00000A   25274.57408802 .00000000  00000-0 0 000           7
2  2333  55.0000 228.0000 0000000   0.0000 312.0000 14.92546055    02
SATNET-590-04814 [DTC]
1  2334U 00000A   25274.57408802 .00000000  00000-0 0 000           8
2  2334  55.0000 228.0000 0000000   0.0000 318.0000 14.92546055    09
SATNET-590-04815 [DTC]
1  2335U 00000A   25274.57408802 .00000000  00000-0 0 000           9
2  2335  55.0000 228.0000 0000000   0.0000 324.0000 14.92546055    07
SATNET-590-04816 [DTC]
1  2336U 00000A   25274.57408802 .00000000  00000-0 0 000           0
2  2336  55.0000 228.0000 0000000   0.0000 330.0000 14.92546055    05
SATNET-590-04817 [DTC]
1  2337U 00000A   25274.57408802 .00000000  00000-0 0 000           1
2  2337  55.0000 228.0000 0000000   0.0000 336.0000 14.92546055    02
SATNET-590-04818 [DTC]
1  2338U 00000A   25274.57408802 .00000000  00000-0 0 000           2
2  2338  55.0000 228.0000 0000000   0.0000 342.0000 14.92546055    00
SATNET-590-04819 [DTC]
1  2339U 00000A   25274.57408802 .00000000  00000-0 0 000           3
2  2339  55.0000 228.0000 0000000   0.0000 348.0000 14.92546055    07
SATNET-590-04820 [DTC]
1  2340U 00000A   25274.57408802 .00000000  00000-0 0 000           5
2  2340  55.0000 228.0000 0000000   0.0000 354.0000 14.92546055    06
SATNET-590-04821 [DTC]
1  2341U 00000A   25274.57408802 .00000000  00000-0 0 000           6
2  2341  55.0000 234.0000 0000000   0.0000   0.0000 14.92546055    02
SATNET-590-04822 [DTC]
1  2342U 00000A   25274.57408802 .00000000  00000-0 0 000           7
2  2342  55.0000 234.0000 0000000   0.0000   6.0000 14.92546055    09
SATNET-590-04823 [DTC]
1  2343U 00000A   25274.57408802 .00000000  00000-0 0 000           8
2  2343  55.0000 234.0000 0000000   0.0000  12.0000 14.92546055    07
SATNET-590-04824 [DTC]
1  2344U 00000A   25274.57408802 .00000000  00000-0 0 000           9
2  2344  55.0000 234.0000 0000000   0.0000  18.0000 14.92546055    04
SATNET-590-04825 [DTC]
1  2345U 00000A   25274.57408802 .00000000  00000-0 0 000           0
2  2345  55.0000 234.0000 0000000   0.0000  24.0000 14.92546055    02
SATNET-590-04826 [DTC]
1  2346U 00000A   25274.57408802 .00000000  00000-0 0 000           1
2  2346  55.0000 234.0000 0000000   0.0000  30.0000 14.92546055    00
SATNET-590-04827 [DTC]
1  2347U 00000A   25274.57408802 .00000000  00000-0 0 000           2
2  2347  55.0000 234.0000 0000000   0.0000  36.0000 14.92546055    07
SATNET-590-04828 [DTC]
1  2348U 00000A   25274.57408802 .00000000  00000-0 0 000           3
2  2348  55.0000 234.0000 0000000   0.0000  42.0000 14.92546055    05
SATNET-590-04829 [DTC]
1  2349U 00000A   25274.57408802 .00000000  00000-0 0 000           4
2  2349  55.0000 234.0000 0000000   0.0000  48.0000 14.92546055    02
SATNET-590-04830 [DTC]
1  2350U 00000A   25274.57408802 .00000000  00000-0 0 000           6
2  2350  55.0000 234.0000 0000000   0.0000  54.0000 14.92546055    01
SATNET-590-04831 [DTC]
1  2351U 00000A   25274.57408802 .00000000  00000-0 0 000           7
2  2351  55.0000 234.0000 0000000   0.0000  60.0000 14.92546055    09
SATNET-590-04832 [DTC]
1  2352U 00000A   25274.57408802 .00000000  00000-0 0 000           8
2  2352  55.0000 234.0000 0000000   0.0000  66.0000 14.92546055    06
SATNET-590-04833 [DTC]
1  2353U 00000A   25274.57408802 .00000000  00000-0 0 000           9
2  2353  55.0000 234.0000 0000000   0.0000  72.0000 14.92546055    04
SATNET-590-04834 [DTC]
1  2354U 00000A   25274.57408802 .00000000  00000-0 0 000           0
2  2354  55.0000 234.0000 0000000   0.0000  78.0000 14.92546055    01
SATNET-590-04835 [DTC]
1  2355U 00000A   25274.57408802 .00000000  00000-0 0 000           1
2  2355  55.0000 234.0000 0000000   0.0000  84.0000 14.92546055    09
SATNET-590-04836 [DTC]
1  2356U 00000A   25274.57408802 .00000000  00000-0 0 000           2
2  2356  55.0000 234.0000 0000000   0.0000  90.0000 14.92546055    07
SATNET-590-04837 [DTC]
1  2357U 00000A   25274.57408802 .00000000  00000-0 0 000           3
2  2357  55.0000 234.0000 0000000   0.0000  96.0000 14.92546055    04
SATNET-590-04838 [DTC]
1  2358U 00000A   25274.57408802 .00000000  00000-0 0 000           4
2  2358  55.0000 234.0000 0000000   0.0000 102.0000 14.92546055    03
SATNET-590-04839 [DTC]
1  2359U 00000A   25274.57408802 .00000000  00000-0 0 000           5
2  2359  55.0000 234.0000 0000000   0.0000 108.0000 14.92546055    00
SATNET-590-04840 [DTC]
1  2360U 00000A   25274.57408802 .00000000  00000-0 0 000           7
2  2360  55.0000 234.0000 0000000   0.0000 114.0000 14.92546055    09
SATNET-590-04841 [DTC]
1  2361U 00000A   25274.57408802 .00000000  00000-0 0 000           8
2  2361  55.0000 234.0000 0000000   0.0000 120.0000 14.92546055    07
SATNET-590-04842 [DTC]
1  2362U 00000A   25274.57408802 .00000000  00000-0 0 000           9
2  2362  55.0000 234.0000 0000000   0.0000 126.0000 14.92546055    04
SATNET-590-04843 [DTC]
1  2363U 00000A   25274.57408802 .00000000  00000-0 0 000           0
2  2363  55.0000 234.0000 0000000   0.0000 132.0000 14.92546055    02
SATNET-590-04844 [DTC]
1  2364U 00000A   25274.57408802 .00000000  00000-0 0 000           1
2  2364  55.0000 234.0000 0000000   0.0000 138.0000 14.92546055    09
SATNET-590-04845 [DTC]
1  2365U 00000A   25274.57408802 .00000000  00000-0 0 000           2
2  2365  55.0000 234.0000 0000000   0.0000 144.0000 14.92546055    07
SATNET-590-04846 [DTC]
1  2366U 00000A   25274.57408802 .00000000  00000-0 0 000           3
2  2366  55.0000 234.0000 0000000   0.0000 150.0000 14.92546055    05
SATNET-590-04847 [DTC]
1  2367U 00000A   25274.57408802 .00000000  00000-0 0 000           4
2  2367  55.0000 234.0000 0000000   0.0000 156.0000 14.92546055    02
SATNET-590-04848 [DTC]
1  2368U 00000A   25274.57408802 .00000000  00000-0 0 000           5
2  2368  55.0000 234.0000 0000000   0.0000 162.0000 14.92546055    00
SATNET-590-04849 [DTC]
1  2369U 00000A   25274.57408802 .00000000  00000-0 0 000           6
2  2369  55.0000 234.0000 0000000   0.0000 168.0000 14.92546055    07
SATNET-590-04850 [DTC]
1  2370U 00000A   25274.57408802 .00000000  00000-0 0 000           8
2  2370  55.0000 234.0000 0000000   0.0000 174.0000 14.92546055    06
SATNET-590-04851 [DTC]
1  2371U 00000A   25274.57408802 .00000000  00000-0 0 000           9
2  2371  55.0000 234.0000 0000000   0.0000 180.0000 14.92546055    04
SATNET-590-04852 [DTC]
1  2372U 00000A   25274.57408802 .00000000  00000-0 0 000           0
2  2372  55.0000 234.0000 0000000   0.0000 186.0000 14.92546055    01
SATNET-590-04853 [DTC]
1  2373U 00000A   25274.57408802 .00000000  00000-0 0 000           1
2  2373  55.0000 234.0000 0000000   0.0000 192.0000 14.92546055    09
SATNET-590-04854 [DTC]
1  2374U 00000A   25274.57408802 .00000000  00000-0 0 000           2
2  2374  55.0000 234.0000 0000000   0.0000 198.0000 14.92546055    06
SATNET-590-04855 [DTC]
1  2375U 00000A   25274.57408802 .00000000  00000-0 0 000           3
2  2375  55.0000 234.0000 0000000   0.0000 204.0000 14.92546055    05
SATNET-590-04856 [DTC]
1  2376U 00000A   25274.57408802 .00000000  00000-0 0 000           4
2  2376  55.0000 234.0000 0000000   0.0000 210.0000 14.92546055    03
SATNET-590-04857 [DTC]
1  2377U 00000A   25274.57408802 .00000000  00000-0 0 000           5
2  2377  55.0000 234.0000 0000000   0.0000 216.0000 14.92546055    00
SATNET-590-04858 [DTC]
1  2378U 00000A   25274.57408802 .00000000  00000-0 0 000           6
2  2378  55.0000 234.0000 0000000   0.0000 222.0000 14.92546055    08
SATNET-590-04859 [DTC]
1  2379U 00000A   25274.57408802 .00000000  00000-0 0 000           7
2  2379  55.0000 234.0000 0000000   0.0000 228.0000 14.92546055    05
SATNET-590-04860 [DTC]
1  2380U 00000A   25274.57408802 .00000000  00000-0 0 000           9
2  2380  55.0000 234.0000 0000000   0.0000 234.0000 14.92546055    04
SATNET-590-04861 [DTC]
1  2381U 00000A   25274.57408802 .00000000  00000-0 0 000           0
2  2381  55.0000 234.0000 0000000   0.0000 240.0000 14.92546055    02
SATNET-590-04862 [DTC]
1  2382U 00000A   25274.57408802 .00000000  00000-0 0 000           1
2  2382  55.0000 234.0000 0000000   0.0000 246.0000 14.92546055    09
SATNET-590-04863 [DTC]
1  2383U 00000A   25274.57408802 .00000000  00000-0 0 000           2
2  2383  55.0000 234.0000 0000000   0.0000 252.0000 14.92546055    07
SATNET-590-04864 [DTC]
1  2384U 00000A   25274.57408802 .00000000  00000-0 0 000           3
2  2384  55.0000 234.0000 0000000   0.0000 258.0000 14.92546055    04
SATNET-590-04865 [DTC]
1  2385U 00000A   25274.57408802 .00000000  00000-0 0 000           4
2  2385  55.0000 234.0000 0000000   0.0000 264.0000 14.92546055    02
SATNET-590-04866 [DTC]
1  2386U 00000A   25274.57408802 .00000000  00000-0 0 000           5
2  2386  55.0000 234.0000 0000000   0.0000 270.0000 14.92546055    00
SATNET-590-04867 [DTC]
1  2387U 00000A   25274.57408802 .00000000  00000-0 0 000           6
2  2387  55.0000 234.0000 0000000   0.0000 276.0000 14.92546055    07
SATNET-590-04868 [DTC]
1  2388U 00000A   25274.57408802 .00000000  00000-0 0 000           7
2  2388  55.0000 234.0000 0000000   0.0000 282.0000 14.92546055    05
SATNET-590-04869 [DTC]
1  2389U 00000A   25274.57408802 .00000000  00000-0 0 000           8
2  2389  55.0000 234.0000 0000000   0.0000 288.0000 14.92546055    02
SATNET-590-04870 [DTC]
1  2390U 00000A   25274.57408802 .00000000  00000-0 0 000           0
2  2390  55.0000 234.0000 0000000   0.0000 294.0000 14.92546055    01
SATNET-590-04871 [DTC]
1  2391U 00000A   25274.57408802 .00000000  00000-0 0 000           1
2  2391  55.0000 234.0000 0000000   0.0000 300.0000 14.92546055    00
SATNET-590-04872 [DTC]
1  2392U 00000A   25274.57408802 .00000000  00000-0 0 000           2
2  2392  55.0000 234.0000 0000000   0.0000 306.0000 14.92546055    07
SATNET-590-04873 [DTC]
1  2393U 00000A   25274.57408802 .00000000  00000-0 0 000           3
2  2393  55.0000 234.0000 0000000   0.0000 312.0000 14.92546055    05
SATNET-590-04874 [DTC]
1  2394U 00000A   25274.57408802 .00000000  00000-0 0 000           4
2  2394  55.0000 234.0000 0000000   0.0000 318.0000 14.92546055    02
SATNET-590-04875 [DTC]
1  2395U 00000A   25274.57408802 .00000000  00000-0 0 000           5
2  2395  55.0000 234.0000 0000000   0.0000 324.0000 14.92546055    00
SATNET-590-04876 [DTC]
1  2396U 00000A   25274.57408802 .00000000  00000-0 0 000           6
2  2396  55.0000 234.0000 0000000   0.0000 330.0000 14.92546055    08
SATNET-590-04877 [DTC]
1  2397U 00000A   25274.57408802 .00000000  00000-0 0 000           7
2  2397  55.0000 234.0000 0000000   0.0000 336.0000 14.92546055    05
SATNET-590-04878 [DTC]
1  2398U 00000A   25274.57408802 .00000000  00000-0 0 000           8
2  2398  55.0000 234.0000 0000000   0.0000 342.0000 14.92546055    03
SATNET-590-04879 [DTC]
1  2399U 00000A   25274.57408802 .00000000  00000-0 0 000           9
2  2399  55.0000 234.0000 0000000   0.0000 348.0000 14.92546055    00
SATNET-590-04880 [DTC]
1  2400U 00000A   25274.57408802 .00000000  00000-0 0 000           2
2  2400  55.0000 234.0000 0000000   0.0000 354.0000 14.92546055    00
SATNET-590-04881 [DTC]
1  2401U 00000A   25274.57408802 .00000000  00000-0 0 000           3
2  2401  55.0000 240.0000 0000000   0.0000   0.0000 14.92546055    06
SATNET-590-04882 [DTC]
1  2402U 00000A   25274.57408802 .00000000  00000-0 0 000           4
2  2402  55.0000 240.0000 0000000   0.0000   6.0000 14.92546055    03
SATNET-590-04883 [DTC]
1  2403U 00000A   25274.57408802 .00000000  00000-0 0 000           5
2  2403  55.0000 240.0000 0000000   0.0000  12.0000 14.92546055    01
SATNET-590-04884 [DTC]
1  2404U 00000A   25274.57408802 .00000000  00000-0 0 000           6
2  2404  55.0000 240.0000 0000000   0.0000  18.0000 14.92546055    08
SATNET-590-04885 [DTC]
1  2405U 00000A   25274.57408802 .00000000  00000-0 0 000           7
2  2405  55.0000 240.0000 0000000   0.0000  24.0000 14.92546055    06
SATNET-590-04886 [DTC]
1  2406U 00000A   25274.57408802 .00000000  00000-0 0 000           8
2  2406  55.0000 240.0000 0000000   0.0000  30.0000 14.92546055    04
SATNET-590-04887 [DTC]
1  2407U 00000A   25274.57408802 .00000000  00000-0 0 000           9
2  2407  55.0000 240.0000 0000000   0.0000  36.0000 14.92546055    01
SATNET-590-04888 [DTC]
1  2408U 00000A   25274.57408802 .00000000  00000-0 0 000           0
2  2408  55.0000 240.0000 0000000   0.0000  42.0000 14.92546055    09
SATNET-590-04889 [DTC]
1  2409U 00000A   25274.57408802 .00000000  00000-0 0 000           1
2  2409  55.0000 240.0000 0000000   0.0000  48.0000 14.92546055    06
SATNET-590-04890 [DTC]
1  2410U 00000A   25274.57408802 .00000000  00000-0 0 000           3
2  2410  55.0000 240.0000 0000000   0.0000  54.0000 14.92546055    05
SATNET-590-04891 [DTC]
1  2411U 00000A   25274.57408802 .00000000  00000-0 0 000           4
2  2411  55.0000 240.0000 0000000   0.0000  60.0000 14.92546055    03
SATNET-590-04892 [DTC]
1  2412U 00000A   25274.57408802 .00000000  00000-0 0 000           5
2  2412  55.0000 240.0000 0000000   0.0000  66.0000 14.92546055    00
SATNET-590-04893 [DTC]
1  2413U 00000A   25274.57408802 .00000000  00000-0 0 000           6
2  2413  55.0000 240.0000 0000000   0.0000  72.0000 14.92546055    08
SATNET-590-04894 [DTC]
1  2414U 00000A   25274.57408802 .00000000  00000-0 0 000           7
2  2414  55.0000 240.0000 0000000   0.0000  78.0000 14.92546055    05
SATNET-590-04895 [DTC]
1  2415U 00000A   25274.57408802 .00000000  00000-0 0 000           8
2  2415  55.0000 240.0000 0000000   0.0000  84.0000 14.92546055    03
SATNET-590-04896 [DTC]
1  2416U 00000A   25274.57408802 .00000000  00000-0 0 000           9
2  2416  55.0000 240.0000 0000000   0.0000  90.0000 14.92546055    01
SATNET-590-04897 [DTC]
1  2417U 00000A   25274.57408802 .00000000  00000-0 0 000           0
2  2417  55.0000 240.0000 0000000   0.0000  96.0000 14.92546055    08
SATNET-590-04898 [DTC]
1  2418U 00000A   25274.57408802 .00000000  00000-0 0 000           1
2  2418  55.0000 240.0000 0000000   0.0000 102.0000 14.92546055    07
SATNET-590-04899 [DTC]
1  2419U 00000A   25274.57408802 .00000000  00000-0 0 000           2
2  2419  55.0000 240.0000 0000000   0.0000 108.0000 14.92546055    04
SATNET-590-04900 [DTC]
1  2420U 00000A   25274.57408802 .00000000  00000-0 0 000           4
2  2420  55.0000 240.0000 0000000   0.0000 114.0000 14.92546055    03
SATNET-590-04901 [DTC]
1  2421U 00000A   25274.57408802 .00000000  00000-0 0 000           5
2  2421  55.0000 240.0000 0000000   0.0000 120.0000 14.92546055    01
SATNET-590-04902 [DTC]
1  2422U 00000A   25274.57408802 .00000000  00000-0 0 000           6
2  2422  55.0000 240.0000 0000000   0.0000 126.0000 14.92546055    08
SATNET-590-04903 [DTC]
1  2423U 00000A   25274.57408802 .00000000  00000-0 0 000           7
2  2423  55.0000 240.0000 0000000   0.0000 132.0000 14.92546055    06
SATNET-590-04904 [DTC]
1  2424U 00000A   25274.57408802 .00000000  00000-0 0 000           8
2  2424  55.0000 240.0000 0000000   0.0000 138.0000 14.92546055    03
SATNET-590-04905 [DTC]
1  2425U 00000A   25274.57408802 .00000000  00000-0 0 000           9
2  2425  55.0000 240.0000 0000000   0.0000 144.0000 14.92546055    01
SATNET-590-04906 [DTC]
1  2426U 00000A   25274.57408802 .00000000  00000-0 0 000           0
2  2426  55.0000 240.0000 0000000   0.0000 150.0000 14.92546055    09
SATNET-590-04907 [DTC]
1  2427U 00000A   25274.57408802 .00000000  00000-0 0 000           1
2  2427  55.0000 240.0000 0000000   0.0000 156.0000 14.92546055    06
SATNET-590-04908 [DTC]
1  2428U 00000A   25274.57408802 .00000000  00000-0 0 000           2
2  2428  55.0000 240.0000 0000000   0.0000 162.0000 14.92546055    04
SATNET-590-04909 [DTC]
1  2429U 00000A   25274.57408802 .00000000  00000-0 0 000           3
2  2429  55.0000 240.0000 0000000   0.0000 168.0000 14.92546055    01
SATNET-590-04910 [DTC]
1  2430U 00000A   25274.57408802 .00000000  00000-0 0 000           5
2  2430  55.0000 240.0000 0000000   0.0000 174.0000 14.92546055    00
SATNET-590-04911 [DTC]
1  2431U 00000A   25274.57408802 .00000000  00000-0 0 000           6
2  2431  55.0000 240.0000 0000000   0.0000 180.0000 14.92546055    08
SATNET-590-04912 [DTC]
1  2432U 00000A   25274.57408802 .00000000  00000-0 0 000           7
2  2432  55.0000 240.0000 0000000   0.0000 186.0000 14.92546055    05
SATNET-590-04913 [DTC]
1  2433U 00000A   25274.57408802 .00000000  00000-0 0 000           8
2  2433  55.0000 240.0000 0000000   0.0000 192.0000 14.92546055    03
SATNET-590-04914 [DTC]
1  2434U 00000A   25274.57408802 .00000000  00000-0 0 000           9
2  2434  55.0000 240.0000 0000000   0.0000 198.0000 14.92546055    00
SATNET-590-04915 [DTC]
1  2435U 00000A   25274.57408802 .00000000  00000-0 0 000           0
2  2435  55.0000 240.0000 0000000   0.0000 204.0000 14.92546055    09
SATNET-590-04916 [DTC]
1  2436U 00000A   25274.57408802 .00000000  00000-0 0 000           1
2  2436  55.0000 240.0000 0000000   0.0000 210.0000 14.92546055    07
SATNET-590-04917 [DTC]
1  2437U 00000A   25274.57408802 .00000000  00000-0 0 000           2
2  2437  55.0000 240.0000 0000000   0.0000 216.0000 14.92546055    04
SATNET-590-04918 [DTC]
1  2438U 00000A   25274.57408802 .00000000  00000-0 0 000           3
2  2438  55.0000 240.0000 0000000   0.0000 222.0000 14.92546055    02
SATNET-590-04919 [DTC]
1  2439U 00000A   25274.57408802 .00000000  00000-0 0 000           4
2  2439  55.0000 240.0000 0000000   0.0000 228.0000 14.92546055    09
SATNET-590-04920 [DTC]
1  2440U 00000A   25274.57408802 .00000000  00000-0 0 000           6
2  2440  55.0000 240.0000 0000000   0.0000 234.0000 14.92546055    08
SATNET-590-04921 [DTC]
1  2441U 00000A   25274.57408802 .00000000  00000-0 0 000           7
2  2441  55.0000 240.0000 0000000   0.0000 240.0000 14.92546055    06
SATNET-590-04922 [DTC]
1  2442U 00000A   25274.57408802 .00000000  00000-0 0 000           8
2  2442  55.0000 240.0000 0000000   0.0000 246.0000 14.92546055    03
SATNET-590-04923 [DTC]
1  2443U 00000A   25274.57408802 .00000000  00000-0 0 000           9
2  2443  55.0000 240.0000 0000000   0.0000 252.0000 14.92546055    01
SATNET-590-04924 [DTC]
1  2444U 00000A   25274.57408802 .00000000  00000-0 0 000           0
2  2444  55.0000 240.0000 0000000   0.0000 258.0000 14.92546055    08
SATNET-590-04925 [DTC]
1  2445U 00000A   25274.57408802 .00000000  00000-0 0 000           1
2  2445  55.0000 240.0000 0000000   0.0000 264.0000 14.92546055    06
SATNET-590-04926 [DTC]
1  2446U 00000A   25274.57408802 .00000000  00000-0 0 000           2
2  2446  55.0000 240.0000 0000000   0.0000 270.0000 14.92546055    04
SATNET-590-04927 [DTC]
1  2447U 00000A   25274.57408802 .00000000  00000-0 0 000           3
2  2447  55.0000 240.0000 0000000   0.0000 276.0000 14.92546055    01
SATNET-590-04928 [DTC]
1  2448U 00000A   25274.57408802 .00000000  00000-0 0 000           4
2  2448  55.0000 240.0000 0000000   0.0000 282.0000 14.92546055    09
SATNET-590-04929 [DTC]
1  2449U 00000A   25274.57408802 .00000000  00000-0 0 000           5
2  2449  55.0000 240.0000 0000000   0.0000 288.0000 14.92546055    06
SATNET-590-04930 [DTC]
1  2450U 00000A   25274.57408802 .00000000  00000-0 0 000           7
2  2450  55.0000 240.0000 0000000   0.0000 294.0000 14.92546055    05
SATNET-590-04931 [DTC]
1  2451U 00000A   25274.57408802 .00000000  00000-0 0 000           8
2  2451  55.0000 240.0000 0000000   0.0000 300.0000 14.92546055    04
SATNET-590-04932 [DTC]
1  2452U 00000A   25274.57408802 .00000000  00000-0 0 000           9
2  2452  55.0000 240.0000 0000000   0.0000 306.0000 14.92546055    01
SATNET-590-04933 [DTC]
1  2453U 00000A   25274.57408802 .00000000  00000-0 0 000           0
2  2453  55.0000 240.0000 0000000   0.0000 312.0000 14.92546055    09
SATNET-590-04934 [DTC]
1  2454U 00000A   25274.57408802 .00000000  00000-0 0 000           1
2  2454  55.0000 240.0000 0000000   0.0000 318.0000 14.92546055    06
SATNET-590-04935 [DTC]
1  2455U 00000A   25274.57408802 .00000000  00000-0 0 000           2
2  2455  55.0000 240.0000 0000000   0.0000 324.0000 14.92546055    04
SATNET-590-04936 [DTC]
1  2456U 00000A   25274.57408802 .00000000  00000-0 0 000           3
2  2456  55.0000 240.0000 0000000   0.0000 330.0000 14.92546055    02
SATNET-590-04937 [DTC]
1  2457U 00000A   25274.57408802 .00000000  00000-0 0 000           4
2  2457  55.0000 240.0000 0000000   0.0000 336.0000 14.92546055    09
SATNET-590-04938 [DTC]
1  2458U 00000A   25274.57408802 .00000000  00000-0 0 000           5
2  2458  55.0000 240.0000 0000000   0.0000 342.0000 14.92546055    07
SATNET-590-04939 [DTC]
1  2459U 00000A   25274.57408802 .00000000  00000-0 0 000           6
2  2459  55.0000 240.0000 0000000   0.0000 348.0000 14.92546055    04
SATNET-590-04940 [DTC]
1  2460U 00000A   25274.57408802 .00000000  00000-0 0 000           8
2  2460  55.0000 240.0000 0000000   0.0000 354.0000 14.92546055    03
SATNET-590-04941 [DTC]
1  2461U 00000A   25274.57408802 .00000000  00000-0 0 000           9
2  2461  55.0000 246.0000 0000000   0.0000   0.0000 14.92546055    08
SATNET-590-04942 [DTC]
1  2462U 00000A   25274.57408802 .00000000  00000-0 0 000           0
2  2462  55.0000 246.0000 0000000   0.0000   6.0000 14.92546055    05
SATNET-590-04943 [DTC]
1  2463U 00000A   25274.57408802 .00000000  00000-0 0 000           1
2  2463  55.0000 246.0000 0000000   0.0000  12.0000 14.92546055    03
SATNET-590-04944 [DTC]
1  2464U 00000A   25274.57408802 .00000000  00000-0 0 000           2
2  2464  55.0000 246.0000 0000000   0.0000  18.0000 14.92546055    00
SATNET-590-04945 [DTC]
1  2465U 00000A   25274.57408802 .00000000  00000-0 0 000           3
2  2465  55.0000 246.0000 0000000   0.0000  24.0000 14.92546055    08
SATNET-590-04946 [DTC]
1  2466U 00000A   25274.57408802 .00000000  00000-0 0 000           4
2  2466  55.0000 246.0000 0000000   0.0000  30.0000 14.92546055    06
SATNET-590-04947 [DTC]
1  2467U 00000A   25274.57408802 .00000000  00000-0 0 000           5
2  2467  55.0000 246.0000 0000000   0.0000  36.0000 14.92546055    03
SATNET-590-04948 [DTC]
1  2468U 00000A   25274.57408802 .00000000  00000-0 0 000           6
2  2468  55.0000 246.0000 0000000   0.0000  42.0000 14.92546055    01
SATNET-590-04949 [DTC]
1  2469U 00000A   25274.57408802 .00000000  00000-0 0 000           7
2  2469  55.0000 246.0000 0000000   0.0000  48.0000 14.92546055    08
SATNET-590-04950 [DTC]
1  2470U 00000A   25274.57408802 .00000000  00000-0 0 000           9
2  2470  55.0000 246.0000 0000000   0.0000  54.0000 14.92546055    07
SATNET-590-04951 [DTC]
1  2471U 00000A   25274.57408802 .00000000  00000-0 0 000           0
2  2471  55.0000 246.0000 0000000   0.0000  60.0000 14.92546055    05
SATNET-590-04952 [DTC]
1  2472U 00000A   25274.57408802 .00000000  00000-0 0 000           1
2  2472  55.0000 246.0000 0000000   0.0000  66.0000 14.92546055    02
SATNET-590-04953 [DTC]
1  2473U 00000A   25274.57408802 .00000000  00000-0 0 000           2
2  2473  55.0000 246.0000 0000000   0.0000  72.0000 14.92546055    00
SATNET-590-04954 [DTC]
1  2474U 00000A   25274.57408802 .00000000  00000-0 0 000           3
2  2474  55.0000 246.0000 0000000   0.0000  78.0000 14.92546055    07
SATNET-590-04955 [DTC]
1  2475U 00000A   25274.57408802 .00000000  00000-0 0 000           4
2  2475  55.0000 246.0000 0000000   0.0000  84.0000 14.92546055    05
SATNET-590-04956 [DTC]
1  2476U 00000A   25274.57408802 .00000000  00000-0 0 000           5
2  2476  55.0000 246.0000 0000000   0.0000  90.0000 14.92546055    03
SATNET-590-04957 [DTC]
1  2477U 00000A   25274.57408802 .00000000  00000-0 0 000           6
2  2477  55.0000 246.0000 0000000   0.0000  96.0000 14.92546055    00
SATNET-590-04958 [DTC]
1  2478U 00000A   25274.57408802 .00000000  00000-0 0 000           7
2  2478  55.0000 246.0000 0000000   0.0000 102.0000 14.92546055    09
SATNET-590-04959 [DTC]
1  2479U 00000A   25274.57408802 .00000000  00000-0 0 000           8
2  2479  55.0000 246.0000 0000000   0.0000 108.0000 14.92546055    06
SATNET-590-04960 [DTC]
1  2480U 00000A   25274.57408802 .00000000  00000-0 0 000           0
2  2480  55.0000 246.0000 0000000   0.0000 114.0000 14.92546055    05
SATNET-590-04961 [DTC]
1  2481U 00000A   25274.57408802 .00000000  00000-0 0 000           1
2  2481  55.0000 246.0000 0000000   0.0000 120.0000 14.92546055    03
SATNET-590-04962 [DTC]
1  2482U 00000A   25274.57408802 .00000000  00000-0 0 000           2
2  2482  55.0000 246.0000 0000000   0.0000 126.0000 14.92546055    00
SATNET-590-04963 [DTC]
1  2483U 00000A   25274.57408802 .00000000  00000-0 0 000           3
2  2483  55.0000 246.0000 0000000   0.0000 132.0000 14.92546055    08
SATNET-590-04964 [DTC]
1  2484U 00000A   25274.57408802 .00000000  00000-0 0 000           4
2  2484  55.0000 246.0000 0000000   0.0000 138.0000 14.92546055    05
SATNET-590-04965 [DTC]
1  2485U 00000A   25274.57408802 .00000000  00000-0 0 000           5
2  2485  55.0000 246.0000 0000000   0.0000 144.0000 14.92546055    03
SATNET-590-04966 [DTC]
1  2486U 00000A   25274.57408802 .00000000  00000-0 0 000           6
2  2486  55.0000 246.0000 0000000   0.0000 150.0000 14.92546055    01
SATNET-590-04967 [DTC]
1  2487U 00000A   25274.57408802 .00000000  00000-0 0 000           7
2  2487  55.0000 246.0000 0000000   0.0000 156.0000 14.92546055    08
SATNET-590-04968 [DTC]
1  2488U 00000A   25274.57408802 .00000000  00000-0 0 000           8
2  2488  55.0000 246.0000 0000000   0.0000 162.0000 14.92546055    06
SATNET-590-04969 [DTC]
1  2489U 00000A   25274.57408802 .00000000  00000-0 0 000           9
2  2489  55.0000 246.0000 0000000   0.0000 168.0000 14.92546055    03
SATNET-590-04970 [DTC]
1  2490U 00000A   25274.57408802 .00000000  00000-0 0 000           1
2  2490  55.0000 246.0000 0000000   0.0000 174.0000 14.92546055    02
SATNET-590-04971 [DTC]
1  2491U 00000A   25274.57408802 .00000000  00000-0 0 000           2
2  2491  55.0000 246.0000 0000000   0.0000 180.0000 14.92546055    00
SATNET-590-04972 [DTC]
1  2492U 00000A   25274.57408802 .00000000  00000-0 0 000           3
2  2492  55.0000 246.0000 0000000   0.0000 186.0000 14.92546055    07
SATNET-590-04973 [DTC]
1  2493U 00000A   25274.57408802 .00000000  00000-0 0 000           4
2  2493  55.0000 246.0000 0000000   0.0000 192.0000 14.92546055    05
SATNET-590-04974 [DTC]
1  2494U 00000A   25274.57408802 .00000000  00000-0 0 000           5
2  2494  55.0000 246.0000 0000000   0.0000 198.0000 14.92546055    02
SATNET-590-04975 [DTC]
1  2495U 00000A   25274.57408802 .00000000  00000-0 0 000           6
2  2495  55.0000 246.0000 0000000   0.0000 204.0000 14.92546055    01
SATNET-590-04976 [DTC]
1  2496U 00000A   25274.57408802 .00000000  00000-0 0 000           7
2  2496  55.0000 246.0000 0000000   0.0000 210.0000 14.92546055    09
SATNET-590-04977 [DTC]
1  2497U 00000A   25274.57408802 .00000000  00000-0 0 000           8
2  2497  55.0000 246.0000 0000000   0.0000 216.0000 14.92546055    06
SATNET-590-04978 [DTC]
1  2498U 00000A   25274.57408802 .00000000  00000-0 0 000           9
2  2498  55.0000 246.0000 0000000   0.0000 222.0000 14.92546055    04
SATNET-590-04979 [DTC]
1  2499U 00000A   25274.57408802 .00000000  00000-0 0 000           0
2  2499  55.0000 246.0000 0000000   0.0000 228.0000 14.92546055    01
SATNET-590-04980 [DTC]
1  2500U 00000A   25274.57408802 .00000000  00000-0 0 000           3
2  2500  55.0000 246.0000 0000000   0.0000 234.0000 14.92546055    01
SATNET-590-04981 [DTC]
1  2501U 00000A   25274.57408802 .00000000  00000-0 0 000           4
2  2501  55.0000 246.0000 0000000   0.0000 240.0000 14.92546055    09
SATNET-590-04982 [DTC]
1  2502U 00000A   25274.57408802 .00000000  00000-0 0 000           5
2  2502  55.0000 246.0000 0000000   0.0000 246.0000 14.92546055    06
SATNET-590-04983 [DTC]
1  2503U 00000A   25274.57408802 .00000000  00000-0 0 000           6
2  2503  55.0000 246.0000 0000000   0.0000 252.0000 14.92546055    04
SATNET-590-04984 [DTC]
1  2504U 00000A   25274.57408802 .00000000  00000-0 0 000           7
2  2504  55.0000 246.0000 0000000   0.0000 258.0000 14.92546055    01
SATNET-590-04985 [DTC]
1  2505U 00000A   25274.57408802 .00000000  00000-0 0 000           8
2  2505  55.0000 246.0000 0000000   0.0000 264.0000 14.92546055    09
SATNET-590-04986 [DTC]
1  2506U 00000A   25274.57408802 .00000000  00000-0 0 000           9
2  2506  55.0000 246.0000 0000000   0.0000 270.0000 14.92546055    07
SATNET-590-04987 [DTC]
1  2507U 00000A   25274.57408802 .00000000  00000-0 0 000           0
2  2507  55.0000 246.0000 0000000   0.0000 276.0000 14.92546055    04
SATNET-590-04988 [DTC]
1  2508U 00000A   25274.57408802 .00000000  00000-0 0 000           1
2  2508  55.0000 246.0000 0000000   0.0000 282.0000 14.92546055    02
SATNET-590-04989 [DTC]
1  2509U 00000A   25274.57408802 .00000000  00000-0 0 000           2
2  2509  55.0000 246.0000 0000000   0.0000 288.0000 14.92546055    09
SATNET-590-04990 [DTC]
1  2510U 00000A   25274.57408802 .00000000  00000-0 0 000           4
2  2510  55.0000 246.0000 0000000   0.0000 294.0000 14.92546055    08
SATNET-590-04991 [DTC]
1  2511U 00000A   25274.57408802 .00000000  00000-0 0 000           5
2  2511  55.0000 246.0000 0000000   0.0000 300.0000 14.92546055    07
SATNET-590-04992 [DTC]
1  2512U 00000A   25274.57408802 .00000000  00000-0 0 000           6
2  2512  55.0000 246.0000 0000000   0.0000 306.0000 14.92546055    04
SATNET-590-04993 [DTC]
1  2513U 00000A   25274.57408802 .00000000  00000-0 0 000           7
2  2513  55.0000 246.0000 0000000   0.0000 312.0000 14.92546055    02
SATNET-590-04994 [DTC]
1  2514U 00000A   25274.57408802 .00000000  00000-0 0 000           8
2  2514  55.0000 246.0000 0000000   0.0000 318.0000 14.92546055    09
SATNET-590-04995 [DTC]
1  2515U 00000A   25274.57408802 .00000000  00000-0 0 000           9
2  2515  55.0000 246.0000 0000000   0.0000 324.0000 14.92546055    07
SATNET-590-04996 [DTC]
1  2516U 00000A   25274.57408802 .00000000  00000-0 0 000           0
2  2516  55.0000 246.0000 0000000   0.0000 330.0000 14.92546055    05
SATNET-590-04997 [DTC]
1  2517U 00000A   25274.57408802 .00000000  00000-0 0 000           1
2  2517  55.0000 246.0000 0000000   0.0000 336.0000 14.92546055    02
SATNET-590-04998 [DTC]
1  2518U 00000A   25274.57408802 .00000000  00000-0 0 000           2
2  2518  55.0000 246.0000 0000000   0.0000 342.0000 14.92546055    00
SATNET-590-04999 [DTC]
1  2519U 00000A   25274.57408802 .00000000  00000-0 0 000           3
2  2519  55.0000 246.0000 0000000   0.0000 348.0000 14.92546055    07
SATNET-590-05000 [DTC]
1  2520U 00000A   25274.57408802 .00000000  00000-0 0 000           5
2  2520  55.0000 246.0000 0000000   0.0000 354.0000 14.92546055    06
SATNET-590-05001 [DTC]
1  2521U 00000A   25274.57408802 .00000000  00000-0 0 000           6
2  2521  55.0000 252.0000 0000000   0.0000   0.0000 14.92546055    02
SATNET-590-05002 [DTC]
1  2522U 00000A   25274.57408802 .00000000  00000-0 0 000           7
2  2522  55.0000 252.0000 0000000   0.0000   6.0000 14.92546055    09
SATNET-590-05003 [DTC]
1  2523U 00000A   25274.57408802 .00000000  00000-0 0 000           8
2  2523  55.0000 252.0000 0000000   0.0000  12.0000 14.92546055    07
SATNET-590-05004 [DTC]
1  2524U 00000A   25274.57408802 .00000000  00000-0 0 000           9
2  2524  55.0000 252.0000 0000000   0.0000  18.0000 14.92546055    04
SATNET-590-05005 [DTC]
1  2525U 00000A   25274.57408802 .00000000  00000-0 0 000           0
2  2525  55.0000 252.0000 0000000   0.0000  24.0000 14.92546055    02
SATNET-590-05006 [DTC]
1  2526U 00000A   25274.57408802 .00000000  00000-0 0 000           1
2  2526  55.0000 252.0000 0000000   0.0000  30.0000 14.92546055    00
SATNET-590-05007 [DTC]
1  2527U 00000A   25274.57408802 .00000000  00000-0 0 000           2
2  2527  55.0000 252.0000 0000000   0.0000  36.0000 14.92546055    07
SATNET-590-05008 [DTC]
1  2528U 00000A   25274.57408802 .00000000  00000-0 0 000           3
2  2528  55.0000 252.0000 0000000   0.0000  42.0000 14.92546055    05
SATNET-590-05009 [DTC]
1  2529U 00000A   25274.57408802 .00000000  00000-0 0 000           4
2  2529  55.0000 252.0000 0000000   0.0000  48.0000 14.92546055    02
SATNET-590-05010 [DTC]
1  2530U 00000A   25274.57408802 .00000000  00000-0 0 000           6
2  2530  55.0000 252.0000 0000000   0.0000  54.0000 14.92546055    01
SATNET-590-05011 [DTC]
1  2531U 00000A   25274.57408802 .00000000  00000-0 0 000           7
2  2531  55.0000 252.0000 0000000   0.0000  60.0000 14.92546055    09
SATNET-590-05012 [DTC]
1  2532U 00000A   25274.57408802 .00000000  00000-0 0 000           8
2  2532  55.0000 252.0000 0000000   0.0000  66.0000 14.92546055    06
SATNET-590-05013 [DTC]
1  2533U 00000A   25274.57408802 .00000000  00000-0 0 000           9
2  2533  55.0000 252.0000 0000000   0.0000  72.0000 14.92546055    04
SATNET-590-05014 [DTC]
1  2534U 00000A   25274.57408802 .00000000  00000-0 0 000           0
2  2534  55.0000 252.0000 0000000   0.0000  78.0000 14.92546055    01
SATNET-590-05015 [DTC]
1  2535U 00000A   25274.57408802 .00000000  00000-0 0 000           1
2  2535  55.0000 252.0000 0000000   0.0000  84.0000 14.92546055    09
SATNET-590-05016 [DTC]
1  2536U 00000A   25274.57408802 .00000000  00000-0 0 000           2
2  2536  55.0000 252.0000 0000000   0.0000  90.0000 14.92546055    07
SATNET-590-05017 [DTC]
1  2537U 00000A   25274.57408802 .00000000  00000-0 0 000           3
2  2537  55.0000 252.0000 0000000   0.0000  96.0000 14.92546055    04
SATNET-590-05018 [DTC]
1  2538U 00000A   25274.57408802 .00000000  00000-0 0 000           4
2  2538  55.0000 252.0000 0000000   0.0000 102.0000 14.92546055    03
SATNET-590-05019 [DTC]
1  2539U 00000A   25274.57408802 .00000000  00000-0 0 000           5
2  2539  55.0000 252.0000 0000000   0.0000 108.0000 14.92546055    00
SATNET-590-05020 [DTC]
1  2540U 00000A   25274.57408802 .00000000  00000-0 0 000           7
2  2540  55.0000 252.0000 0000000   0.0000 114.0000 14.92546055    09
SATNET-590-05021 [DTC]
1  2541U 00000A   25274.57408802 .00000000  00000-0 0 000           8
2  2541  55.0000 252.0000 0000000   0.0000 120.0000 14.92546055    07
SATNET-590-05022 [DTC]
1  2542U 00000A   25274.57408802 .00000000  00000-0 0 000           9
2  2542  55.0000 252.0000 0000000   0.0000 126.0000 14.92546055    04
SATNET-590-05023 [DTC]
1  2543U 00000A   25274.57408802 .00000000  00000-0 0 000           0
2  2543  55.0000 252.0000 0000000   0.0000 132.0000 14.92546055    02
SATNET-590-05024 [DTC]
1  2544U 00000A   25274.57408802 .00000000  00000-0 0 000           1
2  2544  55.0000 252.0000 0000000   0.0000 138.0000 14.92546055    09
SATNET-590-05025 [DTC]
1  2545U 00000A   25274.57408802 .00000000  00000-0 0 000           2
2  2545  55.0000 252.0000 0000000   0.0000 144.0000 14.92546055    07
SATNET-590-05026 [DTC]
1  2546U 00000A   25274.57408802 .00000000  00000-0 0 000           3
2  2546  55.0000 252.0000 0000000   0.0000 150.0000 14.92546055    05
SATNET-590-05027 [DTC]
1  2547U 00000A   25274.57408802 .00000000  00000-0 0 000           4
2  2547  55.0000 252.0000 0000000   0.0000 156.0000 14.92546055    02
SATNET-590-05028 [DTC]
1  2548U 00000A   25274.57408802 .00000000  00000-0 0 000           5
2  2548  55.0000 252.0000 0000000   0.0000 162.0000 14.92546055    00
SATNET-590-05029 [DTC]
1  2549U 00000A   25274.57408802 .00000000  00000-0 0 000           6
2  2549  55.0000 252.0000 0000000   0.0000 168.0000 14.92546055    07
SATNET-590-05030 [DTC]
1  2550U 00000A   25274.57408802 .00000000  00000-0 0 000           8
2  2550  55.0000 252.0000 0000000   0.0000 174.0000 14.92546055    06
SATNET-590-05031 [DTC]
1  2551U 00000A   25274.57408802 .00000000  00000-0 0 000           9
2  2551  55.0000 252.0000 0000000   0.0000 180.0000 14.92546055    04
SATNET-590-05032 [DTC]
1  2552U 00000A   25274.57408802 .00000000  00000-0 0 000           0
2  2552  55.0000 252.0000 0000000   0.0000 186.0000 14.92546055    01
SATNET-590-05033 [DTC]
1  2553U 00000A   25274.57408802 .00000000  00000-0 0 000           1
2  2553  55.0000 252.0000 0000000   0.0000 192.0000 14.92546055    09
SATNET-590-05034 [DTC]
1  2554U 00000A   25274.57408802 .00000000  00000-0 0 000           2
2  2554  55.0000 252.0000 0000000   0.0000 198.0000 14.92546055    06
SATNET-590-05035 [DTC]
1  2555U 00000A   25274.57408802 .00000000  00000-0 0 000           3
2  2555  55.0000 252.0000 0000000   0.0000 204.0000 14.92546055    05
SATNET-590-05036 [DTC]
1  2556U 00000A   25274.57408802 .00000000  00000-0 0 000           4
2  2556  55.0000 252.0000 0000000   0.0000 210.0000 14.92546055    03
SATNET-590-05037 [DTC]
1  2557U 00000A   25274.57408802 .00000000  00000-0 0 000           5
2  2557  55.0000 252.0000 0000000   0.0000 216.0000 14.92546055    00
SATNET-590-05038 [DTC]
1  2558U 00000A   25274.57408802 .00000000  00000-0 0 000           6
2  2558  55.0000 252.0000 0000000   0.0000 222.0000 14.92546055    08
SATNET-590-05039 [DTC]
1  2559U 00000A   25274.57408802 .00000000  00000-0 0 000           7
2  2559  55.0000 252.0000 0000000   0.0000 228.0000 14.92546055    05
SATNET-590-05040 [DTC]
1  2560U 00000A   25274.57408802 .00000000  00000-0 0 000           9
2  2560  55.0000 252.0000 0000000   0.0000 234.0000 14.92546055    04
SATNET-590-05041 [DTC]
1  2561U 00000A   25274.57408802 .00000000  00000-0 0 000           0
2  2561  55.0000 252.0000 0000000   0.0000 240.0000 14.92546055    02
SATNET-590-05042 [DTC]
1  2562U 00000A   25274.57408802 .00000000  00000-0 0 000           1
2  2562  55.0000 252.0000 0000000   0.0000 246.0000 14.92546055    09
SATNET-590-05043 [DTC]
1  2563U 00000A   25274.57408802 .00000000  00000-0 0 000           2
2  2563  55.0000 252.0000 0000000   0.0000 252.0000 14.92546055    07
SATNET-590-05044 [DTC]
1  2564U 00000A   25274.57408802 .00000000  00000-0 0 000           3
2  2564  55.0000 252.0000 0000000   0.0000 258.0000 14.92546055    04
SATNET-590-05045 [DTC]
1  2565U 00000A   25274.57408802 .00000000  00000-0 0 000           4
2  2565  55.0000 252.0000 0000000   0.0000 264.0000 14.92546055    02
SATNET-590-05046 [DTC]
1  2566U 00000A   25274.57408802 .00000000  00000-0 0 000           5
2  2566  55.0000 252.0000 0000000   0.0000 270.0000 14.92546055    00
SATNET-590-05047 [DTC]
1  2567U 00000A   25274.57408802 .00000000  00000-0 0 000           6
2  2567  55.0000 252.0000 0000000   0.0000 276.0000 14.92546055    07
SATNET-590-05048 [DTC]
1  2568U 00000A   25274.57408802 .00000000  00000-0 0 000           7
2  2568  55.0000 252.0000 0000000   0.0000 282.0000 14.92546055    05
SATNET-590-05049 [DTC]
1  2569U 00000A   25274.57408802 .00000000  00000-0 0 000           8
2  2569  55.0000 252.0000 0000000   0.0000 288.0000 14.92546055    02
SATNET-590-05050 [DTC]
1  2570U 00000A   25274.57408802 .00000000  00000-0 0 000           0
2  2570  55.0000 252.0000 0000000   0.0000 294.0000 14.92546055    01
SATNET-590-05051 [DTC]
1  2571U 00000A   25274.57408802 .00000000  00000-0 0 000           1
2  2571  55.0000 252.0000 0000000   0.0000 300.0000 14.92546055    00
SATNET-590-05052 [DTC]
1  2572U 00000A   25274.57408802 .00000000  00000-0 0 000           2
2  2572  55.0000 252.0000 0000000   0.0000 306.0000 14.92546055    07
SATNET-590-05053 [DTC]
1  2573U 00000A   25274.57408802 .00000000  00000-0 0 000           3
2  2573  55.0000 252.0000 0000000   0.0000 312.0000 14.92546055    05
SATNET-590-05054 [DTC]
1  2574U 00000A   25274.57408802 .00000000  00000-0 0 000           4
2  2574  55.0000 252.0000 0000000   0.0000 318.0000 14.92546055    02
SATNET-590-05055 [DTC]
1  2575U 00000A   25274.57408802 .00000000  00000-0 0 000           5
2  2575  55.0000 252.0000 0000000   0.0000 324.0000 14.92546055    00
SATNET-590-05056 [DTC]
1  2576U 00000A   25274.57408802 .00000000  00000-0 0 000           6
2  2576  55.0000 252.0000 0000000   0.0000 330.0000 14.92546055    08
SATNET-590-05057 [DTC]
1  2577U 00000A   25274.57408802 .00000000  00000-0 0 000           7
2  2577  55.0000 252.0000 0000000   0.0000 336.0000 14.92546055    05
SATNET-590-05058 [DTC]
1  2578U 00000A   25274.57408802 .00000000  00000-0 0 000           8
2  2578  55.0000 252.0000 0000000   0.0000 342.0000 14.92546055    03
SATNET-590-05059 [DTC]
1  2579U 00000A   25274.57408802 .00000000  00000-0 0 000           9
2  2579  55.0000 252.0000 0000000   0.0000 348.0000 14.92546055    00
SATNET-590-05060 [DTC]
1  2580U 00000A   25274.57408802 .00000000  00000-0 0 000           1
2  2580  55.0000 252.0000 0000000   0.0000 354.0000 14.92546055    09
SATNET-590-05061 [DTC]
1  2581U 00000A   25274.57408802 .00000000  00000-0 0 000           2
2  2581  55.0000 258.0000 0000000   0.0000   0.0000 14.92546055    04
SATNET-590-05062 [DTC]
1  2582U 00000A   25274.57408802 .00000000  00000-0 0 000           3
2  2582  55.0000 258.0000 0000000   0.0000   6.0000 14.92546055    01
SATNET-590-05063 [DTC]
1  2583U 00000A   25274.57408802 .00000000  00000-0 0 000           4
2  2583  55.0000 258.0000 0000000   0.0000  12.0000 14.92546055    09
SATNET-590-05064 [DTC]
1  2584U 00000A   25274.57408802 .00000000  00000-0 0 000           5
2  2584  55.0000 258.0000 0000000   0.0000  18.0000 14.92546055    06
SATNET-590-05065 [DTC]
1  2585U 00000A   25274.57408802 .00000000  00000-0 0 000           6
2  2585  55.0000 258.0000 0000000   0.0000  24.0000 14.92546055    04
SATNET-590-05066 [DTC]
1  2586U 00000A   25274.57408802 .00000000  00000-0 0 000           7
2  2586  55.0000 258.0000 0000000   0.0000  30.0000 14.92546055    02
SATNET-590-05067 [DTC]
1  2587U 00000A   25274.57408802 .00000000  00000-0 0 000           8
2  2587  55.0000 258.0000 0000000   0.0000  36.0000 14.92546055    09
SATNET-590-05068 [DTC]
1  2588U 00000A   25274.57408802 .00000000  00000-0 0 000           9
2  2588  55.0000 258.0000 0000000   0.0000  42.0000 14.92546055    07
SATNET-590-05069 [DTC]
1  2589U 00000A   25274.57408802 .00000000  00000-0 0 000           0
2  2589  55.0000 258.0000 0000000   0.0000  48.0000 14.92546055    04
SATNET-590-05070 [DTC]
1  2590U 00000A   25274.57408802 .00000000  00000-0 0 000           2
2  2590  55.0000 258.0000 0000000   0.0000  54.0000 14.92546055    03
SATNET-590-05071 [DTC]
1  2591U 00000A   25274.57408802 .00000000  00000-0 0 000           3
2  2591  55.0000 258.0000 0000000   0.0000  60.0000 14.92546055    01
SATNET-590-05072 [DTC]
1  2592U 00000A   25274.57408802 .00000000  00000-0 0 000           4
2  2592  55.0000 258.0000 0000000   0.0000  66.0000 14.92546055    08
SATNET-590-05073 [DTC]
1  2593U 00000A   25274.57408802 .00000000  00000-0 0 000           5
2  2593  55.0000 258.0000 0000000   0.0000  72.0000 14.92546055    06
SATNET-590-05074 [DTC]
1  2594U 00000A   25274.57408802 .00000000  00000-0 0 000           6
2  2594  55.0000 258.0000 0000000   0.0000  78.0000 14.92546055    03
SATNET-590-05075 [DTC]
1  2595U 00000A   25274.57408802 .00000000  00000-0 0 000           7
2  2595  55.0000 258.0000 0000000   0.0000  84.0000 14.92546055    01
SATNET-590-05076 [DTC]
1  2596U 00000A   25274.57408802 .00000000  00000-0 0 000           8
2  2596  55.0000 258.0000 0000000   0.0000  90.0000 14.92546055    09
SATNET-590-05077 [DTC]
1  2597U 00000A   25274.57408802 .00000000  00000-0 0 000           9
2  2597  55.0000 258.0000 0000000   0.0000  96.0000 14.92546055    06
SATNET-590-05078 [DTC]
1  2598U 00000A   25274.57408802 .00000000  00000-0 0 000           0
2  2598  55.0000 258.0000 0000000   0.0000 102.0000 14.92546055    05
SATNET-590-05079 [DTC]
1  2599U 00000A   25274.57408802 .00000000  00000-0 0 000           1
2  2599  55.0000 258.0000 0000000   0.0000 108.0000 14.92546055    02
SATNET-590-05080 [DTC]
1  2600U 00000A   25274.57408802 .00000000  00000-0 0 000           4
2  2600  55.0000 258.0000 0000000   0.0000 114.0000 14.92546055    02
SATNET-590-05081 [DTC]
1  2601U 00000A   25274.57408802 .00000000  00000-0 0 000           5
2  2601  55.0000 258.0000 0000000   0.0000 120.0000 14.92546055    00
SATNET-590-05082 [DTC]
1  2602U 00000A   25274.57408802 .00000000  00000-0 0 000           6
2  2602  55.0000 258.0000 0000000   0.0000 126.0000 14.92546055    07
SATNET-590-05083 [DTC]
1  2603U 00000A   25274.57408802 .00000000  00000-0 0 000           7
2  2603  55.0000 258.0000 0000000   0.0000 132.0000 14.92546055    05
SATNET-590-05084 [DTC]
1  2604U 00000A   25274.57408802 .00000000  00000-0 0 000           8
2  2604  55.0000 258.0000 0000000   0.0000 138.0000 14.92546055    02
SATNET-590-05085 [DTC]
1  2605U 00000A   25274.57408802 .00000000  00000-0 0 000           9
2  2605  55.0000 258.0000 0000000   0.0000 144.0000 14.92546055    00
SATNET-590-05086 [DTC]
1  2606U 00000A   25274.57408802 .00000000  00000-0 0 000           0
2  2606  55.0000 258.0000 0000000   0.0000 150.0000 14.92546055    08
SATNET-590-05087 [DTC]
1  2607U 00000A   25274.57408802 .00000000  00000-0 0 000           1
2  2607  55.0000 258.0000 0000000   0.0000 156.0000 14.92546055    05
SATNET-590-05088 [DTC]
1  2608U 00000A   25274.57408802 .00000000  00000-0 0 000           2
2  2608  55.0000 258.0000 0000000   0.0000 162.0000 14.92546055    03
SATNET-590-05089 [DTC]
1  2609U 00000A   25274.57408802 .00000000  00000-0 0 000           3
2  2609  55.0000 258.0000 0000000   0.0000 168.0000 14.92546055    00
SATNET-590-05090 [DTC]
1  2610U 00000A   25274.57408802 .00000000  00000-0 0 000           5
2  2610  55.0000 258.0000 0000000   0.0000 174.0000 14.92546055    09
SATNET-590-05091 [DTC]
1  2611U 00000A   25274.57408802 .00000000  00000-0 0 000           6
2  2611  55.0000 258.0000 0000000   0.0000 180.0000 14.92546055    07
SATNET-590-05092 [DTC]
1  2612U 00000A   25274.57408802 .00000000  00000-0 0 000           7
2  2612  55.0000 258.0000 0000000   0.0000 186.0000 14.92546055    04
SATNET-590-05093 [DTC]
1  2613U 00000A   25274.57408802 .00000000  00000-0 0 000           8
2  2613  55.0000 258.0000 0000000   0.0000 192.0000 14.92546055    02
SATNET-590-05094 [DTC]
1  2614U 00000A   25274.57408802 .00000000  00000-0 0 000           9
2  2614  55.0000 258.0000 0000000   0.0000 198.0000 14.92546055    09
SATNET-590-05095 [DTC]
1  2615U 00000A   25274.57408802 .00000000  00000-0 0 000           0
2  2615  55.0000 258.0000 0000000   0.0000 204.0000 14.92546055    08
SATNET-590-05096 [DTC]
1  2616U 00000A   25274.57408802 .00000000  00000-0 0 000           1
2  2616  55.0000 258.0000 0000000   0.0000 210.0000 14.92546055    06
SATNET-590-05097 [DTC]
1  2617U 00000A   25274.57408802 .00000000  00000-0 0 000           2
2  2617  55.0000 258.0000 0000000   0.0000 216.0000 14.92546055    03
SATNET-590-05098 [DTC]
1  2618U 00000A   25274.57408802 .00000000  00000-0 0 000           3
2  2618  55.0000 258.0000 0000000   0.0000 222.0000 14.92546055    01
SATNET-590-05099 [DTC]
1  2619U 00000A   25274.57408802 .00000000  00000-0 0 000           4
2  2619  55.0000 258.0000 0000000   0.0000 228.0000 14.92546055    08
SATNET-590-05100 [DTC]
1  2620U 00000A   25274.57408802 .00000000  00000-0 0 000           6
2  2620  55.0000 258.0000 0000000   0.0000 234.0000 14.92546055    07
SATNET-590-05101 [DTC]
1  2621U 00000A   25274.57408802 .00000000  00000-0 0 000           7
2  2621  55.0000 258.0000 0000000   0.0000 240.0000 14.92546055    05
SATNET-590-05102 [DTC]
1  2622U 00000A   25274.57408802 .00000000  00000-0 0 000           8
2  2622  55.0000 258.0000 0000000   0.0000 246.0000 14.92546055    02
SATNET-590-05103 [DTC]
1  2623U 00000A   25274.57408802 .00000000  00000-0 0 000           9
2  2623  55.0000 258.0000 0000000   0.0000 252.0000 14.92546055    00
SATNET-590-05104 [DTC]
1  2624U 00000A   25274.57408802 .00000000  00000-0 0 000           0
2  2624  55.0000 258.0000 0000000   0.0000 258.0000 14.92546055    07
SATNET-590-05105 [DTC]
1  2625U 00000A   25274.57408802 .00000000  00000-0 0 000           1
2  2625  55.0000 258.0000 0000000   0.0000 264.0000 14.92546055    05
SATNET-590-05106 [DTC]
1  2626U 00000A   25274.57408802 .00000000  00000-0 0 000           2
2  2626  55.0000 258.0000 0000000   0.0000 270.0000 14.92546055    03
SATNET-590-05107 [DTC]
1  2627U 00000A   25274.57408802 .00000000  00000-0 0 000           3
2  2627  55.0000 258.0000 0000000   0.0000 276.0000 14.92546055    00
SATNET-590-05108 [DTC]
1  2628U 00000A   25274.57408802 .00000000  00000-0 0 000           4
2  2628  55.0000 258.0000 0000000   0.0000 282.0000 14.92546055    08
SATNET-590-05109 [DTC]
1  2629U 00000A   25274.57408802 .00000000  00000-0 0 000           5
2  2629  55.0000 258.0000 0000000   0.0000 288.0000 14.92546055    05
SATNET-590-05110 [DTC]
1  2630U 00000A   25274.57408802 .00000000  00000-0 0 000           7
2  2630  55.0000 258.0000 0000000   0.0000 294.0000 14.92546055    04
SATNET-590-05111 [DTC]
1  2631U 00000A   25274.57408802 .00000000  00000-0 0 000           8
2  2631  55.0000 258.0000 0000000   0.0000 300.0000 14.92546055    03
SATNET-590-05112 [DTC]
1  2632U 00000A   25274.57408802 .00000000  00000-0 0 000           9
2  2632  55.0000 258.0000 0000000   0.0000 306.0000 14.92546055    00
SATNET-590-05113 [DTC]
1  2633U 00000A   25274.57408802 .00000000  00000-0 0 000           0
2  2633  55.0000 258.0000 0000000   0.0000 312.0000 14.92546055    08
SATNET-590-05114 [DTC]
1  2634U 00000A   25274.57408802 .00000000  00000-0 0 000           1
2  2634  55.0000 258.0000 0000000   0.0000 318.0000 14.92546055    05
SATNET-590-05115 [DTC]
1  2635U 00000A   25274.57408802 .00000000  00000-0 0 000           2
2  2635  55.0000 258.0000 0000000   0.0000 324.0000 14.92546055    03
SATNET-590-05116 [DTC]
1  2636U 00000A   25274.57408802 .00000000  00000-0 0 000           3
2  2636  55.0000 258.0000 0000000   0.0000 330.0000 14.92546055    01
SATNET-590-05117 [DTC]
1  2637U 00000A   25274.57408802 .00000000  00000-0 0 000           4
2  2637  55.0000 258.0000 0000000   0.0000 336.0000 14.92546055    08
SATNET-590-05118 [DTC]
1  2638U 00000A   25274.57408802 .00000000  00000-0 0 000           5
2  2638  55.0000 258.0000 0000000   0.0000 342.0000 14.92546055    06
SATNET-590-05119 [DTC]
1  2639U 00000A   25274.57408802 .00000000  00000-0 0 000           6
2  2639  55.0000 258.0000 0000000   0.0000 348.0000 14.92546055    03
SATNET-590-05120 [DTC]
1  2640U 00000A   25274.57408802 .00000000  00000-0 0 000           8
2  2640  55.0000 258.0000 0000000   0.0000 354.0000 14.92546055    02
SATNET-590-05121 [DTC]
1  2641U 00000A   25274.57408802 .00000000  00000-0 0 000           9
2  2641  55.0000 264.0000 0000000   0.0000   0.0000 14.92546055    08
SATNET-590-05122 [DTC]
1  2642U 00000A   25274.57408802 .00000000  00000-0 0 000           0
2  2642  55.0000 264.0000 0000000   0.0000   6.0000 14.92546055    05
SATNET-590-05123 [DTC]
1  2643U 00000A   25274.57408802 .00000000  00000-0 0 000           1
2  2643  55.0000 264.0000 0000000   0.0000  12.0000 14.92546055    03
SATNET-590-05124 [DTC]
1  2644U 00000A   25274.57408802 .00000000  00000-0 0 000           2
2  2644  55.0000 264.0000 0000000   0.0000  18.0000 14.92546055    00
SATNET-590-05125 [DTC]
1  2645U 00000A   25274.57408802 .00000000  00000-0 0 000           3
2  2645  55.0000 264.0000 0000000   0.0000  24.0000 14.92546055    08
SATNET-590-05126 [DTC]
1  2646U 00000A   25274.57408802 .00000000  00000-0 0 000           4
2  2646  55.0000 264.0000 0000000   0.0000  30.0000 14.92546055    06
SATNET-590-05127 [DTC]
1  2647U 00000A   25274.57408802 .00000000  00000-0 0 000           5
2  2647  55.0000 264.0000 0000000   0.0000  36.0000 14.92546055    03
SATNET-590-05128 [DTC]
1  2648U 00000A   25274.57408802 .00000000  00000-0 0 000           6
2  2648  55.0000 264.0000 0000000   0.0000  42.0000 14.92546055    01
SATNET-590-05129 [DTC]
1  2649U 00000A   25274.57408802 .00000000  00000-0 0 000           7
2  2649  55.0000 264.0000 0000000   0.0000  48.0000 14.92546055    08
SATNET-590-05130 [DTC]
1  2650U 00000A   25274.57408802 .00000000  00000-0 0 000           9
2  2650  55.0000 264.0000 0000000   0.0000  54.0000 14.92546055    07
SATNET-590-05131 [DTC]
1  2651U 00000A   25274.57408802 .00000000  00000-0 0 000           0
2  2651  55.0000 264.0000 0000000   0.0000  60.0000 14.92546055    05
SATNET-590-05132 [DTC]
1  2652U 00000A   25274.57408802 .00000000  00000-0 0 000           1
2  2652  55.0000 264.0000 0000000   0.0000  66.0000 14.92546055    02
SATNET-590-05133 [DTC]
1  2653U 00000A   25274.57408802 .00000000  00000-0 0 000           2
2  2653  55.0000 264.0000 0000000   0.0000  72.0000 14.92546055    00
SATNET-590-05134 [DTC]
1  2654U 00000A   25274.57408802 .00000000  00000-0 0 000           3
2  2654  55.0000 264.0000 0000000   0.0000  78.0000 14.92546055    07
SATNET-590-05135 [DTC]
1  2655U 00000A   25274.57408802 .00000000  00000-0 0 000           4
2  2655  55.0000 264.0000 0000000   0.0000  84.0000 14.92546055    05
SATNET-590-05136 [DTC]
1  2656U 00000A   25274.57408802 .00000000  00000-0 0 000           5
2  2656  55.0000 264.0000 0000000   0.0000  90.0000 14.92546055    03
SATNET-590-05137 [DTC]
1  2657U 00000A   25274.57408802 .00000000  00000-0 0 000           6
2  2657  55.0000 264.0000 0000000   0.0000  96.0000 14.92546055    00
SATNET-590-05138 [DTC]
1  2658U 00000A   25274.57408802 .00000000  00000-0 0 000           7
2  2658  55.0000 264.0000 0000000   0.0000 102.0000 14.92546055    09
SATNET-590-05139 [DTC]
1  2659U 00000A   25274.57408802 .00000000  00000-0 0 000           8
2  2659  55.0000 264.0000 0000000   0.0000 108.0000 14.92546055    06
SATNET-590-05140 [DTC]
1  2660U 00000A   25274.57408802 .00000000  00000-0 0 000           0
2  2660  55.0000 264.0000 0000000   0.0000 114.0000 14.92546055    05
SATNET-590-05141 [DTC]
1  2661U 00000A   25274.57408802 .00000000  00000-0 0 000           1
2  2661  55.0000 264.0000 0000000   0.0000 120.0000 14.92546055    03
SATNET-590-05142 [DTC]
1  2662U 00000A   25274.57408802 .00000000  00000-0 0 000           2
2  2662  55.0000 264.0000 0000000   0.0000 126.0000 14.92546055    00
SATNET-590-05143 [DTC]
1  2663U 00000A   25274.57408802 .00000000  00000-0 0 000           3
2  2663  55.0000 264.0000 0000000   0.0000 132.0000 14.92546055    08
SATNET-590-05144 [DTC]
1  2664U 00000A   25274.57408802 .00000000  00000-0 0 000           4
2  2664  55.0000 264.0000 0000000   0.0000 138.0000 14.92546055    05
SATNET-590-05145 [DTC]
1  2665U 00000A   25274.57408802 .00000000  00000-0 0 000           5
2  2665  55.0000 264.0000 0000000   0.0000 144.0000 14.92546055    03
SATNET-590-05146 [DTC]
1  2666U 00000A   25274.57408802 .00000000  00000-0 0 000           6
2  2666  55.0000 264.0000 0000000   0.0000 150.0000 14.92546055    01
SATNET-590-05147 [DTC]
1  2667U 00000A   25274.57408802 .00000000  00000-0 0 000           7
2  2667  55.0000 264.0000 0000000   0.0000 156.0000 14.92546055    08
SATNET-590-05148 [DTC]
1  2668U 00000A   25274.57408802 .00000000  00000-0 0 000           8
2  2668  55.0000 264.0000 0000000   0.0000 162.0000 14.92546055    06
SATNET-590-05149 [DTC]
1  2669U 00000A   25274.57408802 .00000000  00000-0 0 000           9
2  2669  55.0000 264.0000 0000000   0.0000 168.0000 14.92546055    03
SATNET-590-05150 [DTC]
1  2670U 00000A   25274.57408802 .00000000  00000-0 0 000           1
2  2670  55.0000 264.0000 0000000   0.0000 174.0000 14.92546055    02
SATNET-590-05151 [DTC]
1  2671U 00000A   25274.57408802 .00000000  00000-0 0 000           2
2  2671  55.0000 264.0000 0000000   0.0000 180.0000 14.92546055    00
SATNET-590-05152 [DTC]
1  2672U 00000A   25274.57408802 .00000000  00000-0 0 000           3
2  2672  55.0000 264.0000 0000000   0.0000 186.0000 14.92546055    07
SATNET-590-05153 [DTC]
1  2673U 00000A   25274.57408802 .00000000  00000-0 0 000           4
2  2673  55.0000 264.0000 0000000   0.0000 192.0000 14.92546055    05
SATNET-590-05154 [DTC]
1  2674U 00000A   25274.57408802 .00000000  00000-0 0 000           5
2  2674  55.0000 264.0000 0000000   0.0000 198.0000 14.92546055    02
SATNET-590-05155 [DTC]
1  2675U 00000A   25274.57408802 .00000000  00000-0 0 000           6
2  2675  55.0000 264.0000 0000000   0.0000 204.0000 14.92546055    01
SATNET-590-05156 [DTC]
1  2676U 00000A   25274.57408802 .00000000  00000-0 0 000           7
2  2676  55.0000 264.0000 0000000   0.0000 210.0000 14.92546055    09
SATNET-590-05157 [DTC]
1  2677U 00000A   25274.57408802 .00000000  00000-0 0 000           8
2  2677  55.0000 264.0000 0000000   0.0000 216.0000 14.92546055    06
SATNET-590-05158 [DTC]
1  2678U 00000A   25274.57408802 .00000000  00000-0 0 000           9
2  2678  55.0000 264.0000 0000000   0.0000 222.0000 14.92546055    04
SATNET-590-05159 [DTC]
1  2679U 00000A   25274.57408802 .00000000  00000-0 0 000           0
2  2679  55.0000 264.0000 0000000   0.0000 228.0000 14.92546055    01
SATNET-590-05160 [DTC]
1  2680U 00000A   25274.57408802 .00000000  00000-0 0 000           2
2  2680  55.0000 264.0000 0000000   0.0000 234.0000 14.92546055    00
SATNET-590-05161 [DTC]
1  2681U 00000A   25274.57408802 .00000000  00000-0 0 000           3
2  2681  55.0000 264.0000 0000000   0.0000 240.0000 14.92546055    08
SATNET-590-05162 [DTC]
1  2682U 00000A   25274.57408802 .00000000  00000-0 0 000           4
2  2682  55.0000 264.0000 0000000   0.0000 246.0000 14.92546055    05
SATNET-590-05163 [DTC]
1  2683U 00000A   25274.57408802 .00000000  00000-0 0 000           5
2  2683  55.0000 264.0000 0000000   0.0000 252.0000 14.92546055    03
SATNET-590-05164 [DTC]
1  2684U 00000A   25274.57408802 .00000000  00000-0 0 000           6
2  2684  55.0000 264.0000 0000000   0.0000 258.0000 14.92546055    00
SATNET-590-05165 [DTC]
1  2685U 00000A   25274.57408802 .00000000  00000-0 0 000           7
2  2685  55.0000 264.0000 0000000   0.0000 264.0000 14.92546055    08
SATNET-590-05166 [DTC]
1  2686U 00000A   25274.57408802 .00000000  00000-0 0 000           8
2  2686  55.0000 264.0000 0000000   0.0000 270.0000 14.92546055    06
SATNET-590-05167 [DTC]
1  2687U 00000A   25274.57408802 .00000000  00000-0 0 000           9
2  2687  55.0000 264.0000 0000000   0.0000 276.0000 14.92546055    03
SATNET-590-05168 [DTC]
1  2688U 00000A   25274.57408802 .00000000  00000-0 0 000           0
2  2688  55.0000 264.0000 0000000   0.0000 282.0000 14.92546055    01
SATNET-590-05169 [DTC]
1  2689U 00000A   25274.57408802 .00000000  00000-0 0 000           1
2  2689  55.0000 264.0000 0000000   0.0000 288.0000 14.92546055    08
SATNET-590-05170 [DTC]
1  2690U 00000A   25274.57408802 .00000000  00000-0 0 000           3
2  2690  55.0000 264.0000 0000000   0.0000 294.0000 14.92546055    07
SATNET-590-05171 [DTC]
1  2691U 00000A   25274.57408802 .00000000  00000-0 0 000           4
2  2691  55.0000 264.0000 0000000   0.0000 300.0000 14.92546055    06
SATNET-590-05172 [DTC]
1  2692U 00000A   25274.57408802 .00000000  00000-0 0 000           5
2  2692  55.0000 264.0000 0000000   0.0000 306.0000 14.92546055    03
SATNET-590-05173 [DTC]
1  2693U 00000A   25274.57408802 .00000000  00000-0 0 000           6
2  2693  55.0000 264.0000 0000000   0.0000 312.0000 14.92546055    01
SATNET-590-05174 [DTC]
1  2694U 00000A   25274.57408802 .00000000  00000-0 0 000           7
2  2694  55.0000 264.0000 0000000   0.0000 318.0000 14.92546055    08
SATNET-590-05175 [DTC]
1  2695U 00000A   25274.57408802 .00000000  00000-0 0 000           8
2  2695  55.0000 264.0000 0000000   0.0000 324.0000 14.92546055    06
SATNET-590-05176 [DTC]
1  2696U 00000A   25274.57408802 .00000000  00000-0 0 000           9
2  2696  55.0000 264.0000 0000000   0.0000 330.0000 14.92546055    04
SATNET-590-05177 [DTC]
1  2697U 00000A   25274.57408802 .00000000  00000-0 0 000           0
2  2697  55.0000 264.0000 0000000   0.0000 336.0000 14.92546055    01
SATNET-590-05178 [DTC]
1  2698U 00000A   25274.57408802 .00000000  00000-0 0 000           1
2  2698  55.0000 264.0000 0000000   0.0000 342.0000 14.92546055    09
SATNET-590-05179 [DTC]
1  2699U 00000A   25274.57408802 .00000000  00000-0 0 000           2
2  2699  55.0000 264.0000 0000000   0.0000 348.0000 14.92546055    06
SATNET-590-05180 [DTC]
1  2700U 00000A   25274.57408802 .00000000  00000-0 0 000           5
2  2700  55.0000 264.0000 0000000   0.0000 354.0000 14.92546055    06
SATNET-590-05181 [DTC]
1  2701U 00000A   25274.57408802 .00000000  00000-0 0 000           6
2  2701  55.0000 270.0000 0000000   0.0000   0.0000 14.92546055    02
SATNET-590-05182 [DTC]
1  2702U 00000A   25274.57408802 .00000000  00000-0 0 000           7
2  2702  55.0000 270.0000 0000000   0.0000   6.0000 14.92546055    09
SATNET-590-05183 [DTC]
1  2703U 00000A   25274.57408802 .00000000  00000-0 0 000           8
2  2703  55.0000 270.0000 0000000   0.0000  12.0000 14.92546055    07
SATNET-590-05184 [DTC]
1  2704U 00000A   25274.57408802 .00000000  00000-0 0 000           9
2  2704  55.0000 270.0000 0000000   0.0000  18.0000 14.92546055    04
SATNET-590-05185 [DTC]
1  2705U 00000A   25274.57408802 .00000000  00000-0 0 000           0
2  2705  55.0000 270.0000 0000000   0.0000  24.0000 14.92546055    02
SATNET-590-05186 [DTC]
1  2706U 00000A   25274.57408802 .00000000  00000-0 0 000           1
2  2706  55.0000 270.0000 0000000   0.0000  30.0000 14.92546055    00
SATNET-590-05187 [DTC]
1  2707U 00000A   25274.57408802 .00000000  00000-0 0 000           2
2  2707  55.0000 270.0000 0000000   0.0000  36.0000 14.92546055    07
SATNET-590-05188 [DTC]
1  2708U 00000A   25274.57408802 .00000000  00000-0 0 000           3
2  2708  55.0000 270.0000 0000000   0.0000  42.0000 14.92546055    05
SATNET-590-05189 [DTC]
1  2709U 00000A   25274.57408802 .00000000  00000-0 0 000           4
2  2709  55.0000 270.0000 0000000   0.0000  48.0000 14.92546055    02
SATNET-590-05190 [DTC]
1  2710U 00000A   25274.57408802 .00000000  00000-0 0 000           6
2  2710  55.0000 270.0000 0000000   0.0000  54.0000 14.92546055    01
SATNET-590-05191 [DTC]
1  2711U 00000A   25274.57408802 .00000000  00000-0 0 000           7
2  2711  55.0000 270.0000 0000000   0.0000  60.0000 14.92546055    09
SATNET-590-05192 [DTC]
1  2712U 00000A   25274.57408802 .00000000  00000-0 0 000           8
2  2712  55.0000 270.0000 0000000   0.0000  66.0000 14.92546055    06
SATNET-590-05193 [DTC]
1  2713U 00000A   25274.57408802 .00000000  00000-0 0 000           9
2  2713  55.0000 270.0000 0000000   0.0000  72.0000 14.92546055    04
SATNET-590-05194 [DTC]
1  2714U 00000A   25274.57408802 .00000000  00000-0 0 000           0
2  2714  55.0000 270.0000 0000000   0.0000  78.0000 14.92546055    01
SATNET-590-05195 [DTC]
1  2715U 00000A   25274.57408802 .00000000  00000-0 0 000           1
2  2715  55.0000 270.0000 0000000   0.0000  84.0000 14.92546055    09
SATNET-590-05196 [DTC]
1  2716U 00000A   25274.57408802 .00000000  00000-0 0 000           2
2  2716  55.0000 270.0000 0000000   0.0000  90.0000 14.92546055    07
SATNET-590-05197 [DTC]
1  2717U 00000A   25274.57408802 .00000000  00000-0 0 000           3
2  2717  55.0000 270.0000 0000000   0.0000  96.0000 14.92546055    04
SATNET-590-05198 [DTC]
1  2718U 00000A   25274.57408802 .00000000  00000-0 0 000           4
2  2718  55.0000 270.0000 0000000   0.0000 102.0000 14.92546055    03
SATNET-590-05199 [DTC]
1  2719U 00000A   25274.57408802 .00000000  00000-0 0 000           5
2  2719  55.0000 270.0000 0000000   0.0000 108.0000 14.92546055    00
SATNET-590-05200 [DTC]
1  2720U 00000A   25274.57408802 .00000000  00000-0 0 000           7
2  2720  55.0000 270.0000 0000000   0.0000 114.0000 14.92546055    09
SATNET-590-05201 [DTC]
1  2721U 00000A   25274.57408802 .00000000  00000-0 0 000           8
2  2721  55.0000 270.0000 0000000   0.0000 120.0000 14.92546055    07
SATNET-590-05202 [DTC]
1  2722U 00000A   25274.57408802 .00000000  00000-0 0 000           9
2  2722  55.0000 270.0000 0000000   0.0000 126.0000 14.92546055    04
SATNET-590-05203 [DTC]
1  2723U 00000A   25274.57408802 .00000000  00000-0 0 000           0
2  2723  55.0000 270.0000 0000000   0.0000 132.0000 14.92546055    02
SATNET-590-05204 [DTC]
1  2724U 00000A   25274.57408802 .00000000  00000-0 0 000           1
2  2724  55.0000 270.0000 0000000   0.0000 138.0000 14.92546055    09
SATNET-590-05205 [DTC]
1  2725U 00000A   25274.57408802 .00000000  00000-0 0 000           2
2  2725  55.0000 270.0000 0000000   0.0000 144.0000 14.92546055    07
SATNET-590-05206 [DTC]
1  2726U 00000A   25274.57408802 .00000000  00000-0 0 000           3
2  2726  55.0000 270.0000 0000000   0.0000 150.0000 14.92546055    05
SATNET-590-05207 [DTC]
1  2727U 00000A   25274.57408802 .00000000  00000-0 0 000           4
2  2727  55.0000 270.0000 0000000   0.0000 156.0000 14.92546055    02
SATNET-590-05208 [DTC]
1  2728U 00000A   25274.57408802 .00000000  00000-0 0 000           5
2  2728  55.0000 270.0000 0000000   0.0000 162.0000 14.92546055    00
SATNET-590-05209 [DTC]
1  2729U 00000A   25274.57408802 .00000000  00000-0 0 000           6
2  2729  55.0000 270.0000 0000000   0.0000 168.0000 14.92546055    07
SATNET-590-05210 [DTC]
1  2730U 00000A   25274.57408802 .00000000  00000-0 0 000           8
2  2730  55.0000 270.0000 0000000   0.0000 174.0000 14.92546055    06
SATNET-590-05211 [DTC]
1  2731U 00000A   25274.57408802 .00000000  00000-0 0 000           9
2  2731  55.0000 270.0000 0000000   0.0000 180.0000 14.92546055    04
SATNET-590-05212 [DTC]
1  2732U 00000A   25274.57408802 .00000000  00000-0 0 000           0
2  2732  55.0000 270.0000 0000000   0.0000 186.0000 14.92546055    01
SATNET-590-05213 [DTC]
1  2733U 00000A   25274.57408802 .00000000  00000-0 0 000           1
2  2733  55.0000 270.0000 0000000   0.0000 192.0000 14.92546055    09
SATNET-590-05214 [DTC]
1  2734U 00000A   25274.57408802 .00000000  00000-0 0 000           2
2  2734  55.0000 270.0000 0000000   0.0000 198.0000 14.92546055    06
SATNET-590-05215 [DTC]
1  2735U 00000A   25274.57408802 .00000000  00000-0 0 000           3
2  2735  55.0000 270.0000 0000000   0.0000 204.0000 14.92546055    05
SATNET-590-05216 [DTC]
1  2736U 00000A   25274.57408802 .00000000  00000-0 0 000           4
2  2736  55.0000 270.0000 0000000   0.0000 210.0000 14.92546055    03
SATNET-590-05217 [DTC]
1  2737U 00000A   25274.57408802 .00000000  00000-0 0 000           5
2  2737  55.0000 270.0000 0000000   0.0000 216.0000 14.92546055    00
SATNET-590-05218 [DTC]
1  2738U 00000A   25274.57408802 .00000000  00000-0 0 000           6
2  2738  55.0000 270.0000 0000000   0.0000 222.0000 14.92546055    08
SATNET-590-05219 [DTC]
1  2739U 00000A   25274.57408802 .00000000  00000-0 0 000           7
2  2739  55.0000 270.0000 0000000   0.0000 228.0000 14.92546055    05
SATNET-590-05220 [DTC]
1  2740U 00000A   25274.57408802 .00000000  00000-0 0 000           9
2  2740  55.0000 270.0000 0000000   0.0000 234.0000 14.92546055    04
SATNET-590-05221 [DTC]
1  2741U 00000A   25274.57408802 .00000000  00000-0 0 000           0
2  2741  55.0000 270.0000 0000000   0.0000 240.0000 14.92546055    02
SATNET-590-05222 [DTC]
1  2742U 00000A   25274.57408802 .00000000  00000-0 0 000           1
2  2742  55.0000 270.0000 0000000   0.0000 246.0000 14.92546055    09
SATNET-590-05223 [DTC]
1  2743U 00000A   25274.57408802 .00000000  00000-0 0 000           2
2  2743  55.0000 270.0000 0000000   0.0000 252.0000 14.92546055    07
SATNET-590-05224 [DTC]
1  2744U 00000A   25274.57408802 .00000000  00000-0 0 000           3
2  2744  55.0000 270.0000 0000000   0.0000 258.0000 14.92546055    04
SATNET-590-05225 [DTC]
1  2745U 00000A   25274.57408802 .00000000  00000-0 0 000           4
2  2745  55.0000 270.0000 0000000   0.0000 264.0000 14.92546055    02
SATNET-590-05226 [DTC]
1  2746U 00000A   25274.57408802 .00000000  00000-0 0 000           5
2  2746  55.0000 270.0000 0000000   0.0000 270.0000 14.92546055    00
SATNET-590-05227 [DTC]
1  2747U 00000A   25274.57408802 .00000000  00000-0 0 000           6
2  2747  55.0000 270.0000 0000000   0.0000 276.0000 14.92546055    07
SATNET-590-05228 [DTC]
1  2748U 00000A   25274.57408802 .00000000  00000-0 0 000           7
2  2748  55.0000 270.0000 0000000   0.0000 282.0000 14.92546055    05
SATNET-590-05229 [DTC]
1  2749U 00000A   25274.57408802 .00000000  00000-0 0 000           8
2  2749  55.0000 270.0000 0000000   0.0000 288.0000 14.92546055    02
SATNET-590-05230 [DTC]
1  2750U 00000A   25274.57408802 .00000000  00000-0 0 000           0
2  2750  55.0000 270.0000 0000000   0.0000 294.0000 14.92546055    01
SATNET-590-05231 [DTC]
1  2751U 00000A   25274.57408802 .00000000  00000-0 0 000           1
2  2751  55.0000 270.0000 0000000   0.0000 300.0000 14.92546055    00
SATNET-590-05232 [DTC]
1  2752U 00000A   25274.57408802 .00000000  00000-0 0 000           2
2  2752  55.0000 270.0000 0000000   0.0000 306.0000 14.92546055    07
SATNET-590-05233 [DTC]
1  2753U 00000A   25274.57408802 .00000000  00000-0 0 000           3
2  2753  55.0000 270.0000 0000000   0.0000 312.0000 14.92546055    05
SATNET-590-05234 [DTC]
1  2754U 00000A   25274.57408802 .00000000  00000-0 0 000           4
2  2754  55.0000 270.0000 0000000   0.0000 318.0000 14.92546055    02
SATNET-590-05235 [DTC]
1  2755U 00000A   25274.57408802 .00000000  00000-0 0 000           5
2  2755  55.0000 270.0000 0000000   0.0000 324.0000 14.92546055    00
SATNET-590-05236 [DTC]
1  2756U 00000A   25274.57408802 .00000000  00000-0 0 000           6
2  2756  55.0000 270.0000 0000000   0.0000 330.0000 14.92546055    08
SATNET-590-05237 [DTC]
1  2757U 00000A   25274.57408802 .00000000  00000-0 0 000           7
2  2757  55.0000 270.0000 0000000   0.0000 336.0000 14.92546055    05
SATNET-590-05238 [DTC]
1  2758U 00000A   25274.57408802 .00000000  00000-0 0 000           8
2  2758  55.0000 270.0000 0000000   0.0000 342.0000 14.92546055    03
SATNET-590-05239 [DTC]
1  2759U 00000A   25274.57408802 .00000000  00000-0 0 000           9
2  2759  55.0000 270.0000 0000000   0.0000 348.0000 14.92546055    00
SATNET-590-05240 [DTC]
1  2760U 00000A   25274.57408802 .00000000  00000-0 0 000           1
2  2760  55.0000 270.0000 0000000   0.0000 354.0000 14.92546055    09
SATNET-590-05241 [DTC]
1  2761U 00000A   25274.57408802 .00000000  00000-0 0 000           2
2  2761  55.0000 276.0000 0000000   0.0000   0.0000 14.92546055    04
SATNET-590-05242 [DTC]
1  2762U 00000A   25274.57408802 .00000000  00000-0 0 000           3
2  2762  55.0000 276.0000 0000000   0.0000   6.0000 14.92546055    01
SATNET-590-05243 [DTC]
1  2763U 00000A   25274.57408802 .00000000  00000-0 0 000           4
2  2763  55.0000 276.0000 0000000   0.0000  12.0000 14.92546055    09
SATNET-590-05244 [DTC]
1  2764U 00000A   25274.57408802 .00000000  00000-0 0 000           5
2  2764  55.0000 276.0000 0000000   0.0000  18.0000 14.92546055    06
SATNET-590-05245 [DTC]
1  2765U 00000A   25274.57408802 .00000000  00000-0 0 000           6
2  2765  55.0000 276.0000 0000000   0.0000  24.0000 14.92546055    04
SATNET-590-05246 [DTC]
1  2766U 00000A   25274.57408802 .00000000  00000-0 0 000           7
2  2766  55.0000 276.0000 0000000   0.0000  30.0000 14.92546055    02
SATNET-590-05247 [DTC]
1  2767U 00000A   25274.57408802 .00000000  00000-0 0 000           8
2  2767  55.0000 276.0000 0000000   0.0000  36.0000 14.92546055    09
SATNET-590-05248 [DTC]
1  2768U 00000A   25274.57408802 .00000000  00000-0 0 000           9
2  2768  55.0000 276.0000 0000000   0.0000  42.0000 14.92546055    07
SATNET-590-05249 [DTC]
1  2769U 00000A   25274.57408802 .00000000  00000-0 0 000           0
2  2769  55.0000 276.0000 0000000   0.0000  48.0000 14.92546055    04
SATNET-590-05250 [DTC]
1  2770U 00000A   25274.57408802 .00000000  00000-0 0 000           2
2  2770  55.0000 276.0000 0000000   0.0000  54.0000 14.92546055    03
SATNET-590-05251 [DTC]
1  2771U 00000A   25274.57408802 .00000000  00000-0 0 000           3
2  2771  55.0000 276.0000 0000000   0.0000  60.0000 14.92546055    01
SATNET-590-05252 [DTC]
1  2772U 00000A   25274.57408802 .00000000  00000-0 0 000           4
2  2772  55.0000 276.0000 0000000   0.0000  66.0000 14.92546055    08
SATNET-590-05253 [DTC]
1  2773U 00000A   25274.57408802 .00000000  00000-0 0 000           5
2  2773  55.0000 276.0000 0000000   0.0000  72.0000 14.92546055    06
SATNET-590-05254 [DTC]
1  2774U 00000A   25274.57408802 .00000000  00000-0 0 000           6
2  2774  55.0000 276.0000 0000000   0.0000  78.0000 14.92546055    03
SATNET-590-05255 [DTC]
1  2775U 00000A   25274.57408802 .00000000  00000-0 0 000           7
2  2775  55.0000 276.0000 0000000   0.0000  84.0000 14.92546055    01
SATNET-590-05256 [DTC]
1  2776U 00000A   25274.57408802 .00000000  00000-0 0 000           8
2  2776  55.0000 276.0000 0000000   0.0000  90.0000 14.92546055    09
SATNET-590-05257 [DTC]
1  2777U 00000A   25274.57408802 .00000000  00000-0 0 000           9
2  2777  55.0000 276.0000 0000000   0.0000  96.0000 14.92546055    06
SATNET-590-05258 [DTC]
1  2778U 00000A   25274.57408802 .00000000  00000-0 0 000           0
2  2778  55.0000 276.0000 0000000   0.0000 102.0000 14.92546055    05
SATNET-590-05259 [DTC]
1  2779U 00000A   25274.57408802 .00000000  00000-0 0 000           1
2  2779  55.0000 276.0000 0000000   0.0000 108.0000 14.92546055    02
SATNET-590-05260 [DTC]
1  2780U 00000A   25274.57408802 .00000000  00000-0 0 000           3
2  2780  55.0000 276.0000 0000000   0.0000 114.0000 14.92546055    01
SATNET-590-05261 [DTC]
1  2781U 00000A   25274.57408802 .00000000  00000-0 0 000           4
2  2781  55.0000 276.0000 0000000   0.0000 120.0000 14.92546055    09
SATNET-590-05262 [DTC]
1  2782U 00000A   25274.57408802 .00000000  00000-0 0 000           5
2  2782  55.0000 276.0000 0000000   0.0000 126.0000 14.92546055    06
SATNET-590-05263 [DTC]
1  2783U 00000A   25274.57408802 .00000000  00000-0 0 000           6
2  2783  55.0000 276.0000 0000000   0.0000 132.0000 14.92546055    04
SATNET-590-05264 [DTC]
1  2784U 00000A   25274.57408802 .00000000  00000-0 0 000           7
2  2784  55.0000 276.0000 0000000   0.0000 138.0000 14.92546055    01
SATNET-590-05265 [DTC]
1  2785U 00000A   25274.57408802 .00000000  00000-0 0 000           8
2  2785  55.0000 276.0000 0000000   0.0000 144.0000 14.92546055    09
SATNET-590-05266 [DTC]
1  2786U 00000A   25274.57408802 .00000000  00000-0 0 000           9
2  2786  55.0000 276.0000 0000000   0.0000 150.0000 14.92546055    07
SATNET-590-05267 [DTC]
1  2787U 00000A   25274.57408802 .00000000  00000-0 0 000           0
2  2787  55.0000 276.0000 0000000   0.0000 156.0000 14.92546055    04
SATNET-590-05268 [DTC]
1  2788U 00000A   25274.57408802 .00000000  00000-0 0 000           1
2  2788  55.0000 276.0000 0000000   0.0000 162.0000 14.92546055    02
SATNET-590-05269 [DTC]
1  2789U 00000A   25274.57408802 .00000000  00000-0 0 000           2
2  2789  55.0000 276.0000 0000000   0.0000 168.0000 14.92546055    09
SATNET-590-05270 [DTC]
1  2790U 00000A   25274.57408802 .00000000  00000-0 0 000           4
2  2790  55.0000 276.0000 0000000   0.0000 174.0000 14.92546055    08
SATNET-590-05271 [DTC]
1  2791U 00000A   25274.57408802 .00000000  00000-0 0 000           5
2  2791  55.0000 276.0000 0000000   0.0000 180.0000 14.92546055    06
SATNET-590-05272 [DTC]
1  2792U 00000A   25274.57408802 .00000000  00000-0 0 000           6
2  2792  55.0000 276.0000 0000000   0.0000 186.0000 14.92546055    03
SATNET-590-05273 [DTC]
1  2793U 00000A   25274.57408802 .00000000  00000-0 0 000           7
2  2793  55.0000 276.0000 0000000   0.0000 192.0000 14.92546055    01
SATNET-590-05274 [DTC]
1  2794U 00000A   25274.57408802 .00000000  00000-0 0 000           8
2  2794  55.0000 276.0000 0000000   0.0000 198.0000 14.92546055    08
SATNET-590-05275 [DTC]
1  2795U 00000A   25274.57408802 .00000000  00000-0 0 000           9
2  2795  55.0000 276.0000 0000000   0.0000 204.0000 14.92546055    07
SATNET-590-05276 [DTC]
1  2796U 00000A   25274.57408802 .00000000  00000-0 0 000           0
2  2796  55.0000 276.0000 0000000   0.0000 210.0000 14.92546055    05
SATNET-590-05277 [DTC]
1  2797U 00000A   25274.57408802 .00000000  00000-0 0 000           1
2  2797  55.0000 276.0000 0000000   0.0000 216.0000 14.92546055    02
SATNET-590-05278 [DTC]
1  2798U 00000A   25274.57408802 .00000000  00000-0 0 000           2
2  2798  55.0000 276.0000 0000000   0.0000 222.0000 14.92546055    00
SATNET-590-05279 [DTC]
1  2799U 00000A   25274.57408802 .00000000  00000-0 0 000           3
2  2799  55.0000 276.0000 0000000   0.0000 228.0000 14.92546055    07
SATNET-590-05280 [DTC]
1  2800U 00000A   25274.57408802 .00000000  00000-0 0 000           6
2  2800  55.0000 276.0000 0000000   0.0000 234.0000 14.92546055    07
SATNET-590-05281 [DTC]
1  2801U 00000A   25274.57408802 .00000000  00000-0 0 000           7
2  2801  55.0000 276.0000 0000000   0.0000 240.0000 14.92546055    05
SATNET-590-05282 [DTC]
1  2802U 00000A   25274.57408802 .00000000  00000-0 0 000           8
2  2802  55.0000 276.0000 0000000   0.0000 246.0000 14.92546055    02
SATNET-590-05283 [DTC]
1  2803U 00000A   25274.57408802 .00000000  00000-0 0 000           9
2  2803  55.0000 276.0000 0000000   0.0000 252.0000 14.92546055    00
SATNET-590-05284 [DTC]
1  2804U 00000A   25274.57408802 .00000000  00000-0 0 000           0
2  2804  55.0000 276.0000 0000000   0.0000 258.0000 14.92546055    07
SATNET-590-05285 [DTC]
1  2805U 00000A   25274.57408802 .00000000  00000-0 0 000           1
2  2805  55.0000 276.0000 0000000   0.0000 264.0000 14.92546055    05
SATNET-590-05286 [DTC]
1  2806U 00000A   25274.57408802 .00000000  00000-0 0 000           2
2  2806  55.0000 276.0000 0000000   0.0000 270.0000 14.92546055    03
SATNET-590-05287 [DTC]
1  2807U 00000A   25274.57408802 .00000000  00000-0 0 000           3
2  2807  55.0000 276.0000 0000000   0.0000 276.0000 14.92546055    00
SATNET-590-05288 [DTC]
1  2808U 00000A   25274.57408802 .00000000  00000-0 0 000           4
2  2808  55.0000 276.0000 0000000   0.0000 282.0000 14.92546055    08
SATNET-590-05289 [DTC]
1  2809U 00000A   25274.57408802 .00000000  00000-0 0 000           5
2  2809  55.0000 276.0000 0000000   0.0000 288.0000 14.92546055    05
SATNET-590-05290 [DTC]
1  2810U 00000A   25274.57408802 .00000000  00000-0 0 000           7
2  2810  55.0000 276.0000 0000000   0.0000 294.0000 14.92546055    04
SATNET-590-05291 [DTC]
1  2811U 00000A   25274.57408802 .00000000  00000-0 0 000           8
2  2811  55.0000 276.0000 0000000   0.0000 300.0000 14.92546055    03
SATNET-590-05292 [DTC]
1  2812U 00000A   25274.57408802 .00000000  00000-0 0 000           9
2  2812  55.0000 276.0000 0000000   0.0000 306.0000 14.92546055    00
SATNET-590-05293 [DTC]
1  2813U 00000A   25274.57408802 .00000000  00000-0 0 000           0
2  2813  55.0000 276.0000 0000000   0.0000 312.0000 14.92546055    08
SATNET-590-05294 [DTC]
1  2814U 00000A   25274.57408802 .00000000  00000-0 0 000           1
2  2814  55.0000 276.0000 0000000   0.0000 318.0000 14.92546055    05
SATNET-590-05295 [DTC]
1  2815U 00000A   25274.57408802 .00000000  00000-0 0 000           2
2  2815  55.0000 276.0000 0000000   0.0000 324.0000 14.92546055    03
SATNET-590-05296 [DTC]
1  2816U 00000A   25274.57408802 .00000000  00000-0 0 000           3
2  2816  55.0000 276.0000 0000000   0.0000 330.0000 14.92546055    01
SATNET-590-05297 [DTC]
1  2817U 00000A   25274.57408802 .00000000  00000-0 0 000           4
2  2817  55.0000 276.0000 0000000   0.0000 336.0000 14.92546055    08
SATNET-590-05298 [DTC]
1  2818U 00000A   25274.57408802 .00000000  00000-0 0 000           5
2  2818  55.0000 276.0000 0000000   0.0000 342.0000 14.92546055    06
SATNET-590-05299 [DTC]
1  2819U 00000A   25274.57408802 .00000000  00000-0 0 000           6
2  2819  55.0000 276.0000 0000000   0.0000 348.0000 14.92546055    03
SATNET-590-05300 [DTC]
1  2820U 00000A   25274.57408802 .00000000  00000-0 0 000           8
2  2820  55.0000 276.0000 0000000   0.0000 354.0000 14.92546055    02
SATNET-590-05301 [DTC]
1  2821U 00000A   25274.57408802 .00000000  00000-0 0 000           9
2  2821  55.0000 282.0000 0000000   0.0000   0.0000 14.92546055    08
SATNET-590-05302 [DTC]
1  2822U 00000A   25274.57408802 .00000000  00000-0 0 000           0
2  2822  55.0000 282.0000 0000000   0.0000   6.0000 14.92546055    05
SATNET-590-05303 [DTC]
1  2823U 00000A   25274.57408802 .00000000  00000-0 0 000           1
2  2823  55.0000 282.0000 0000000   0.0000  12.0000 14.92546055    03
SATNET-590-05304 [DTC]
1  2824U 00000A   25274.57408802 .00000000  00000-0 0 000           2
2  2824  55.0000 282.0000 0000000   0.0000  18.0000 14.92546055    00
SATNET-590-05305 [DTC]
1  2825U 00000A   25274.57408802 .00000000  00000-0 0 000           3
2  2825  55.0000 282.0000 0000000   0.0000  24.0000 14.92546055    08
SATNET-590-05306 [DTC]
1  2826U 00000A   25274.57408802 .00000000  00000-0 0 000           4
2  2826  55.0000 282.0000 0000000   0.0000  30.0000 14.92546055    06
SATNET-590-05307 [DTC]
1  2827U 00000A   25274.57408802 .00000000  00000-0 0 000           5
2  2827  55.0000 282.0000 0000000   0.0000  36.0000 14.92546055    03
SATNET-590-05308 [DTC]
1  2828U 00000A   25274.57408802 .00000000  00000-0 0 000           6
2  2828  55.0000 282.0000 0000000   0.0000  42.0000 14.92546055    01
SATNET-590-05309 [DTC]
1  2829U 00000A   25274.57408802 .00000000  00000-0 0 000           7
2  2829  55.0000 282.0000 0000000   0.0000  48.0000 14.92546055    08
SATNET-590-05310 [DTC]
1  2830U 00000A   25274.57408802 .00000000  00000-0 0 000           9
2  2830  55.0000 282.0000 0000000   0.0000  54.0000 14.92546055    07
SATNET-590-05311 [DTC]
1  2831U 00000A   25274.57408802 .00000000  00000-0 0 000           0
2  2831  55.0000 282.0000 0000000   0.0000  60.0000 14.92546055    05
SATNET-590-05312 [DTC]
1  2832U 00000A   25274.57408802 .00000000  00000-0 0 000           1
2  2832  55.0000 282.0000 0000000   0.0000  66.0000 14.92546055    02
SATNET-590-05313 [DTC]
1  2833U 00000A   25274.57408802 .00000000  00000-0 0 000           2
2  2833  55.0000 282.0000 0000000   0.0000  72.0000 14.92546055    00
SATNET-590-05314 [DTC]
1  2834U 00000A   25274.57408802 .00000000  00000-0 0 000           3
2  2834  55.0000 282.0000 0000000   0.0000  78.0000 14.92546055    07
SATNET-590-05315 [DTC]
1  2835U 00000A   25274.57408802 .00000000  00000-0 0 000           4
2  2835  55.0000 282.0000 0000000   0.0000  84.0000 14.92546055    05
SATNET-590-05316 [DTC]
1  2836U 00000A   25274.57408802 .00000000  00000-0 0 000           5
2  2836  55.0000 282.0000 0000000   0.0000  90.0000 14.92546055    03
SATNET-590-05317 [DTC]
1  2837U 00000A   25274.57408802 .00000000  00000-0 0 000           6
2  2837  55.0000 282.0000 0000000   0.0000  96.0000 14.92546055    00
SATNET-590-05318 [DTC]
1  2838U 00000A   25274.57408802 .00000000  00000-0 0 000           7
2  2838  55.0000 282.0000 0000000   0.0000 102.0000 14.92546055    09
SATNET-590-05319 [DTC]
1  2839U 00000A   25274.57408802 .00000000  00000-0 0 000           8
2  2839  55.0000 282.0000 0000000   0.0000 108.0000 14.92546055    06
SATNET-590-05320 [DTC]
1  2840U 00000A   25274.57408802 .00000000  00000-0 0 000           0
2  2840  55.0000 282.0000 0000000   0.0000 114.0000 14.92546055    05
SATNET-590-05321 [DTC]
1  2841U 00000A   25274.57408802 .00000000  00000-0 0 000           1
2  2841  55.0000 282.0000 0000000   0.0000 120.0000 14.92546055    03
SATNET-590-05322 [DTC]
1  2842U 00000A   25274.57408802 .00000000  00000-0 0 000           2
2  2842  55.0000 282.0000 0000000   0.0000 126.0000 14.92546055    00
SATNET-590-05323 [DTC]
1  2843U 00000A   25274.57408802 .00000000  00000-0 0 000           3
2  2843  55.0000 282.0000 0000000   0.0000 132.0000 14.92546055    08
SATNET-590-05324 [DTC]
1  2844U 00000A   25274.57408802 .00000000  00000-0 0 000           4
2  2844  55.0000 282.0000 0000000   0.0000 138.0000 14.92546055    05
SATNET-590-05325 [DTC]
1  2845U 00000A   25274.57408802 .00000000  00000-0 0 000           5
2  2845  55.0000 282.0000 0000000   0.0000 144.0000 14.92546055    03
SATNET-590-05326 [DTC]
1  2846U 00000A   25274.57408802 .00000000  00000-0 0 000           6
2  2846  55.0000 282.0000 0000000   0.0000 150.0000 14.92546055    01
SATNET-590-05327 [DTC]
1  2847U 00000A   25274.57408802 .00000000  00000-0 0 000           7
2  2847  55.0000 282.0000 0000000   0.0000 156.0000 14.92546055    08
SATNET-590-05328 [DTC]
1  2848U 00000A   25274.57408802 .00000000  00000-0 0 000           8
2  2848  55.0000 282.0000 0000000   0.0000 162.0000 14.92546055    06
SATNET-590-05329 [DTC]
1  2849U 00000A   25274.57408802 .00000000  00000-0 0 000           9
2  2849  55.0000 282.0000 0000000   0.0000 168.0000 14.92546055    03
SATNET-590-05330 [DTC]
1  2850U 00000A   25274.57408802 .00000000  00000-0 0 000           1
2  2850  55.0000 282.0000 0000000   0.0000 174.0000 14.92546055    02
SATNET-590-05331 [DTC]
1  2851U 00000A   25274.57408802 .00000000  00000-0 0 000           2
2  2851  55.0000 282.0000 0000000   0.0000 180.0000 14.92546055    00
SATNET-590-05332 [DTC]
1  2852U 00000A   25274.57408802 .00000000  00000-0 0 000           3
2  2852  55.0000 282.0000 0000000   0.0000 186.0000 14.92546055    07
SATNET-590-05333 [DTC]
1  2853U 00000A   25274.57408802 .00000000  00000-0 0 000           4
2  2853  55.0000 282.0000 0000000   0.0000 192.0000 14.92546055    05
SATNET-590-05334 [DTC]
1  2854U 00000A   25274.57408802 .00000000  00000-0 0 000           5
2  2854  55.0000 282.0000 0000000   0.0000 198.0000 14.92546055    02
SATNET-590-05335 [DTC]
1  2855U 00000A   25274.57408802 .00000000  00000-0 0 000           6
2  2855  55.0000 282.0000 0000000   0.0000 204.0000 14.92546055    01
SATNET-590-05336 [DTC]
1  2856U 00000A   25274.57408802 .00000000  00000-0 0 000           7
2  2856  55.0000 282.0000 0000000   0.0000 210.0000 14.92546055    09
SATNET-590-05337 [DTC]
1  2857U 00000A   25274.57408802 .00000000  00000-0 0 000           8
2  2857  55.0000 282.0000 0000000   0.0000 216.0000 14.92546055    06
SATNET-590-05338 [DTC]
1  2858U 00000A   25274.57408802 .00000000  00000-0 0 000           9
2  2858  55.0000 282.0000 0000000   0.0000 222.0000 14.92546055    04
SATNET-590-05339 [DTC]
1  2859U 00000A   25274.57408802 .00000000  00000-0 0 000           0
2  2859  55.0000 282.0000 0000000   0.0000 228.0000 14.92546055    01
SATNET-590-05340 [DTC]
1  2860U 00000A   25274.57408802 .00000000  00000-0 0 000           2
2  2860  55.0000 282.0000 0000000   0.0000 234.0000 14.92546055    00
SATNET-590-05341 [DTC]
1  2861U 00000A   25274.57408802 .00000000  00000-0 0 000           3
2  2861  55.0000 282.0000 0000000   0.0000 240.0000 14.92546055    08
SATNET-590-05342 [DTC]
1  2862U 00000A   25274.57408802 .00000000  00000-0 0 000           4
2  2862  55.0000 282.0000 0000000   0.0000 246.0000 14.92546055    05
SATNET-590-05343 [DTC]
1  2863U 00000A   25274.57408802 .00000000  00000-0 0 000           5
2  2863  55.0000 282.0000 0000000   0.0000 252.0000 14.92546055    03
SATNET-590-05344 [DTC]
1  2864U 00000A   25274.57408802 .00000000  00000-0 0 000           6
2  2864  55.0000 282.0000 0000000   0.0000 258.0000 14.92546055    00
SATNET-590-05345 [DTC]
1  2865U 00000A   25274.57408802 .00000000  00000-0 0 000           7
2  2865  55.0000 282.0000 0000000   0.0000 264.0000 14.92546055    08
SATNET-590-05346 [DTC]
1  2866U 00000A   25274.57408802 .00000000  00000-0 0 000           8
2  2866  55.0000 282.0000 0000000   0.0000 270.0000 14.92546055    06
SATNET-590-05347 [DTC]
1  2867U 00000A   25274.57408802 .00000000  00000-0 0 000           9
2  2867  55.0000 282.0000 0000000   0.0000 276.0000 14.92546055    03
SATNET-590-05348 [DTC]
1  2868U 00000A   25274.57408802 .00000000  00000-0 0 000           0
2  2868  55.0000 282.0000 0000000   0.0000 282.0000 14.92546055    01
SATNET-590-05349 [DTC]
1  2869U 00000A   25274.57408802 .00000000  00000-0 0 000           1
2  2869  55.0000 282.0000 0000000   0.0000 288.0000 14.92546055    08
SATNET-590-05350 [DTC]
1  2870U 00000A   25274.57408802 .00000000  00000-0 0 000           3
2  2870  55.0000 282.0000 0000000   0.0000 294.0000 14.92546055    07
SATNET-590-05351 [DTC]
1  2871U 00000A   25274.57408802 .00000000  00000-0 0 000           4
2  2871  55.0000 282.0000 0000000   0.0000 300.0000 14.92546055    06
SATNET-590-05352 [DTC]
1  2872U 00000A   25274.57408802 .00000000  00000-0 0 000           5
2  2872  55.0000 282.0000 0000000   0.0000 306.0000 14.92546055    03
SATNET-590-05353 [DTC]
1  2873U 00000A   25274.57408802 .00000000  00000-0 0 000           6
2  2873  55.0000 282.0000 0000000   0.0000 312.0000 14.92546055    01
SATNET-590-05354 [DTC]
1  2874U 00000A   25274.57408802 .00000000  00000-0 0 000           7
2  2874  55.0000 282.0000 0000000   0.0000 318.0000 14.92546055    08
SATNET-590-05355 [DTC]
1  2875U 00000A   25274.57408802 .00000000  00000-0 0 000           8
2  2875  55.0000 282.0000 0000000   0.0000 324.0000 14.92546055    06
SATNET-590-05356 [DTC]
1  2876U 00000A   25274.57408802 .00000000  00000-0 0 000           9
2  2876  55.0000 282.0000 0000000   0.0000 330.0000 14.92546055    04
SATNET-590-05357 [DTC]
1  2877U 00000A   25274.57408802 .00000000  00000-0 0 000           0
2  2877  55.0000 282.0000 0000000   0.0000 336.0000 14.92546055    01
SATNET-590-05358 [DTC]
1  2878U 00000A   25274.57408802 .00000000  00000-0 0 000           1
2  2878  55.0000 282.0000 0000000   0.0000 342.0000 14.92546055    09
SATNET-590-05359 [DTC]
1  2879U 00000A   25274.57408802 .00000000  00000-0 0 000           2
2  2879  55.0000 282.0000 0000000   0.0000 348.0000 14.92546055    06
SATNET-590-05360 [DTC]
1  2880U 00000A   25274.57408802 .00000000  00000-0 0 000           4
2  2880  55.0000 282.0000 0000000   0.0000 354.0000 14.92546055    05
SATNET-590-05361 [DTC]
1  2881U 00000A   25274.57408802 .00000000  00000-0 0 000           5
2  2881  55.0000 288.0000 0000000   0.0000   0.0000 14.92546055    00
SATNET-590-05362 [DTC]
1  2882U 00000A   25274.57408802 .00000000  00000-0 0 000           6
2  2882  55.0000 288.0000 0000000   0.0000   6.0000 14.92546055    07
SATNET-590-05363 [DTC]
1  2883U 00000A   25274.57408802 .00000000  00000-0 0 000           7
2  2883  55.0000 288.0000 0000000   0.0000  12.0000 14.92546055    05
SATNET-590-05364 [DTC]
1  2884U 00000A   25274.57408802 .00000000  00000-0 0 000           8
2  2884  55.0000 288.0000 0000000   0.0000  18.0000 14.92546055    02
SATNET-590-05365 [DTC]
1  2885U 00000A   25274.57408802 .00000000  00000-0 0 000           9
2  2885  55.0000 288.0000 0000000   0.0000  24.0000 14.92546055    00
SATNET-590-05366 [DTC]
1  2886U 00000A   25274.57408802 .00000000  00000-0 0 000           0
2  2886  55.0000 288.0000 0000000   0.0000  30.0000 14.92546055    08
SATNET-590-05367 [DTC]
1  2887U 00000A   25274.57408802 .00000000  00000-0 0 000           1
2  2887  55.0000 288.0000 0000000   0.0000  36.0000 14.92546055    05
SATNET-590-05368 [DTC]
1  2888U 00000A   25274.57408802 .00000000  00000-0 0 000           2
2  2888  55.0000 288.0000 0000000   0.0000  42.0000 14.92546055    03
SATNET-590-05369 [DTC]
1  2889U 00000A   25274.57408802 .00000000  00000-0 0 000           3
2  2889  55.0000 288.0000 0000000   0.0000  48.0000 14.92546055    00
SATNET-590-05370 [DTC]
1  2890U 00000A   25274.57408802 .00000000  00000-0 0 000           5
2  2890  55.0000 288.0000 0000000   0.0000  54.0000 14.92546055    09
SATNET-590-05371 [DTC]
1  2891U 00000A   25274.57408802 .00000000  00000-0 0 000           6
2  2891  55.0000 288.0000 0000000   0.0000  60.0000 14.92546055    07
SATNET-590-05372 [DTC]
1  2892U 00000A   25274.57408802 .00000000  00000-0 0 000           7
2  2892  55.0000 288.0000 0000000   0.0000  66.0000 14.92546055    04
SATNET-590-05373 [DTC]
1  2893U 00000A   25274.57408802 .00000000  00000-0 0 000           8
2  2893  55.0000 288.0000 0000000   0.0000  72.0000 14.92546055    02
SATNET-590-05374 [DTC]
1  2894U 00000A   25274.57408802 .00000000  00000-0 0 000           9
2  2894  55.0000 288.0000 0000000   0.0000  78.0000 14.92546055    09
SATNET-590-05375 [DTC]
1  2895U 00000A   25274.57408802 .00000000  00000-0 0 000           0
2  2895  55.0000 288.0000 0000000   0.0000  84.0000 14.92546055    07
SATNET-590-05376 [DTC]
1  2896U 00000A   25274.57408802 .00000000  00000-0 0 000           1
2  2896  55.0000 288.0000 0000000   0.0000  90.0000 14.92546055    05
SATNET-590-05377 [DTC]
1  2897U 00000A   25274.57408802 .00000000  00000-0 0 000           2
2  2897  55.0000 288.0000 0000000   0.0000  96.0000 14.92546055    02
SATNET-590-05378 [DTC]
1  2898U 00000A   25274.57408802 .00000000  00000-0 0 000           3
2  2898  55.0000 288.0000 0000000   0.0000 102.0000 14.92546055    01
SATNET-590-05379 [DTC]
1  2899U 00000A   25274.57408802 .00000000  00000-0 0 000           4
2  2899  55.0000 288.0000 0000000   0.0000 108.0000 14.92546055    08
SATNET-590-05380 [DTC]
1  2900U 00000A   25274.57408802 .00000000  00000-0 0 000           7
2  2900  55.0000 288.0000 0000000   0.0000 114.0000 14.92546055    08
SATNET-590-05381 [DTC]
1  2901U 00000A   25274.57408802 .00000000  00000-0 0 000           8
2  2901  55.0000 288.0000 0000000   0.0000 120.0000 14.92546055    06
SATNET-590-05382 [DTC]
1  2902U 00000A   25274.57408802 .00000000  00000-0 0 000           9
2  2902  55.0000 288.0000 0000000   0.0000 126.0000 14.92546055    03
SATNET-590-05383 [DTC]
1  2903U 00000A   25274.57408802 .00000000  00000-0 0 000           0
2  2903  55.0000 288.0000 0000000   0.0000 132.0000 14.92546055    01
SATNET-590-05384 [DTC]
1  2904U 00000A   25274.57408802 .00000000  00000-0 0 000           1
2  2904  55.0000 288.0000 0000000   0.0000 138.0000 14.92546055    08
SATNET-590-05385 [DTC]
1  2905U 00000A   25274.57408802 .00000000  00000-0 0 000           2
2  2905  55.0000 288.0000 0000000   0.0000 144.0000 14.92546055    06
SATNET-590-05386 [DTC]
1  2906U 00000A   25274.57408802 .00000000  00000-0 0 000           3
2  2906  55.0000 288.0000 0000000   0.0000 150.0000 14.92546055    04
SATNET-590-05387 [DTC]
1  2907U 00000A   25274.57408802 .00000000  00000-0 0 000           4
2  2907  55.0000 288.0000 0000000   0.0000 156.0000 14.92546055    01
SATNET-590-05388 [DTC]
1  2908U 00000A   25274.57408802 .00000000  00000-0 0 000           5
2  2908  55.0000 288.0000 0000000   0.0000 162.0000 14.92546055    09
SATNET-590-05389 [DTC]
1  2909U 00000A   25274.57408802 .00000000  00000-0 0 000           6
2  2909  55.0000 288.0000 0000000   0.0000 168.0000 14.92546055    06
SATNET-590-05390 [DTC]
1  2910U 00000A   25274.57408802 .00000000  00000-0 0 000           8
2  2910  55.0000 288.0000 0000000   0.0000 174.0000 14.92546055    05
SATNET-590-05391 [DTC]
1  2911U 00000A   25274.57408802 .00000000  00000-0 0 000           9
2  2911  55.0000 288.0000 0000000   0.0000 180.0000 14.92546055    03
SATNET-590-05392 [DTC]
1  2912U 00000A   25274.57408802 .00000000  00000-0 0 000           0
2  2912  55.0000 288.0000 0000000   0.0000 186.0000 14.92546055    00
SATNET-590-05393 [DTC]
1  2913U 00000A   25274.57408802 .00000000  00000-0 0 000           1
2  2913  55.0000 288.0000 0000000   0.0000 192.0000 14.92546055    08
SATNET-590-05394 [DTC]
1  2914U 00000A   25274.57408802 .00000000  00000-0 0 000           2
2  2914  55.0000 288.0000 0000000   0.0000 198.0000 14.92546055    05
SATNET-590-05395 [DTC]
1  2915U 00000A   25274.57408802 .00000000  00000-0 0 000           3
2  2915  55.0000 288.0000 0000000   0.0000 204.0000 14.92546055    04
SATNET-590-05396 [DTC]
1  2916U 00000A   25274.57408802 .00000000  00000-0 0 000           4
2  2916  55.0000 288.0000 0000000   0.0000 210.0000 14.92546055    02
SATNET-590-05397 [DTC]
1  2917U 00000A   25274.57408802 .00000000  00000-0 0 000           5
2  2917  55.0000 288.0000 0000000   0.0000 216.0000 14.92546055    09
SATNET-590-05398 [DTC]
1  2918U 00000A   25274.57408802 .00000000  00000-0 0 000           6
2  2918  55.0000 288.0000 0000000   0.0000 222.0000 14.92546055    07
SATNET-590-05399 [DTC]
1  2919U 00000A   25274.57408802 .00000000  00000-0 0 000           7
2  2919  55.0000 288.0000 0000000   0.0000 228.0000 14.92546055    04
SATNET-590-05400 [DTC]
1  2920U 00000A   25274.57408802 .00000000  00000-0 0 000           9
2  2920  55.0000 288.0000 0000000   0.0000 234.0000 14.92546055    03
SATNET-590-05401 [DTC]
1  2921U 00000A   25274.57408802 .00000000  00000-0 0 000           0
2  2921  55.0000 288.0000 0000000   0.0000 240.0000 14.92546055    01
SATNET-590-05402 [DTC]
1  2922U 00000A   25274.57408802 .00000000  00000-0 0 000           1
2  2922  55.0000 288.0000 0000000   0.0000 246.0000 14.92546055    08
SATNET-590-05403 [DTC]
1  2923U 00000A   25274.57408802 .00000000  00000-0 0 000           2
2  2923  55.0000 288.0000 0000000   0.0000 252.0000 14.92546055    06
SATNET-590-05404 [DTC]
1  2924U 00000A   25274.57408802 .00000000  00000-0 0 000           3
2  2924  55.0000 288.0000 0000000   0.0000 258.0000 14.92546055    03
SATNET-590-05405 [DTC]
1  2925U 00000A   25274.57408802 .00000000  00000-0 0 000           4
2  2925  55.0000 288.0000 0000000   0.0000 264.0000 14.92546055    01
SATNET-590-05406 [DTC]
1  2926U 00000A   25274.57408802 .00000000  00000-0 0 000           5
2  2926  55.0000 288.0000 0000000   0.0000 270.0000 14.92546055    09
SATNET-590-05407 [DTC]
1  2927U 00000A   25274.57408802 .00000000  00000-0 0 000           6
2  2927  55.0000 288.0000 0000000   0.0000 276.0000 14.92546055    06
SATNET-590-05408 [DTC]
1  2928U 00000A   25274.57408802 .00000000  00000-0 0 000           7
2  2928  55.0000 288.0000 0000000   0.0000 282.0000 14.92546055    04
SATNET-590-05409 [DTC]
1  2929U 00000A   25274.57408802 .00000000  00000-0 0 000           8
2  2929  55.0000 288.0000 0000000   0.0000 288.0000 14.92546055    01
SATNET-590-05410 [DTC]
1  2930U 00000A   25274.57408802 .00000000  00000-0 0 000           0
2  2930  55.0000 288.0000 0000000   0.0000 294.0000 14.92546055    00
SATNET-590-05411 [DTC]
1  2931U 00000A   25274.57408802 .00000000  00000-0 0 000           1
2  2931  55.0000 288.0000 0000000   0.0000 300.0000 14.92546055    09
SATNET-590-05412 [DTC]
1  2932U 00000A   25274.57408802 .00000000  00000-0 0 000           2
2  2932  55.0000 288.0000 0000000   0.0000 306.0000 14.92546055    06
SATNET-590-05413 [DTC]
1  2933U 00000A   25274.57408802 .00000000  00000-0 0 000           3
2  2933  55.0000 288.0000 0000000   0.0000 312.0000 14.92546055    04
SATNET-590-05414 [DTC]
1  2934U 00000A   25274.57408802 .00000000  00000-0 0 000           4
2  2934  55.0000 288.0000 0000000   0.0000 318.0000 14.92546055    01
SATNET-590-05415 [DTC]
1  2935U 00000A   25274.57408802 .00000000  00000-0 0 000           5
2  2935  55.0000 288.0000 0000000   0.0000 324.0000 14.92546055    09
SATNET-590-05416 [DTC]
1  2936U 00000A   25274.57408802 .00000000  00000-0 0 000           6
2  2936  55.0000 288.0000 0000000   0.0000 330.0000 14.92546055    07
SATNET-590-05417 [DTC]
1  2937U 00000A   25274.57408802 .00000000  00000-0 0 000           7
2  2937  55.0000 288.0000 0000000   0.0000 336.0000 14.92546055    04
SATNET-590-05418 [DTC]
1  2938U 00000A   25274.57408802 .00000000  00000-0 0 000           8
2  2938  55.0000 288.0000 0000000   0.0000 342.0000 14.92546055    02
SATNET-590-05419 [DTC]
1  2939U 00000A   25274.57408802 .00000000  00000-0 0 000           9
2  2939  55.0000 288.0000 0000000   0.0000 348.0000 14.92546055    09
SATNET-590-05420 [DTC]
1  2940U 00000A   25274.57408802 .00000000  00000-0 0 000           1
2  2940  55.0000 288.0000 0000000   0.0000 354.0000 14.92546055    08
SATNET-590-05421 [DTC]
1  2941U 00000A   25274.57408802 .00000000  00000-0 0 000           2
2  2941  55.0000 294.0000 0000000   0.0000   0.0000 14.92546055    04
SATNET-590-05422 [DTC]
1  2942U 00000A   25274.57408802 .00000000  00000-0 0 000           3
2  2942  55.0000 294.0000 0000000   0.0000   6.0000 14.92546055    01
SATNET-590-05423 [DTC]
1  2943U 00000A   25274.57408802 .00000000  00000-0 0 000           4
2  2943  55.0000 294.0000 0000000   0.0000  12.0000 14.92546055    09
SATNET-590-05424 [DTC]
1  2944U 00000A   25274.57408802 .00000000  00000-0 0 000           5
2  2944  55.0000 294.0000 0000000   0.0000  18.0000 14.92546055    06
SATNET-590-05425 [DTC]
1  2945U 00000A   25274.57408802 .00000000  00000-0 0 000           6
2  2945  55.0000 294.0000 0000000   0.0000  24.0000 14.92546055    04
SATNET-590-05426 [DTC]
1  2946U 00000A   25274.57408802 .00000000  00000-0 0 000           7
2  2946  55.0000 294.0000 0000000   0.0000  30.0000 14.92546055    02
SATNET-590-05427 [DTC]
1  2947U 00000A   25274.57408802 .00000000  00000-0 0 000           8
2  2947  55.0000 294.0000 0000000   0.0000  36.0000 14.92546055    09
SATNET-590-05428 [DTC]
1  2948U 00000A   25274.57408802 .00000000  00000-0 0 000           9
2  2948  55.0000 294.0000 0000000   0.0000  42.0000 14.92546055    07
SATNET-590-05429 [DTC]
1  2949U 00000A   25274.57408802 .00000000  00000-0 0 000           0
2  2949  55.0000 294.0000 0000000   0.0000  48.0000 14.92546055    04
SATNET-590-05430 [DTC]
1  2950U 00000A   25274.57408802 .00000000  00000-0 0 000           2
2  2950  55.0000 294.0000 0000000   0.0000  54.0000 14.92546055    03
SATNET-590-05431 [DTC]
1  2951U 00000A   25274.57408802 .00000000  00000-0 0 000           3
2  2951  55.0000 294.0000 0000000   0.0000  60.0000 14.92546055    01
SATNET-590-05432 [DTC]
1  2952U 00000A   25274.57408802 .00000000  00000-0 0 000           4
2  2952  55.0000 294.0000 0000000   0.0000  66.0000 14.92546055    08
SATNET-590-05433 [DTC]
1  2953U 00000A   25274.57408802 .00000000  00000-0 0 000           5
2  2953  55.0000 294.0000 0000000   0.0000  72.0000 14.92546055    06
SATNET-590-05434 [DTC]
1  2954U 00000A   25274.57408802 .00000000  00000-0 0 000           6
2  2954  55.0000 294.0000 0000000   0.0000  78.0000 14.92546055    03
SATNET-590-05435 [DTC]
1  2955U 00000A   25274.57408802 .00000000  00000-0 0 000           7
2  2955  55.0000 294.0000 0000000   0.0000  84.0000 14.92546055    01
SATNET-590-05436 [DTC]
1  2956U 00000A   25274.57408802 .00000000  00000-0 0 000           8
2  2956  55.0000 294.0000 0000000   0.0000  90.0000 14.92546055    09
SATNET-590-05437 [DTC]
1  2957U 00000A   25274.57408802 .00000000  00000-0 0 000           9
2  2957  55.0000 294.0000 0000000   0.0000  96.0000 14.92546055    06
SATNET-590-05438 [DTC]
1  2958U 00000A   25274.57408802 .00000000  00000-0 0 000           0
2  2958  55.0000 294.0000 0000000   0.0000 102.0000 14.92546055    05
SATNET-590-05439 [DTC]
1  2959U 00000A   25274.57408802 .00000000  00000-0 0 000           1
2  2959  55.0000 294.0000 0000000   0.0000 108.0000 14.92546055    02
SATNET-590-05440 [DTC]
1  2960U 00000A   25274.57408802 .00000000  00000-0 0 000           3
2  2960  55.0000 294.0000 0000000   0.0000 114.0000 14.92546055    01
SATNET-590-05441 [DTC]
1  2961U 00000A   25274.57408802 .00000000  00000-0 0 000           4
2  2961  55.0000 294.0000 0000000   0.0000 120.0000 14.92546055    09
SATNET-590-05442 [DTC]
1  2962U 00000A   25274.57408802 .00000000  00000-0 0 000           5
2  2962  55.0000 294.0000 0000000   0.0000 126.0000 14.92546055    06
SATNET-590-05443 [DTC]
1  2963U 00000A   25274.57408802 .00000000  00000-0 0 000           6
2  2963  55.0000 294.0000 0000000   0.0000 132.0000 14.92546055    04
SATNET-590-05444 [DTC]
1  2964U 00000A   25274.57408802 .00000000  00000-0 0 000           7
2  2964  55.0000 294.0000 0000000   0.0000 138.0000 14.92546055    01
SATNET-590-05445 [DTC]
1  2965U 00000A   25274.57408802 .00000000  00000-0 0 000           8
2  2965  55.0000 294.0000 0000000   0.0000 144.0000 14.92546055    09
SATNET-590-05446 [DTC]
1  2966U 00000A   25274.57408802 .00000000  00000-0 0 000           9
2  2966  55.0000 294.0000 0000000   0.0000 150.0000 14.92546055    07
SATNET-590-05447 [DTC]
1  2967U 00000A   25274.57408802 .00000000  00000-0 0 000           0
2  2967  55.0000 294.0000 0000000   0.0000 156.0000 14.92546055    04
SATNET-590-05448 [DTC]
1  2968U 00000A   25274.57408802 .00000000  00000-0 0 000           1
2  2968  55.0000 294.0000 0000000   0.0000 162.0000 14.92546055    02
SATNET-590-05449 [DTC]
1  2969U 00000A   25274.57408802 .00000000  00000-0 0 000           2
2  2969  55.0000 294.0000 0000000   0.0000 168.0000 14.92546055    09
SATNET-590-05450 [DTC]
1  2970U 00000A   25274.57408802 .00000000  00000-0 0 000           4
2  2970  55.0000 294.0000 0000000   0.0000 174.0000 14.92546055    08
SATNET-590-05451 [DTC]
1  2971U 00000A   25274.57408802 .00000000  00000-0 0 000           5
2  2971  55.0000 294.0000 0000000   0.0000 180.0000 14.92546055    06
SATNET-590-05452 [DTC]
1  2972U 00000A   25274.57408802 .00000000  00000-0 0 000           6
2  2972  55.0000 294.0000 0000000   0.0000 186.0000 14.92546055    03
SATNET-590-05453 [DTC]
1  2973U 00000A   25274.57408802 .00000000  00000-0 0 000           7
2  2973  55.0000 294.0000 0000000   0.0000 192.0000 14.92546055    01
SATNET-590-05454 [DTC]
1  2974U 00000A   25274.57408802 .00000000  00000-0 0 000           8
2  2974  55.0000 294.0000 0000000   0.0000 198.0000 14.92546055    08
SATNET-590-05455 [DTC]
1  2975U 00000A   25274.57408802 .00000000  00000-0 0 000           9
2  2975  55.0000 294.0000 0000000   0.0000 204.0000 14.92546055    07
SATNET-590-05456 [DTC]
1  2976U 00000A   25274.57408802 .00000000  00000-0 0 000           0
2  2976  55.0000 294.0000 0000000   0.0000 210.0000 14.92546055    05
SATNET-590-05457 [DTC]
1  2977U 00000A   25274.57408802 .00000000  00000-0 0 000           1
2  2977  55.0000 294.0000 0000000   0.0000 216.0000 14.92546055    02
SATNET-590-05458 [DTC]
1  2978U 00000A   25274.57408802 .00000000  00000-0 0 000           2
2  2978  55.0000 294.0000 0000000   0.0000 222.0000 14.92546055    00
SATNET-590-05459 [DTC]
1  2979U 00000A   25274.57408802 .00000000  00000-0 0 000           3
2  2979  55.0000 294.0000 0000000   0.0000 228.0000 14.92546055    07
SATNET-590-05460 [DTC]
1  2980U 00000A   25274.57408802 .00000000  00000-0 0 000           5
2  2980  55.0000 294.0000 0000000   0.0000 234.0000 14.92546055    06
SATNET-590-05461 [DTC]
1  2981U 00000A   25274.57408802 .00000000  00000-0 0 000           6
2  2981  55.0000 294.0000 0000000   0.0000 240.0000 14.92546055    04
SATNET-590-05462 [DTC]
1  2982U 00000A   25274.57408802 .00000000  00000-0 0 000           7
2  2982  55.0000 294.0000 0000000   0.0000 246.0000 14.92546055    01
SATNET-590-05463 [DTC]
1  2983U 00000A   25274.57408802 .00000000  00000-0 0 000           8
2  2983  55.0000 294.0000 0000000   0.0000 252.0000 14.92546055    09
SATNET-590-05464 [DTC]
1  2984U 00000A   25274.57408802 .00000000  00000-0 0 000           9
2  2984  55.0000 294.0000 0000000   0.0000 258.0000 14.92546055    06
SATNET-590-05465 [DTC]
1  2985U 00000A   25274.57408802 .00000000  00000-0 0 000           0
2  2985  55.0000 294.0000 0000000   0.0000 264.0000 14.92546055    04
SATNET-590-05466 [DTC]
1  2986U 00000A   25274.57408802 .00000000  00000-0 0 000           1
2  2986  55.0000 294.0000 0000000   0.0000 270.0000 14.92546055    02
SATNET-590-05467 [DTC]
1  2987U 00000A   25274.57408802 .00000000  00000-0 0 000           2
2  2987  55.0000 294.0000 0000000   0.0000 276.0000 14.92546055    09
SATNET-590-05468 [DTC]
1  2988U 00000A   25274.57408802 .00000000  00000-0 0 000           3
2  2988  55.0000 294.0000 0000000   0.0000 282.0000 14.92546055    07
SATNET-590-05469 [DTC]
1  2989U 00000A   25274.57408802 .00000000  00000-0 0 000           4
2  2989  55.0000 294.0000 0000000   0.0000 288.0000 14.92546055    04
SATNET-590-05470 [DTC]
1  2990U 00000A   25274.57408802 .00000000  00000-0 0 000           6
2  2990  55.0000 294.0000 0000000   0.0000 294.0000 14.92546055    03
SATNET-590-05471 [DTC]
1  2991U 00000A   25274.57408802 .00000000  00000-0 0 000           7
2  2991  55.0000 294.0000 0000000   0.0000 300.0000 14.92546055    02
SATNET-590-05472 [DTC]
1  2992U 00000A   25274.57408802 .00000000  00000-0 0 000           8
2  2992  55.0000 294.0000 0000000   0.0000 306.0000 14.92546055    09
SATNET-590-05473 [DTC]
1  2993U 00000A   25274.57408802 .00000000  00000-0 0 000           9
2  2993  55.0000 294.0000 0000000   0.0000 312.0000 14.92546055    07
SATNET-590-05474 [DTC]
1  2994U 00000A   25274.57408802 .00000000  00000-0 0 000           0
2  2994  55.0000 294.0000 0000000   0.0000 318.0000 14.92546055    04
SATNET-590-05475 [DTC]
1  2995U 00000A   25274.57408802 .00000000  00000-0 0 000           1
2  2995  55.0000 294.0000 0000000   0.0000 324.0000 14.92546055    02
SATNET-590-05476 [DTC]
1  2996U 00000A   25274.57408802 .00000000  00000-0 0 000           2
2  2996  55.0000 294.0000 0000000   0.0000 330.0000 14.92546055    00
SATNET-590-05477 [DTC]
1  2997U 00000A   25274.57408802 .00000000  00000-0 0 000           3
2  2997  55.0000 294.0000 0000000   0.0000 336.0000 14.92546055    07
SATNET-590-05478 [DTC]
1  2998U 00000A   25274.57408802 .00000000  00000-0 0 000           4
2  2998  55.0000 294.0000 0000000   0.0000 342.0000 14.92546055    05
SATNET-590-05479 [DTC]
1  2999U 00000A   25274.57408802 .00000000  00000-0 0 000           5
2  2999  55.0000 294.0000 0000000   0.0000 348.0000 14.92546055    02
SATNET-590-05480 [DTC]
1  3000U 00000A   25274.57408802 .00000000  00000-0 0 000           9
2  3000  55.0000 294.0000 0000000   0.0000 354.0000 14.92546055    03
SATNET-590-05481 [DTC]
1  3001U 00000A   25274.57408802 .00000000  00000-0 0 000           0
2  3001  55.0000 300.0000 0000000   0.0000   0.0000 14.92546055    00
SATNET-590-05482 [DTC]
1  3002U 00000A   25274.57408802 .00000000  00000-0 0 000           1
2  3002  55.0000 300.0000 0000000   0.0000   6.0000 14.92546055    07
SATNET-590-05483 [DTC]
1  3003U 00000A   25274.57408802 .00000000  00000-0 0 000           2
2  3003  55.0000 300.0000 0000000   0.0000  12.0000 14.92546055    05
SATNET-590-05484 [DTC]
1  3004U 00000A   25274.57408802 .00000000  00000-0 0 000           3
2  3004  55.0000 300.0000 0000000   0.0000  18.0000 14.92546055    02
SATNET-590-05485 [DTC]
1  3005U 00000A   25274.57408802 .00000000  00000-0 0 000           4
2  3005  55.0000 300.0000 0000000   0.0000  24.0000 14.92546055    00
SATNET-590-05486 [DTC]
1  3006U 00000A   25274.57408802 .00000000  00000-0 0 000           5
2  3006  55.0000 300.0000 0000000   0.0000  30.0000 14.92546055    08
SATNET-590-05487 [DTC]
1  3007U 00000A   25274.57408802 .00000000  00000-0 0 000           6
2  3007  55.0000 300.0000 0000000   0.0000  36.0000 14.92546055    05
SATNET-590-05488 [DTC]
1  3008U 00000A   25274.57408802 .00000000  00000-0 0 000           7
2  3008  55.0000 300.0000 0000000   0.0000  42.0000 14.92546055    03
SATNET-590-05489 [DTC]
1  3009U 00000A   25274.57408802 .00000000  00000-0 0 000           8
2  3009  55.0000 300.0000 0000000   0.0000  48.0000 14.92546055    00
SATNET-590-05490 [DTC]
1  3010U 00000A   25274.57408802 .00000000  00000-0 0 000           0
2  3010  55.0000 300.0000 0000000   0.0000  54.0000 14.92546055    09
SATNET-590-05491 [DTC]
1  3011U 00000A   25274.57408802 .00000000  00000-0 0 000           1
2  3011  55.0000 300.0000 0000000   0.0000  60.0000 14.92546055    07
SATNET-590-05492 [DTC]
1  3012U 00000A   25274.57408802 .00000000  00000-0 0 000           2
2  3012  55.0000 300.0000 0000000   0.0000  66.0000 14.92546055    04
SATNET-590-05493 [DTC]
1  3013U 00000A   25274.57408802 .00000000  00000-0 0 000           3
2  3013  55.0000 300.0000 0000000   0.0000  72.0000 14.92546055    02
SATNET-590-05494 [DTC]
1  3014U 00000A   25274.57408802 .00000000  00000-0 0 000           4
2  3014  55.0000 300.0000 0000000   0.0000  78.0000 14.92546055    09
SATNET-590-05495 [DTC]
1  3015U 00000A   25274.57408802 .00000000  00000-0 0 000           5
2  3015  55.0000 300.0000 0000000   0.0000  84.0000 14.92546055    07
SATNET-590-05496 [DTC]
1  3016U 00000A   25274.57408802 .00000000  00000-0 0 000           6
2  3016  55.0000 300.0000 0000000   0.0000  90.0000 14.92546055    05
SATNET-590-05497 [DTC]
1  3017U 00000A   25274.57408802 .00000000  00000-0 0 000           7
2  3017  55.0000 300.0000 0000000   0.0000  96.0000 14.92546055    02
SATNET-590-05498 [DTC]
1  3018U 00000A   25274.57408802 .00000000  00000-0 0 000           8
2  3018  55.0000 300.0000 0000000   0.0000 102.0000 14.92546055    01
SATNET-590-05499 [DTC]
1  3019U 00000A   25274.57408802 .00000000  00000-0 0 000           9
2  3019  55.0000 300.0000 0000000   0.0000 108.0000 14.92546055    08
SATNET-590-05500 [DTC]
1  3020U 00000A   25274.57408802 .00000000  00000-0 0 000           1
2  3020  55.0000 300.0000 0000000   0.0000 114.0000 14.92546055    07
SATNET-590-05501 [DTC]
1  3021U 00000A   25274.57408802 .00000000  00000-0 0 000           2
2  3021  55.0000 300.0000 0000000   0.0000 120.0000 14.92546055    05
SATNET-590-05502 [DTC]
1  3022U 00000A   25274.57408802 .00000000  00000-0 0 000           3
2  3022  55.0000 300.0000 0000000   0.0000 126.0000 14.92546055    02
SATNET-590-05503 [DTC]
1  3023U 00000A   25274.57408802 .00000000  00000-0 0 000           4
2  3023  55.0000 300.0000 0000000   0.0000 132.0000 14.92546055    00
SATNET-590-05504 [DTC]
1  3024U 00000A   25274.57408802 .00000000  00000-0 0 000           5
2  3024  55.0000 300.0000 0000000   0.0000 138.0000 14.92546055    07
SATNET-590-05505 [DTC]
1  3025U 00000A   25274.57408802 .00000000  00000-0 0 000           6
2  3025  55.0000 300.0000 0000000   0.0000 144.0000 14.92546055    05
SATNET-590-05506 [DTC]
1  3026U 00000A   25274.57408802 .00000000  00000-0 0 000           7
2  3026  55.0000 300.0000 0000000   0.0000 150.0000 14.92546055    03
SATNET-590-05507 [DTC]
1  3027U 00000A   25274.57408802 .00000000  00000-0 0 000           8
2  3027  55.0000 300.0000 0000000   0.0000 156.0000 14.92546055    00
SATNET-590-05508 [DTC]
1  3028U 00000A   25274.57408802 .00000000  00000-0 0 000           9
2  3028  55.0000 300.0000 0000000   0.0000 162.0000 14.92546055    08
SATNET-590-05509 [DTC]
1  3029U 00000A   25274.57408802 .00000000  00000-0 0 000           0
2  3029  55.0000 300.0000 0000000   0.0000 168.0000 14.92546055    05
SATNET-590-05510 [DTC]
1  3030U 00000A   25274.57408802 .00000000  00000-0 0 000           2
2  3030  55.0000 300.0000 0000000   0.0000 174.0000 14.92546055    04
SATNET-590-05511 [DTC]
1  3031U 00000A   25274.57408802 .00000000  00000-0 0 000           3
2  3031  55.0000 300.0000 0000000   0.0000 180.0000 14.92546055    02
SATNET-590-05512 [DTC]
1  3032U 00000A   25274.57408802 .00000000  00000-0 0 000           4
2  3032  55.0000 300.0000 0000000   0.0000 186.0000 14.92546055    09
SATNET-590-05513 [DTC]
1  3033U 00000A   25274.57408802 .00000000  00000-0 0 000           5
2  3033  55.0000 300.0000 0000000   0.0000 192.0000 14.92546055    07
SATNET-590-05514 [DTC]
1  3034U 00000A   25274.57408802 .00000000  00000-0 0 000           6
2  3034  55.0000 300.0000 0000000   0.0000 198.0000 14.92546055    04
SATNET-590-05515 [DTC]
1  3035U 00000A   25274.57408802 .00000000  00000-0 0 000           7
2  3035  55.0000 300.0000 0000000   0.0000 204.0000 14.92546055    03
SATNET-590-05516 [DTC]
1  3036U 00000A   25274.57408802 .00000000  00000-0 0 000           8
2  3036  55.0000 300.0000 0000000   0.0000 210.0000 14.92546055    01
SATNET-590-05517 [DTC]
1  3037U 00000A   25274.57408802 .00000000  00000-0 0 000           9
2  3037  55.0000 300.0000 0000000   0.0000 216.0000 14.92546055    08
SATNET-590-05518 [DTC]
1  3038U 00000A   25274.57408802 .00000000  00000-0 0 000           0
2  3038  55.0000 300.0000 0000000   0.0000 222.0000 14.92546055    06
SATNET-590-05519 [DTC]
1  3039U 00000A   25274.57408802 .00000000  00000-0 0 000           1
2  3039  55.0000 300.0000 0000000   0.0000 228.0000 14.92546055    03
SATNET-590-05520 [DTC]
1  3040U 00000A   25274.57408802 .00000000  00000-0 0 000           3
2  3040  55.0000 300.0000 0000000   0.0000 234.0000 14.92546055    02
SATNET-590-05521 [DTC]
1  3041U 00000A   25274.57408802 .00000000  00000-0 0 000           4
2  3041  55.0000 300.0000 0000000   0.0000 240.0000 14.92546055    00
SATNET-590-05522 [DTC]
1  3042U 00000A   25274.57408802 .00000000  00000-0 0 000           5
2  3042  55.0000 300.0000 0000000   0.0000 246.0000 14.92546055    07
SATNET-590-05523 [DTC]
1  3043U 00000A   25274.57408802 .00000000  00000-0 0 000           6
2  3043  55.0000 300.0000 0000000   0.0000 252.0000 14.92546055    05
SATNET-590-05524 [DTC]
1  3044U 00000A   25274.57408802 .00000000  00000-0 0 000           7
2  3044  55.0000 300.0000 0000000   0.0000 258.0000 14.92546055    02
SATNET-590-05525 [DTC]
1  3045U 00000A   25274.57408802 .00000000  00000-0 0 000           8
2  3045  55.0000 300.0000 0000000   0.0000 264.0000 14.92546055    00
SATNET-590-05526 [DTC]
1  3046U 00000A   25274.57408802 .00000000  00000-0 0 000           9
2  3046  55.0000 300.0000 0000000   0.0000 270.0000 14.92546055    08
SATNET-590-05527 [DTC]
1  3047U 00000A   25274.57408802 .00000000  00000-0 0 000           0
2  3047  55.0000 300.0000 0000000   0.0000 276.0000 14.92546055    05
SATNET-590-05528 [DTC]
1  3048U 00000A   25274.57408802 .00000000  00000-0 0 000           1
2  3048  55.0000 300.0000 0000000   0.0000 282.0000 14.92546055    03
SATNET-590-05529 [DTC]
1  3049U 00000A   25274.57408802 .00000000  00000-0 0 000           2
2  3049  55.0000 300.0000 0000000   0.0000 288.0000 14.92546055    00
SATNET-590-05530 [DTC]
1  3050U 00000A   25274.57408802 .00000000  00000-0 0 000           4
2  3050  55.0000 300.0000 0000000   0.0000 294.0000 14.92546055    09
SATNET-590-05531 [DTC]
1  3051U 00000A   25274.57408802 .00000000  00000-0 0 000           5
2  3051  55.0000 300.0000 0000000   0.0000 300.0000 14.92546055    08
SATNET-590-05532 [DTC]
1  3052U 00000A   25274.57408802 .00000000  00000-0 0 000           6
2  3052  55.0000 300.0000 0000000   0.0000 306.0000 14.92546055    05
SATNET-590-05533 [DTC]
1  3053U 00000A   25274.57408802 .00000000  00000-0 0 000           7
2  3053  55.0000 300.0000 0000000   0.0000 312.0000 14.92546055    03
SATNET-590-05534 [DTC]
1  3054U 00000A   25274.57408802 .00000000  00000-0 0 000           8
2  3054  55.0000 300.0000 0000000   0.0000 318.0000 14.92546055    00
SATNET-590-05535 [DTC]
1  3055U 00000A   25274.57408802 .00000000  00000-0 0 000           9
2  3055  55.0000 300.0000 0000000   0.0000 324.0000 14.92546055    08
SATNET-590-05536 [DTC]
1  3056U 00000A   25274.57408802 .00000000  00000-0 0 000           0
2  3056  55.0000 300.0000 0000000   0.0000 330.0000 14.92546055    06
SATNET-590-05537 [DTC]
1  3057U 00000A   25274.57408802 .00000000  00000-0 0 000           1
2  3057  55.0000 300.0000 0000000   0.0000 336.0000 14.92546055    03
SATNET-590-05538 [DTC]
1  3058U 00000A   25274.57408802 .00000000  00000-0 0 000           2
2  3058  55.0000 300.0000 0000000   0.0000 342.0000 14.92546055    01
SATNET-590-05539 [DTC]
1  3059U 00000A   25274.57408802 .00000000  00000-0 0 000           3
2  3059  55.0000 300.0000 0000000   0.0000 348.0000 14.92546055    08
SATNET-590-05540 [DTC]
1  3060U 00000A   25274.57408802 .00000000  00000-0 0 000           5
2  3060  55.0000 300.0000 0000000   0.0000 354.0000 14.92546055    07
SATNET-590-05541 [DTC]
1  3061U 00000A   25274.57408802 .00000000  00000-0 0 000           6
2  3061  55.0000 306.0000 0000000   0.0000   0.0000 14.92546055    02
SATNET-590-05542 [DTC]
1  3062U 00000A   25274.57408802 .00000000  00000-0 0 000           7
2  3062  55.0000 306.0000 0000000   0.0000   6.0000 14.92546055    09
SATNET-590-05543 [DTC]
1  3063U 00000A   25274.57408802 .00000000  00000-0 0 000           8
2  3063  55.0000 306.0000 0000000   0.0000  12.0000 14.92546055    07
SATNET-590-05544 [DTC]
1  3064U 00000A   25274.57408802 .00000000  00000-0 0 000           9
2  3064  55.0000 306.0000 0000000   0.0000  18.0000 14.92546055    04
SATNET-590-05545 [DTC]
1  3065U 00000A   25274.57408802 .00000000  00000-0 0 000           0
2  3065  55.0000 306.0000 0000000   0.0000  24.0000 14.92546055    02
SATNET-590-05546 [DTC]
1  3066U 00000A   25274.57408802 .00000000  00000-0 0 000           1
2  3066  55.0000 306.0000 0000000   0.0000  30.0000 14.92546055    00
SATNET-590-05547 [DTC]
1  3067U 00000A   25274.57408802 .00000000  00000-0 0 000           2
2  3067  55.0000 306.0000 0000000   0.0000  36.0000 14.92546055    07
SATNET-590-05548 [DTC]
1  3068U 00000A   25274.57408802 .00000000  00000-0 0 000           3
2  3068  55.0000 306.0000 0000000   0.0000  42.0000 14.92546055    05
SATNET-590-05549 [DTC]
1  3069U 00000A   25274.57408802 .00000000  00000-0 0 000           4
2  3069  55.0000 306.0000 0000000   0.0000  48.0000 14.92546055    02
SATNET-590-05550 [DTC]
1  3070U 00000A   25274.57408802 .00000000  00000-0 0 000           6
2  3070  55.0000 306.0000 0000000   0.0000  54.0000 14.92546055    01
SATNET-590-05551 [DTC]
1  3071U 00000A   25274.57408802 .00000000  00000-0 0 000           7
2  3071  55.0000 306.0000 0000000   0.0000  60.0000 14.92546055    09
SATNET-590-05552 [DTC]
1  3072U 00000A   25274.57408802 .00000000  00000-0 0 000           8
2  3072  55.0000 306.0000 0000000   0.0000  66.0000 14.92546055    06
SATNET-590-05553 [DTC]
1  3073U 00000A   25274.57408802 .00000000  00000-0 0 000           9
2  3073  55.0000 306.0000 0000000   0.0000  72.0000 14.92546055    04
SATNET-590-05554 [DTC]
1  3074U 00000A   25274.57408802 .00000000  00000-0 0 000           0
2  3074  55.0000 306.0000 0000000   0.0000  78.0000 14.92546055    01
SATNET-590-05555 [DTC]
1  3075U 00000A   25274.57408802 .00000000  00000-0 0 000           1
2  3075  55.0000 306.0000 0000000   0.0000  84.0000 14.92546055    09
SATNET-590-05556 [DTC]
1  3076U 00000A   25274.57408802 .00000000  00000-0 0 000           2
2  3076  55.0000 306.0000 0000000   0.0000  90.0000 14.92546055    07
SATNET-590-05557 [DTC]
1  3077U 00000A   25274.57408802 .00000000  00000-0 0 000           3
2  3077  55.0000 306.0000 0000000   0.0000  96.0000 14.92546055    04
SATNET-590-05558 [DTC]
1  3078U 00000A   25274.57408802 .00000000  00000-0 0 000           4
2  3078  55.0000 306.0000 0000000   0.0000 102.0000 14.92546055    03
SATNET-590-05559 [DTC]
1  3079U 00000A   25274.57408802 .00000000  00000-0 0 000           5
2  3079  55.0000 306.0000 0000000   0.0000 108.0000 14.92546055    00
SATNET-590-05560 [DTC]
1  3080U 00000A   25274.57408802 .00000000  00000-0 0 000           7
2  3080  55.0000 306.0000 0000000   0.0000 114.0000 14.92546055    09
SATNET-590-05561 [DTC]
1  3081U 00000A   25274.57408802 .00000000  00000-0 0 000           8
2  3081  55.0000 306.0000 0000000   0.0000 120.0000 14.92546055    07
SATNET-590-05562 [DTC]
1  3082U 00000A   25274.57408802 .00000000  00000-0 0 000           9
2  3082  55.0000 306.0000 0000000   0.0000 126.0000 14.92546055    04
SATNET-590-05563 [DTC]
1  3083U 00000A   25274.57408802 .00000000  00000-0 0 000           0
2  3083  55.0000 306.0000 0000000   0.0000 132.0000 14.92546055    02
SATNET-590-05564 [DTC]
1  3084U 00000A   25274.57408802 .00000000  00000-0 0 000           1
2  3084  55.0000 306.0000 0000000   0.0000 138.0000 14.92546055    09
SATNET-590-05565 [DTC]
1  3085U 00000A   25274.57408802 .00000000  00000-0 0 000           2
2  3085  55.0000 306.0000 0000000   0.0000 144.0000 14.92546055    07
SATNET-590-05566 [DTC]
1  3086U 00000A   25274.57408802 .00000000  00000-0 0 000           3
2  3086  55.0000 306.0000 0000000   0.0000 150.0000 14.92546055    05
SATNET-590-05567 [DTC]
1  3087U 00000A   25274.57408802 .00000000  00000-0 0 000           4
2  3087  55.0000 306.0000 0000000   0.0000 156.0000 14.92546055    02
SATNET-590-05568 [DTC]
1  3088U 00000A   25274.57408802 .00000000  00000-0 0 000           5
2  3088  55.0000 306.0000 0000000   0.0000 162.0000 14.92546055    00
SATNET-590-05569 [DTC]
1  3089U 00000A   25274.57408802 .00000000  00000-0 0 000           6
2  3089  55.0000 306.0000 0000000   0.0000 168.0000 14.92546055    07
SATNET-590-05570 [DTC]
1  3090U 00000A   25274.57408802 .00000000  00000-0 0 000           8
2  3090  55.0000 306.0000 0000000   0.0000 174.0000 14.92546055    06
SATNET-590-05571 [DTC]
1  3091U 00000A   25274.57408802 .00000000  00000-0 0 000           9
2  3091  55.0000 306.0000 0000000   0.0000 180.0000 14.92546055    04
SATNET-590-05572 [DTC]
1  3092U 00000A   25274.57408802 .00000000  00000-0 0 000           0
2  3092  55.0000 306.0000 0000000   0.0000 186.0000 14.92546055    01
SATNET-590-05573 [DTC]
1  3093U 00000A   25274.57408802 .00000000  00000-0 0 000           1
2  3093  55.0000 306.0000 0000000   0.0000 192.0000 14.92546055    09
SATNET-590-05574 [DTC]
1  3094U 00000A   25274.57408802 .00000000  00000-0 0 000           2
2  3094  55.0000 306.0000 0000000   0.0000 198.0000 14.92546055    06
SATNET-590-05575 [DTC]
1  3095U 00000A   25274.57408802 .00000000  00000-0 0 000           3
2  3095  55.0000 306.0000 0000000   0.0000 204.0000 14.92546055    05
SATNET-590-05576 [DTC]
1  3096U 00000A   25274.57408802 .00000000  00000-0 0 000           4
2  3096  55.0000 306.0000 0000000   0.0000 210.0000 14.92546055    03
SATNET-590-05577 [DTC]
1  3097U 00000A   25274.57408802 .00000000  00000-0 0 000           5
2  3097  55.0000 306.0000 0000000   0.0000 216.0000 14.92546055    00
SATNET-590-05578 [DTC]
1  3098U 00000A   25274.57408802 .00000000  00000-0 0 000           6
2  3098  55.0000 306.0000 0000000   0.0000 222.0000 14.92546055    08
SATNET-590-05579 [DTC]
1  3099U 00000A   25274.57408802 .00000000  00000-0 0 000           7
2  3099  55.0000 306.0000 0000000   0.0000 228.0000 14.92546055    05
SATNET-590-05580 [DTC]
1  3100U 00000A   25274.57408802 .00000000  00000-0 0 000           0
2  3100  55.0000 306.0000 0000000   0.0000 234.0000 14.92546055    05
SATNET-590-05581 [DTC]
1  3101U 00000A   25274.57408802 .00000000  00000-0 0 000           1
2  3101  55.0000 306.0000 0000000   0.0000 240.0000 14.92546055    03
SATNET-590-05582 [DTC]
1  3102U 00000A   25274.57408802 .00000000  00000-0 0 000           2
2  3102  55.0000 306.0000 0000000   0.0000 246.0000 14.92546055    00
SATNET-590-05583 [DTC]
1  3103U 00000A   25274.57408802 .00000000  00000-0 0 000           3
2  3103  55.0000 306.0000 0000000   0.0000 252.0000 14.92546055    08
SATNET-590-05584 [DTC]
1  3104U 00000A   25274.57408802 .00000000  00000-0 0 000           4
2  3104  55.0000 306.0000 0000000   0.0000 258.0000 14.92546055    05
SATNET-590-05585 [DTC]
1  3105U 00000A   25274.57408802 .00000000  00000-0 0 000           5
2  3105  55.0000 306.0000 0000000   0.0000 264.0000 14.92546055    03
SATNET-590-05586 [DTC]
1  3106U 00000A   25274.57408802 .00000000  00000-0 0 000           6
2  3106  55.0000 306.0000 0000000   0.0000 270.0000 14.92546055    01
SATNET-590-05587 [DTC]
1  3107U 00000A   25274.57408802 .00000000  00000-0 0 000           7
2  3107  55.0000 306.0000 0000000   0.0000 276.0000 14.92546055    08
SATNET-590-05588 [DTC]
1  3108U 00000A   25274.57408802 .00000000  00000-0 0 000           8
2  3108  55.0000 306.0000 0000000   0.0000 282.0000 14.92546055    06
SATNET-590-05589 [DTC]
1  3109U 00000A   25274.57408802 .00000000  00000-0 0 000           9
2  3109  55.0000 306.0000 0000000   0.0000 288.0000 14.92546055    03
SATNET-590-05590 [DTC]
1  3110U 00000A   25274.57408802 .00000000  00000-0 0 000           1
2  3110  55.0000 306.0000 0000000   0.0000 294.0000 14.92546055    02
SATNET-590-05591 [DTC]
1  3111U 00000A   25274.57408802 .00000000  00000-0 0 000           2
2  3111  55.0000 306.0000 0000000   0.0000 300.0000 14.92546055    01
SATNET-590-05592 [DTC]
1  3112U 00000A   25274.57408802 .00000000  00000-0 0 000           3
2  3112  55.0000 306.0000 0000000   0.0000 306.0000 14.92546055    08
SATNET-590-05593 [DTC]
1  3113U 00000A   25274.57408802 .00000000  00000-0 0 000           4
2  3113  55.0000 306.0000 0000000   0.0000 312.0000 14.92546055    06
SATNET-590-05594 [DTC]
1  3114U 00000A   25274.57408802 .00000000  00000-0 0 000           5
2  3114  55.0000 306.0000 0000000   0.0000 318.0000 14.92546055    03
SATNET-590-05595 [DTC]
1  3115U 00000A   25274.57408802 .00000000  00000-0 0 000           6
2  3115  55.0000 306.0000 0000000   0.0000 324.0000 14.92546055    01
SATNET-590-05596 [DTC]
1  3116U 00000A   25274.57408802 .00000000  00000-0 0 000           7
2  3116  55.0000 306.0000 0000000   0.0000 330.0000 14.92546055    09
SATNET-590-05597 [DTC]
1  3117U 00000A   25274.57408802 .00000000  00000-0 0 000           8
2  3117  55.0000 306.0000 0000000   0.0000 336.0000 14.92546055    06
SATNET-590-05598 [DTC]
1  3118U 00000A   25274.57408802 .00000000  00000-0 0 000           9
2  3118  55.0000 306.0000 0000000   0.0000 342.0000 14.92546055    04
SATNET-590-05599 [DTC]
1  3119U 00000A   25274.57408802 .00000000  00000-0 0 000           0
2  3119  55.0000 306.0000 0000000   0.0000 348.0000 14.92546055    01
SATNET-590-05600 [DTC]
1  3120U 00000A   25274.57408802 .00000000  00000-0 0 000           2
2  3120  55.0000 306.0000 0000000   0.0000 354.0000 14.92546055    00
SATNET-590-05601 [DTC]
1  3121U 00000A   25274.57408802 .00000000  00000-0 0 000           3
2  3121  55.0000 312.0000 0000000   0.0000   0.0000 14.92546055    06
SATNET-590-05602 [DTC]
1  3122U 00000A   25274.57408802 .00000000  00000-0 0 000           4
2  3122  55.0000 312.0000 0000000   0.0000   6.0000 14.92546055    03
SATNET-590-05603 [DTC]
1  3123U 00000A   25274.57408802 .00000000  00000-0 0 000           5
2  3123  55.0000 312.0000 0000000   0.0000  12.0000 14.92546055    01
SATNET-590-05604 [DTC]
1  3124U 00000A   25274.57408802 .00000000  00000-0 0 000           6
2  3124  55.0000 312.0000 0000000   0.0000  18.0000 14.92546055    08
SATNET-590-05605 [DTC]
1  3125U 00000A   25274.57408802 .00000000  00000-0 0 000           7
2  3125  55.0000 312.0000 0000000   0.0000  24.0000 14.92546055    06
SATNET-590-05606 [DTC]
1  3126U 00000A   25274.57408802 .00000000  00000-0 0 000           8
2  3126  55.0000 312.0000 0000000   0.0000  30.0000 14.92546055    04
SATNET-590-05607 [DTC]
1  3127U 00000A   25274.57408802 .00000000  00000-0 0 000           9
2  3127  55.0000 312.0000 0000000   0.0000  36.0000 14.92546055    01
SATNET-590-05608 [DTC]
1  3128U 00000A   25274.57408802 .00000000  00000-0 0 000           0
2  3128  55.0000 312.0000 0000000   0.0000  42.0000 14.92546055    09
SATNET-590-05609 [DTC]
1  3129U 00000A   25274.57408802 .00000000  00000-0 0 000           1
2  3129  55.0000 312.0000 0000000   0.0000  48.0000 14.92546055    06
SATNET-590-05610 [DTC]
1  3130U 00000A   25274.57408802 .00000000  00000-0 0 000           3
2  3130  55.0000 312.0000 0000000   0.0000  54.0000 14.92546055    05
SATNET-590-05611 [DTC]
1  3131U 00000A   25274.57408802 .00000000  00000-0 0 000           4
2  3131  55.0000 312.0000 0000000   0.0000  60.0000 14.92546055    03
SATNET-590-05612 [DTC]
1  3132U 00000A   25274.57408802 .00000000  00000-0 0 000           5
2  3132  55.0000 312.0000 0000000   0.0000  66.0000 14.92546055    00
SATNET-590-05613 [DTC]
1  3133U 00000A   25274.57408802 .00000000  00000-0 0 000           6
2  3133  55.0000 312.0000 0000000   0.0000  72.0000 14.92546055    08
SATNET-590-05614 [DTC]
1  3134U 00000A   25274.57408802 .00000000  00000-0 0 000           7
2  3134  55.0000 312.0000 0000000   0.0000  78.0000 14.92546055    05
SATNET-590-05615 [DTC]
1  3135U 00000A   25274.57408802 .00000000  00000-0 0 000           8
2  3135  55.0000 312.0000 0000000   0.0000  84.0000 14.92546055    03
SATNET-590-05616 [DTC]
1  3136U 00000A   25274.57408802 .00000000  00000-0 0 000           9
2  3136  55.0000 312.0000 0000000   0.0000  90.0000 14.92546055    01
SATNET-590-05617 [DTC]
1  3137U 00000A   25274.57408802 .00000000  00000-0 0 000           0
2  3137  55.0000 312.0000 0000000   0.0000  96.0000 14.92546055    08
SATNET-590-05618 [DTC]
1  3138U 00000A   25274.57408802 .00000000  00000-0 0 000           1
2  3138  55.0000 312.0000 0000000   0.0000 102.0000 14.92546055    07
SATNET-590-05619 [DTC]
1  3139U 00000A   25274.57408802 .00000000  00000-0 0 000           2
2  3139  55.0000 312.0000 0000000   0.0000 108.0000 14.92546055    04
SATNET-590-05620 [DTC]
1  3140U 00000A   25274.57408802 .00000000  00000-0 0 000           4
2  3140  55.0000 312.0000 0000000   0.0000 114.0000 14.92546055    03
SATNET-590-05621 [DTC]
1  3141U 00000A   25274.57408802 .00000000  00000-0 0 000           5
2  3141  55.0000 312.0000 0000000   0.0000 120.0000 14.92546055    01
SATNET-590-05622 [DTC]
1  3142U 00000A   25274.57408802 .00000000  00000-0 0 000           6
2  3142  55.0000 312.0000 0000000   0.0000 126.0000 14.92546055    08
SATNET-590-05623 [DTC]
1  3143U 00000A   25274.57408802 .00000000  00000-0 0 000           7
2  3143  55.0000 312.0000 0000000   0.0000 132.0000 14.92546055    06
SATNET-590-05624 [DTC]
1  3144U 00000A   25274.57408802 .00000000  00000-0 0 000           8
2  3144  55.0000 312.0000 0000000   0.0000 138.0000 14.92546055    03
SATNET-590-05625 [DTC]
1  3145U 00000A   25274.57408802 .00000000  00000-0 0 000           9
2  3145  55.0000 312.0000 0000000   0.0000 144.0000 14.92546055    01
SATNET-590-05626 [DTC]
1  3146U 00000A   25274.57408802 .00000000  00000-0 0 000           0
2  3146  55.0000 312.0000 0000000   0.0000 150.0000 14.92546055    09
SATNET-590-05627 [DTC]
1  3147U 00000A   25274.57408802 .00000000  00000-0 0 000           1
2  3147  55.0000 312.0000 0000000   0.0000 156.0000 14.92546055    06
SATNET-590-05628 [DTC]
1  3148U 00000A   25274.57408802 .00000000  00000-0 0 000           2
2  3148  55.0000 312.0000 0000000   0.0000 162.0000 14.92546055    04
SATNET-590-05629 [DTC]
1  3149U 00000A   25274.57408802 .00000000  00000-0 0 000           3
2  3149  55.0000 312.0000 0000000   0.0000 168.0000 14.92546055    01
SATNET-590-05630 [DTC]
1  3150U 00000A   25274.57408802 .00000000  00000-0 0 000           5
2  3150  55.0000 312.0000 0000000   0.0000 174.0000 14.92546055    00
SATNET-590-05631 [DTC]
1  3151U 00000A   25274.57408802 .00000000  00000-0 0 000           6
2  3151  55.0000 312.0000 0000000   0.0000 180.0000 14.92546055    08
SATNET-590-05632 [DTC]
1  3152U 00000A   25274.57408802 .00000000  00000-0 0 000           7
2  3152  55.0000 312.0000 0000000   0.0000 186.0000 14.92546055    05
SATNET-590-05633 [DTC]
1  3153U 00000A   25274.57408802 .00000000  00000-0 0 000           8
2  3153  55.0000 312.0000 0000000   0.0000 192.0000 14.92546055    03
SATNET-590-05634 [DTC]
1  3154U 00000A   25274.57408802 .00000000  00000-0 0 000           9
2  3154  55.0000 312.0000 0000000   0.0000 198.0000 14.92546055    00
SATNET-590-05635 [DTC]
1  3155U 00000A   25274.57408802 .00000000  00000-0 0 000           0
2  3155  55.0000 312.0000 0000000   0.0000 204.0000 14.92546055    09
SATNET-590-05636 [DTC]
1  3156U 00000A   25274.57408802 .00000000  00000-0 0 000           1
2  3156  55.0000 312.0000 0000000   0.0000 210.0000 14.92546055    07
SATNET-590-05637 [DTC]
1  3157U 00000A   25274.57408802 .00000000  00000-0 0 000           2
2  3157  55.0000 312.0000 0000000   0.0000 216.0000 14.92546055    04
SATNET-590-05638 [DTC]
1  3158U 00000A   25274.57408802 .00000000  00000-0 0 000           3
2  3158  55.0000 312.0000 0000000   0.0000 222.0000 14.92546055    02
SATNET-590-05639 [DTC]
1  3159U 00000A   25274.57408802 .00000000  00000-0 0 000           4
2  3159  55.0000 312.0000 0000000   0.0000 228.0000 14.92546055    09
SATNET-590-05640 [DTC]
1  3160U 00000A   25274.57408802 .00000000  00000-0 0 000           6
2  3160  55.0000 312.0000 0000000   0.0000 234.0000 14.92546055    08
SATNET-590-05641 [DTC]
1  3161U 00000A   25274.57408802 .00000000  00000-0 0 000           7
2  3161  55.0000 312.0000 0000000   0.0000 240.0000 14.92546055    06
SATNET-590-05642 [DTC]
1  3162U 00000A   25274.57408802 .00000000  00000-0 0 000           8
2  3162  55.0000 312.0000 0000000   0.0000 246.0000 14.92546055    03
SATNET-590-05643 [DTC]
1  3163U 00000A   25274.57408802 .00000000  00000-0 0 000           9
2  3163  55.0000 312.0000 0000000   0.0000 252.0000 14.92546055    01
SATNET-590-05644 [DTC]
1  3164U 00000A   25274.57408802 .00000000  00000-0 0 000           0
2  3164  55.0000 312.0000 0000000   0.0000 258.0000 14.92546055    08
SATNET-590-05645 [DTC]
1  3165U 00000A   25274.57408802 .00000000  00000-0 0 000           1
2  3165  55.0000 312.0000 0000000   0.0000 264.0000 14.92546055    06
SATNET-590-05646 [DTC]
1  3166U 00000A   25274.57408802 .00000000  00000-0 0 000           2
2  3166  55.0000 312.0000 0000000   0.0000 270.0000 14.92546055    04
SATNET-590-05647 [DTC]
1  3167U 00000A   25274.57408802 .00000000  00000-0 0 000           3
2  3167  55.0000 312.0000 0000000   0.0000 276.0000 14.92546055    01
SATNET-590-05648 [DTC]
1  3168U 00000A   25274.57408802 .00000000  00000-0 0 000           4
2  3168  55.0000 312.0000 0000000   0.0000 282.0000 14.92546055    09
SATNET-590-05649 [DTC]
1  3169U 00000A   25274.57408802 .00000000  00000-0 0 000           5
2  3169  55.0000 312.0000 0000000   0.0000 288.0000 14.92546055    06
SATNET-590-05650 [DTC]
1  3170U 00000A   25274.57408802 .00000000  00000-0 0 000           7
2  3170  55.0000 312.0000 0000000   0.0000 294.0000 14.92546055    05
SATNET-590-05651 [DTC]
1  3171U 00000A   25274.57408802 .00000000  00000-0 0 000           8
2  3171  55.0000 312.0000 0000000   0.0000 300.0000 14.92546055    04
SATNET-590-05652 [DTC]
1  3172U 00000A   25274.57408802 .00000000  00000-0 0 000           9
2  3172  55.0000 312.0000 0000000   0.0000 306.0000 14.92546055    01
SATNET-590-05653 [DTC]
1  3173U 00000A   25274.57408802 .00000000  00000-0 0 000           0
2  3173  55.0000 312.0000 0000000   0.0000 312.0000 14.92546055    09
SATNET-590-05654 [DTC]
1  3174U 00000A   25274.57408802 .00000000  00000-0 0 000           1
2  3174  55.0000 312.0000 0000000   0.0000 318.0000 14.92546055    06
SATNET-590-05655 [DTC]
1  3175U 00000A   25274.57408802 .00000000  00000-0 0 000           2
2  3175  55.0000 312.0000 0000000   0.0000 324.0000 14.92546055    04
SATNET-590-05656 [DTC]
1  3176U 00000A   25274.57408802 .00000000  00000-0 0 000           3
2  3176  55.0000 312.0000 0000000   0.0000 330.0000 14.92546055    02
SATNET-590-05657 [DTC]
1  3177U 00000A   25274.57408802 .00000000  00000-0 0 000           4
2  3177  55.0000 312.0000 0000000   0.0000 336.0000 14.92546055    09
SATNET-590-05658 [DTC]
1  3178U 00000A   25274.57408802 .00000000  00000-0 0 000           5
2  3178  55.0000 312.0000 0000000   0.0000 342.0000 14.92546055    07
SATNET-590-05659 [DTC]
1  3179U 00000A   25274.57408802 .00000000  00000-0 0 000           6
2  3179  55.0000 312.0000 0000000   0.0000 348.0000 14.92546055    04
SATNET-590-05660 [DTC]
1  3180U 00000A   25274.57408802 .00000000  00000-0 0 000           8
2  3180  55.0000 312.0000 0000000   0.0000 354.0000 14.92546055    03
SATNET-590-05661 [DTC]
1  3181U 00000A   25274.57408802 .00000000  00000-0 0 000           9
2  3181  55.0000 318.0000 0000000   0.0000   0.0000 14.92546055    08
SATNET-590-05662 [DTC]
1  3182U 00000A   25274.57408802 .00000000  00000-0 0 000           0
2  3182  55.0000 318.0000 0000000   0.0000   6.0000 14.92546055    05
SATNET-590-05663 [DTC]
1  3183U 00000A   25274.57408802 .00000000  00000-0 0 000           1
2  3183  55.0000 318.0000 0000000   0.0000  12.0000 14.92546055    03
SATNET-590-05664 [DTC]
1  3184U 00000A   25274.57408802 .00000000  00000-0 0 000           2
2  3184  55.0000 318.0000 0000000   0.0000  18.0000 14.92546055    00
SATNET-590-05665 [DTC]
1  3185U 00000A   25274.57408802 .00000000  00000-0 0 000           3
2  3185  55.0000 318.0000 0000000   0.0000  24.0000 14.92546055    08
SATNET-590-05666 [DTC]
1  3186U 00000A   25274.57408802 .00000000  00000-0 0 000           4
2  3186  55.0000 318.0000 0000000   0.0000  30.0000 14.92546055    06
SATNET-590-05667 [DTC]
1  3187U 00000A   25274.57408802 .00000000  00000-0 0 000           5
2  3187  55.0000 318.0000 0000000   0.0000  36.0000 14.92546055    03
SATNET-590-05668 [DTC]
1  3188U 00000A   25274.57408802 .00000000  00000-0 0 000           6
2  3188  55.0000 318.0000 0000000   0.0000  42.0000 14.92546055    01
SATNET-590-05669 [DTC]
1  3189U 00000A   25274.57408802 .00000000  00000-0 0 000           7
2  3189  55.0000 318.0000 0000000   0.0000  48.0000 14.92546055    08
SATNET-590-05670 [DTC]
1  3190U 00000A   25274.57408802 .00000000  00000-0 0 000           9
2  3190  55.0000 318.0000 0000000   0.0000  54.0000 14.92546055    07
SATNET-590-05671 [DTC]
1  3191U 00000A   25274.57408802 .00000000  00000-0 0 000           0
2  3191  55.0000 318.0000 0000000   0.0000  60.0000 14.92546055    05
SATNET-590-05672 [DTC]
1  3192U 00000A   25274.57408802 .00000000  00000-0 0 000           1
2  3192  55.0000 318.0000 0000000   0.0000  66.0000 14.92546055    02
SATNET-590-05673 [DTC]
1  3193U 00000A   25274.57408802 .00000000  00000-0 0 000           2
2  3193  55.0000 318.0000 0000000   0.0000  72.0000 14.92546055    00
SATNET-590-05674 [DTC]
1  3194U 00000A   25274.57408802 .00000000  00000-0 0 000           3
2  3194  55.0000 318.0000 0000000   0.0000  78.0000 14.92546055    07
SATNET-590-05675 [DTC]
1  3195U 00000A   25274.57408802 .00000000  00000-0 0 000           4
2  3195  55.0000 318.0000 0000000   0.0000  84.0000 14.92546055    05
SATNET-590-05676 [DTC]
1  3196U 00000A   25274.57408802 .00000000  00000-0 0 000           5
2  3196  55.0000 318.0000 0000000   0.0000  90.0000 14.92546055    03
SATNET-590-05677 [DTC]
1  3197U 00000A   25274.57408802 .00000000  00000-0 0 000           6
2  3197  55.0000 318.0000 0000000   0.0000  96.0000 14.92546055    00
SATNET-590-05678 [DTC]
1  3198U 00000A   25274.57408802 .00000000  00000-0 0 000           7
2  3198  55.0000 318.0000 0000000   0.0000 102.0000 14.92546055    09
SATNET-590-05679 [DTC]
1  3199U 00000A   25274.57408802 .00000000  00000-0 0 000           8
2  3199  55.0000 318.0000 0000000   0.0000 108.0000 14.92546055    06
SATNET-590-05680 [DTC]
1  3200U 00000A   25274.57408802 .00000000  00000-0 0 000           1
2  3200  55.0000 318.0000 0000000   0.0000 114.0000 14.92546055    06
SATNET-590-05681 [DTC]
1  3201U 00000A   25274.57408802 .00000000  00000-0 0 000           2
2  3201  55.0000 318.0000 0000000   0.0000 120.0000 14.92546055    04
SATNET-590-05682 [DTC]
1  3202U 00000A   25274.57408802 .00000000  00000-0 0 000           3
2  3202  55.0000 318.0000 0000000   0.0000 126.0000 14.92546055    01
SATNET-590-05683 [DTC]
1  3203U 00000A   25274.57408802 .00000000  00000-0 0 000           4
2  3203  55.0000 318.0000 0000000   0.0000 132.0000 14.92546055    09
SATNET-590-05684 [DTC]
1  3204U 00000A   25274.57408802 .00000000  00000-0 0 000           5
2  3204  55.0000 318.0000 0000000   0.0000 138.0000 14.92546055    06
SATNET-590-05685 [DTC]
1  3205U 00000A   25274.57408802 .00000000  00000-0 0 000           6
2  3205  55.0000 318.0000 0000000   0.0000 144.0000 14.92546055    04
SATNET-590-05686 [DTC]
1  3206U 00000A   25274.57408802 .00000000  00000-0 0 000           7
2  3206  55.0000 318.0000 0000000   0.0000 150.0000 14.92546055    02
SATNET-590-05687 [DTC]
1  3207U 00000A   25274.57408802 .00000000  00000-0 0 000           8
2  3207  55.0000 318.0000 0000000   0.0000 156.0000 14.92546055    09
SATNET-590-05688 [DTC]
1  3208U 00000A   25274.57408802 .00000000  00000-0 0 000           9
2  3208  55.0000 318.0000 0000000   0.0000 162.0000 14.92546055    07
SATNET-590-05689 [DTC]
1  3209U 00000A   25274.57408802 .00000000  00000-0 0 000           0
2  3209  55.0000 318.0000 0000000   0.0000 168.0000 14.92546055    04
SATNET-590-05690 [DTC]
1  3210U 00000A   25274.57408802 .00000000  00000-0 0 000           2
2  3210  55.0000 318.0000 0000000   0.0000 174.0000 14.92546055    03
SATNET-590-05691 [DTC]
1  3211U 00000A   25274.57408802 .00000000  00000-0 0 000           3
2  3211  55.0000 318.0000 0000000   0.0000 180.0000 14.92546055    01
SATNET-590-05692 [DTC]
1  3212U 00000A   25274.57408802 .00000000  00000-0 0 000           4
2  3212  55.0000 318.0000 0000000   0.0000 186.0000 14.92546055    08
SATNET-590-05693 [DTC]
1  3213U 00000A   25274.57408802 .00000000  00000-0 0 000           5
2  3213  55.0000 318.0000 0000000   0.0000 192.0000 14.92546055    06
SATNET-590-05694 [DTC]
1  3214U 00000A   25274.57408802 .00000000  00000-0 0 000           6
2  3214  55.0000 318.0000 0000000   0.0000 198.0000 14.92546055    03
SATNET-590-05695 [DTC]
1  3215U 00000A   25274.57408802 .00000000  00000-0 0 000           7
2  3215  55.0000 318.0000 0000000   0.0000 204.0000 14.92546055    02
SATNET-590-05696 [DTC]
1  3216U 00000A   25274.57408802 .00000000  00000-0 0 000           8
2  3216  55.0000 318.0000 0000000   0.0000 210.0000 14.92546055    00
SATNET-590-05697 [DTC]
1  3217U 00000A   25274.57408802 .00000000  00000-0 0 000           9
2  3217  55.0000 318.0000 0000000   0.0000 216.0000 14.92546055    07
SATNET-590-05698 [DTC]
1  3218U 00000A   25274.57408802 .00000000  00000-0 0 000           0
2  3218  55.0000 318.0000 0000000   0.0000 222.0000 14.92546055    05
SATNET-590-05699 [DTC]
1  3219U 00000A   25274.57408802 .00000000  00000-0 0 000           1
2  3219  55.0000 318.0000 0000000   0.0000 228.0000 14.92546055    02
SATNET-590-05700 [DTC]
1  3220U 00000A   25274.57408802 .00000000  00000-0 0 000           3
2  3220  55.0000 318.0000 0000000   0.0000 234.0000 14.92546055    01
SATNET-590-05701 [DTC]
1  3221U 00000A   25274.57408802 .00000000  00000-0 0 000           4
2  3221  55.0000 318.0000 0000000   0.0000 240.0000 14.92546055    09
SATNET-590-05702 [DTC]
1  3222U 00000A   25274.57408802 .00000000  00000-0 0 000           5
2  3222  55.0000 318.0000 0000000   0.0000 246.0000 14.92546055    06
SATNET-590-05703 [DTC]
1  3223U 00000A   25274.57408802 .00000000  00000-0 0 000           6
2  3223  55.0000 318.0000 0000000   0.0000 252.0000 14.92546055    04
SATNET-590-05704 [DTC]
1  3224U 00000A   25274.57408802 .00000000  00000-0 0 000           7
2  3224  55.0000 318.0000 0000000   0.0000 258.0000 14.92546055    01
SATNET-590-05705 [DTC]
1  3225U 00000A   25274.57408802 .00000000  00000-0 0 000           8
2  3225  55.0000 318.0000 0000000   0.0000 264.0000 14.92546055    09
SATNET-590-05706 [DTC]
1  3226U 00000A   25274.57408802 .00000000  00000-0 0 000           9
2  3226  55.0000 318.0000 0000000   0.0000 270.0000 14.92546055    07
SATNET-590-05707 [DTC]
1  3227U 00000A   25274.57408802 .00000000  00000-0 0 000           0
2  3227  55.0000 318.0000 0000000   0.0000 276.0000 14.92546055    04
SATNET-590-05708 [DTC]
1  3228U 00000A   25274.57408802 .00000000  00000-0 0 000           1
2  3228  55.0000 318.0000 0000000   0.0000 282.0000 14.92546055    02
SATNET-590-05709 [DTC]
1  3229U 00000A   25274.57408802 .00000000  00000-0 0 000           2
2  3229  55.0000 318.0000 0000000   0.0000 288.0000 14.92546055    09
SATNET-590-05710 [DTC]
1  3230U 00000A   25274.57408802 .00000000  00000-0 0 000           4
2  3230  55.0000 318.0000 0000000   0.0000 294.0000 14.92546055    08
SATNET-590-05711 [DTC]
1  3231U 00000A   25274.57408802 .00000000  00000-0 0 000           5
2  3231  55.0000 318.0000 0000000   0.0000 300.0000 14.92546055    07
SATNET-590-05712 [DTC]
1  3232U 00000A   25274.57408802 .00000000  00000-0 0 000           6
2  3232  55.0000 318.0000 0000000   0.0000 306.0000 14.92546055    04
SATNET-590-05713 [DTC]
1  3233U 00000A   25274.57408802 .00000000  00000-0 0 000           7
2  3233  55.0000 318.0000 0000000   0.0000 312.0000 14.92546055    02
SATNET-590-05714 [DTC]
1  3234U 00000A   25274.57408802 .00000000  00000-0 0 000           8
2  3234  55.0000 318.0000 0000000   0.0000 318.0000 14.92546055    09
SATNET-590-05715 [DTC]
1  3235U 00000A   25274.57408802 .00000000  00000-0 0 000           9
2  3235  55.0000 318.0000 0000000   0.0000 324.0000 14.92546055    07
SATNET-590-05716 [DTC]
1  3236U 00000A   25274.57408802 .00000000  00000-0 0 000           0
2  3236  55.0000 318.0000 0000000   0.0000 330.0000 14.92546055    05
SATNET-590-05717 [DTC]
1  3237U 00000A   25274.57408802 .00000000  00000-0 0 000           1
2  3237  55.0000 318.0000 0000000   0.0000 336.0000 14.92546055    02
SATNET-590-05718 [DTC]
1  3238U 00000A   25274.57408802 .00000000  00000-0 0 000           2
2  3238  55.0000 318.0000 0000000   0.0000 342.0000 14.92546055    00
SATNET-590-05719 [DTC]
1  3239U 00000A   25274.57408802 .00000000  00000-0 0 000           3
2  3239  55.0000 318.0000 0000000   0.0000 348.0000 14.92546055    07
SATNET-590-05720 [DTC]
1  3240U 00000A   25274.57408802 .00000000  00000-0 0 000           5
2  3240  55.0000 318.0000 0000000   0.0000 354.0000 14.92546055    06
SATNET-590-05721 [DTC]
1  3241U 00000A   25274.57408802 .00000000  00000-0 0 000           6
2  3241  55.0000 324.0000 0000000   0.0000   0.0000 14.92546055    02
SATNET-590-05722 [DTC]
1  3242U 00000A   25274.57408802 .00000000  00000-0 0 000           7
2  3242  55.0000 324.0000 0000000   0.0000   6.0000 14.92546055    09
SATNET-590-05723 [DTC]
1  3243U 00000A   25274.57408802 .00000000  00000-0 0 000           8
2  3243  55.0000 324.0000 0000000   0.0000  12.0000 14.92546055    07
SATNET-590-05724 [DTC]
1  3244U 00000A   25274.57408802 .00000000  00000-0 0 000           9
2  3244  55.0000 324.0000 0000000   0.0000  18.0000 14.92546055    04
SATNET-590-05725 [DTC]
1  3245U 00000A   25274.57408802 .00000000  00000-0 0 000           0
2  3245  55.0000 324.0000 0000000   0.0000  24.0000 14.92546055    02
SATNET-590-05726 [DTC]
1  3246U 00000A   25274.57408802 .00000000  00000-0 0 000           1
2  3246  55.0000 324.0000 0000000   0.0000  30.0000 14.92546055    00
SATNET-590-05727 [DTC]
1  3247U 00000A   25274.57408802 .00000000  00000-0 0 000           2
2  3247  55.0000 324.0000 0000000   0.0000  36.0000 14.92546055    07
SATNET-590-05728 [DTC]
1  3248U 00000A   25274.57408802 .00000000  00000-0 0 000           3
2  3248  55.0000 324.0000 0000000   0.0000  42.0000 14.92546055    05
SATNET-590-05729 [DTC]
1  3249U 00000A   25274.57408802 .00000000  00000-0 0 000           4
2  3249  55.0000 324.0000 0000000   0.0000  48.0000 14.92546055    02
SATNET-590-05730 [DTC]
1  3250U 00000A   25274.57408802 .00000000  00000-0 0 000           6
2  3250  55.0000 324.0000 0000000   0.0000  54.0000 14.92546055    01
SATNET-590-05731 [DTC]
1  3251U 00000A   25274.57408802 .00000000  00000-0 0 000           7
2  3251  55.0000 324.0000 0000000   0.0000  60.0000 14.92546055    09
SATNET-590-05732 [DTC]
1  3252U 00000A   25274.57408802 .00000000  00000-0 0 000           8
2  3252  55.0000 324.0000 0000000   0.0000  66.0000 14.92546055    06
SATNET-590-05733 [DTC]
1  3253U 00000A   25274.57408802 .00000000  00000-0 0 000           9
2  3253  55.0000 324.0000 0000000   0.0000  72.0000 14.92546055    04
SATNET-590-05734 [DTC]
1  3254U 00000A   25274.57408802 .00000000  00000-0 0 000           0
2  3254  55.0000 324.0000 0000000   0.0000  78.0000 14.92546055    01
SATNET-590-05735 [DTC]
1  3255U 00000A   25274.57408802 .00000000  00000-0 0 000           1
2  3255  55.0000 324.0000 0000000   0.0000  84.0000 14.92546055    09
SATNET-590-05736 [DTC]
1  3256U 00000A   25274.57408802 .00000000  00000-0 0 000           2
2  3256  55.0000 324.0000 0000000   0.0000  90.0000 14.92546055    07
SATNET-590-05737 [DTC]
1  3257U 00000A   25274.57408802 .00000000  00000-0 0 000           3
2  3257  55.0000 324.0000 0000000   0.0000  96.0000 14.92546055    04
SATNET-590-05738 [DTC]
1  3258U 00000A   25274.57408802 .00000000  00000-0 0 000           4
2  3258  55.0000 324.0000 0000000   0.0000 102.0000 14.92546055    03
SATNET-590-05739 [DTC]
1  3259U 00000A   25274.57408802 .00000000  00000-0 0 000           5
2  3259  55.0000 324.0000 0000000   0.0000 108.0000 14.92546055    00
SATNET-590-05740 [DTC]
1  3260U 00000A   25274.57408802 .00000000  00000-0 0 000           7
2  3260  55.0000 324.0000 0000000   0.0000 114.0000 14.92546055    09
SATNET-590-05741 [DTC]
1  3261U 00000A   25274.57408802 .00000000  00000-0 0 000           8
2  3261  55.0000 324.0000 0000000   0.0000 120.0000 14.92546055    07
SATNET-590-05742 [DTC]
1  3262U 00000A   25274.57408802 .00000000  00000-0 0 000           9
2  3262  55.0000 324.0000 0000000   0.0000 126.0000 14.92546055    04
SATNET-590-05743 [DTC]
1  3263U 00000A   25274.57408802 .00000000  00000-0 0 000           0
2  3263  55.0000 324.0000 0000000   0.0000 132.0000 14.92546055    02
SATNET-590-05744 [DTC]
1  3264U 00000A   25274.57408802 .00000000  00000-0 0 000           1
2  3264  55.0000 324.0000 0000000   0.0000 138.0000 14.92546055    09
SATNET-590-05745 [DTC]
1  3265U 00000A   25274.57408802 .00000000  00000-0 0 000           2
2  3265  55.0000 324.0000 0000000   0.0000 144.0000 14.92546055    07
SATNET-590-05746 [DTC]
1  3266U 00000A   25274.57408802 .00000000  00000-0 0 000           3
2  3266  55.0000 324.0000 0000000   0.0000 150.0000 14.92546055    05
SATNET-590-05747 [DTC]
1  3267U 00000A   25274.57408802 .00000000  00000-0 0 000           4
2  3267  55.0000 324.0000 0000000   0.0000 156.0000 14.92546055    02
SATNET-590-05748 [DTC]
1  3268U 00000A   25274.57408802 .00000000  00000-0 0 000           5
2  3268  55.0000 324.0000 0000000   0.0000 162.0000 14.92546055    00
SATNET-590-05749 [DTC]
1  3269U 00000A   25274.57408802 .00000000  00000-0 0 000           6
2  3269  55.0000 324.0000 0000000   0.0000 168.0000 14.92546055    07
SATNET-590-05750 [DTC]
1  3270U 00000A   25274.57408802 .00000000  00000-0 0 000           8
2  3270  55.0000 324.0000 0000000   0.0000 174.0000 14.92546055    06
SATNET-590-05751 [DTC]
1  3271U 00000A   25274.57408802 .00000000  00000-0 0 000           9
2  3271  55.0000 324.0000 0000000   0.0000 180.0000 14.92546055    04
SATNET-590-05752 [DTC]
1  3272U 00000A   25274.57408802 .00000000  00000-0 0 000           0
2  3272  55.0000 324.0000 0000000   0.0000 186.0000 14.92546055    01
SATNET-590-05753 [DTC]
1  3273U 00000A   25274.57408802 .00000000  00000-0 0 000           1
2  3273  55.0000 324.0000 0000000   0.0000 192.0000 14.92546055    09
SATNET-590-05754 [DTC]
1  3274U 00000A   25274.57408802 .00000000  00000-0 0 000           2
2  3274  55.0000 324.0000 0000000   0.0000 198.0000 14.92546055    06
SATNET-590-05755 [DTC]
1  3275U 00000A   25274.57408802 .00000000  00000-0 0 000           3
2  3275  55.0000 324.0000 0000000   0.0000 204.0000 14.92546055    05
SATNET-590-05756 [DTC]
1  3276U 00000A   25274.57408802 .00000000  00000-0 0 000           4
2  3276  55.0000 324.0000 0000000   0.0000 210.0000 14.92546055    03
SATNET-590-05757 [DTC]
1  3277U 00000A   25274.57408802 .00000000  00000-0 0 000           5
2  3277  55.0000 324.0000 0000000   0.0000 216.0000 14.92546055    00
SATNET-590-05758 [DTC]
1  3278U 00000A   25274.57408802 .00000000  00000-0 0 000           6
2  3278  55.0000 324.0000 0000000   0.0000 222.0000 14.92546055    08
SATNET-590-05759 [DTC]
1  3279U 00000A   25274.57408802 .00000000  00000-0 0 000           7
2  3279  55.0000 324.0000 0000000   0.0000 228.0000 14.92546055    05
SATNET-590-05760 [DTC]
1  3280U 00000A   25274.57408802 .00000000  00000-0 0 000           9
2  3280  55.0000 324.0000 0000000   0.0000 234.0000 14.92546055    04
SATNET-590-05761 [DTC]
1  3281U 00000A   25274.57408802 .00000000  00000-0 0 000           0
2  3281  55.0000 324.0000 0000000   0.0000 240.0000 14.92546055    02
SATNET-590-05762 [DTC]
1  3282U 00000A   25274.57408802 .00000000  00000-0 0 000           1
2  3282  55.0000 324.0000 0000000   0.0000 246.0000 14.92546055    09
SATNET-590-05763 [DTC]
1  3283U 00000A   25274.57408802 .00000000  00000-0 0 000           2
2  3283  55.0000 324.0000 0000000   0.0000 252.0000 14.92546055    07
SATNET-590-05764 [DTC]
1  3284U 00000A   25274.57408802 .00000000  00000-0 0 000           3
2  3284  55.0000 324.0000 0000000   0.0000 258.0000 14.92546055    04
SATNET-590-05765 [DTC]
1  3285U 00000A   25274.57408802 .00000000  00000-0 0 000           4
2  3285  55.0000 324.0000 0000000   0.0000 264.0000 14.92546055    02
SATNET-590-05766 [DTC]
1  3286U 00000A   25274.57408802 .00000000  00000-0 0 000           5
2  3286  55.0000 324.0000 0000000   0.0000 270.0000 14.92546055    00
SATNET-590-05767 [DTC]
1  3287U 00000A   25274.57408802 .00000000  00000-0 0 000           6
2  3287  55.0000 324.0000 0000000   0.0000 276.0000 14.92546055    07
SATNET-590-05768 [DTC]
1  3288U 00000A   25274.57408802 .00000000  00000-0 0 000           7
2  3288  55.0000 324.0000 0000000   0.0000 282.0000 14.92546055    05
SATNET-590-05769 [DTC]
1  3289U 00000A   25274.57408802 .00000000  00000-0 0 000           8
2  3289  55.0000 324.0000 0000000   0.0000 288.0000 14.92546055    02
SATNET-590-05770 [DTC]
1  3290U 00000A   25274.57408802 .00000000  00000-0 0 000           0
2  3290  55.0000 324.0000 0000000   0.0000 294.0000 14.92546055    01
SATNET-590-05771 [DTC]
1  3291U 00000A   25274.57408802 .00000000  00000-0 0 000           1
2  3291  55.0000 324.0000 0000000   0.0000 300.0000 14.92546055    00
SATNET-590-05772 [DTC]
1  3292U 00000A   25274.57408802 .00000000  00000-0 0 000           2
2  3292  55.0000 324.0000 0000000   0.0000 306.0000 14.92546055    07
SATNET-590-05773 [DTC]
1  3293U 00000A   25274.57408802 .00000000  00000-0 0 000           3
2  3293  55.0000 324.0000 0000000   0.0000 312.0000 14.92546055    05
SATNET-590-05774 [DTC]
1  3294U 00000A   25274.57408802 .00000000  00000-0 0 000           4
2  3294  55.0000 324.0000 0000000   0.0000 318.0000 14.92546055    02
SATNET-590-05775 [DTC]
1  3295U 00000A   25274.57408802 .00000000  00000-0 0 000           5
2  3295  55.0000 324.0000 0000000   0.0000 324.0000 14.92546055    00
SATNET-590-05776 [DTC]
1  3296U 00000A   25274.57408802 .00000000  00000-0 0 000           6
2  3296  55.0000 324.0000 0000000   0.0000 330.0000 14.92546055    08
SATNET-590-05777 [DTC]
1  3297U 00000A   25274.57408802 .00000000  00000-0 0 000           7
2  3297  55.0000 324.0000 0000000   0.0000 336.0000 14.92546055    05
SATNET-590-05778 [DTC]
1  3298U 00000A   25274.57408802 .00000000  00000-0 0 000           8
2  3298  55.0000 324.0000 0000000   0.0000 342.0000 14.92546055    03
SATNET-590-05779 [DTC]
1  3299U 00000A   25274.57408802 .00000000  00000-0 0 000           9
2  3299  55.0000 324.0000 0000000   0.0000 348.0000 14.92546055    00
SATNET-590-05780 [DTC]
1  3300U 00000A   25274.57408802 .00000000  00000-0 0 000           2
2  3300  55.0000 324.0000 0000000   0.0000 354.0000 14.92546055    00
SATNET-590-05781 [DTC]
1  3301U 00000A   25274.57408802 .00000000  00000-0 0 000           3
2  3301  55.0000 330.0000 0000000   0.0000   0.0000 14.92546055    06
SATNET-590-05782 [DTC]
1  3302U 00000A   25274.57408802 .00000000  00000-0 0 000           4
2  3302  55.0000 330.0000 0000000   0.0000   6.0000 14.92546055    03
SATNET-590-05783 [DTC]
1  3303U 00000A   25274.57408802 .00000000  00000-0 0 000           5
2  3303  55.0000 330.0000 0000000   0.0000  12.0000 14.92546055    01
SATNET-590-05784 [DTC]
1  3304U 00000A   25274.57408802 .00000000  00000-0 0 000           6
2  3304  55.0000 330.0000 0000000   0.0000  18.0000 14.92546055    08
SATNET-590-05785 [DTC]
1  3305U 00000A   25274.57408802 .00000000  00000-0 0 000           7
2  3305  55.0000 330.0000 0000000   0.0000  24.0000 14.92546055    06
SATNET-590-05786 [DTC]
1  3306U 00000A   25274.57408802 .00000000  00000-0 0 000           8
2  3306  55.0000 330.0000 0000000   0.0000  30.0000 14.92546055    04
SATNET-590-05787 [DTC]
1  3307U 00000A   25274.57408802 .00000000  00000-0 0 000           9
2  3307  55.0000 330.0000 0000000   0.0000  36.0000 14.92546055    01
SATNET-590-05788 [DTC]
1  3308U 00000A   25274.57408802 .00000000  00000-0 0 000           0
2  3308  55.0000 330.0000 0000000   0.0000  42.0000 14.92546055    09
SATNET-590-05789 [DTC]
1  3309U 00000A   25274.57408802 .00000000  00000-0 0 000           1
2  3309  55.0000 330.0000 0000000   0.0000  48.0000 14.92546055    06
SATNET-590-05790 [DTC]
1  3310U 00000A   25274.57408802 .00000000  00000-0 0 000           3
2  3310  55.0000 330.0000 0000000   0.0000  54.0000 14.92546055    05
SATNET-590-05791 [DTC]
1  3311U 00000A   25274.57408802 .00000000  00000-0 0 000           4
2  3311  55.0000 330.0000 0000000   0.0000  60.0000 14.92546055    03
SATNET-590-05792 [DTC]
1  3312U 00000A   25274.57408802 .00000000  00000-0 0 000           5
2  3312  55.0000 330.0000 0000000   0.0000  66.0000 14.92546055    00
SATNET-590-05793 [DTC]
1  3313U 00000A   25274.57408802 .00000000  00000-0 0 000           6
2  3313  55.0000 330.0000 0000000   0.0000  72.0000 14.92546055    08
SATNET-590-05794 [DTC]
1  3314U 00000A   25274.57408802 .00000000  00000-0 0 000           7
2  3314  55.0000 330.0000 0000000   0.0000  78.0000 14.92546055    05
SATNET-590-05795 [DTC]
1  3315U 00000A   25274.57408802 .00000000  00000-0 0 000           8
2  3315  55.0000 330.0000 0000000   0.0000  84.0000 14.92546055    03
SATNET-590-05796 [DTC]
1  3316U 00000A   25274.57408802 .00000000  00000-0 0 000           9
2  3316  55.0000 330.0000 0000000   0.0000  90.0000 14.92546055    01
SATNET-590-05797 [DTC]
1  3317U 00000A   25274.57408802 .00000000  00000-0 0 000           0
2  3317  55.0000 330.0000 0000000   0.0000  96.0000 14.92546055    08
SATNET-590-05798 [DTC]
1  3318U 00000A   25274.57408802 .00000000  00000-0 0 000           1
2  3318  55.0000 330.0000 0000000   0.0000 102.0000 14.92546055    07
SATNET-590-05799 [DTC]
1  3319U 00000A   25274.57408802 .00000000  00000-0 0 000           2
2  3319  55.0000 330.0000 0000000   0.0000 108.0000 14.92546055    04
SATNET-590-05800 [DTC]
1  3320U 00000A   25274.57408802 .00000000  00000-0 0 000           4
2  3320  55.0000 330.0000 0000000   0.0000 114.0000 14.92546055    03
SATNET-590-05801 [DTC]
1  3321U 00000A   25274.57408802 .00000000  00000-0 0 000           5
2  3321  55.0000 330.0000 0000000   0.0000 120.0000 14.92546055    01
SATNET-590-05802 [DTC]
1  3322U 00000A   25274.57408802 .00000000  00000-0 0 000           6
2  3322  55.0000 330.0000 0000000   0.0000 126.0000 14.92546055    08
SATNET-590-05803 [DTC]
1  3323U 00000A   25274.57408802 .00000000  00000-0 0 000           7
2  3323  55.0000 330.0000 0000000   0.0000 132.0000 14.92546055    06
SATNET-590-05804 [DTC]
1  3324U 00000A   25274.57408802 .00000000  00000-0 0 000           8
2  3324  55.0000 330.0000 0000000   0.0000 138.0000 14.92546055    03
SATNET-590-05805 [DTC]
1  3325U 00000A   25274.57408802 .00000000  00000-0 0 000           9
2  3325  55.0000 330.0000 0000000   0.0000 144.0000 14.92546055    01
SATNET-590-05806 [DTC]
1  3326U 00000A   25274.57408802 .00000000  00000-0 0 000           0
2  3326  55.0000 330.0000 0000000   0.0000 150.0000 14.92546055    09
SATNET-590-05807 [DTC]
1  3327U 00000A   25274.57408802 .00000000  00000-0 0 000           1
2  3327  55.0000 330.0000 0000000   0.0000 156.0000 14.92546055    06
SATNET-590-05808 [DTC]
1  3328U 00000A   25274.57408802 .00000000  00000-0 0 000           2
2  3328  55.0000 330.0000 0000000   0.0000 162.0000 14.92546055    04
SATNET-590-05809 [DTC]
1  3329U 00000A   25274.57408802 .00000000  00000-0 0 000           3
2  3329  55.0000 330.0000 0000000   0.0000 168.0000 14.92546055    01
SATNET-590-05810 [DTC]
1  3330U 00000A   25274.57408802 .00000000  00000-0 0 000           5
2  3330  55.0000 330.0000 0000000   0.0000 174.0000 14.92546055    00
SATNET-590-05811 [DTC]
1  3331U 00000A   25274.57408802 .00000000  00000-0 0 000           6
2  3331  55.0000 330.0000 0000000   0.0000 180.0000 14.92546055    08
SATNET-590-05812 [DTC]
1  3332U 00000A   25274.57408802 .00000000  00000-0 0 000           7
2  3332  55.0000 330.0000 0000000   0.0000 186.0000 14.92546055    05
SATNET-590-05813 [DTC]
1  3333U 00000A   25274.57408802 .00000000  00000-0 0 000           8
2  3333  55.0000 330.0000 0000000   0.0000 192.0000 14.92546055    03
SATNET-590-05814 [DTC]
1  3334U 00000A   25274.57408802 .00000000  00000-0 0 000           9
2  3334  55.0000 330.0000 0000000   0.0000 198.0000 14.92546055    00
SATNET-590-05815 [DTC]
1  3335U 00000A   25274.57408802 .00000000  00000-0 0 000           0
2  3335  55.0000 330.0000 0000000   0.0000 204.0000 14.92546055    09
SATNET-590-05816 [DTC]
1  3336U 00000A   25274.57408802 .00000000  00000-0 0 000           1
2  3336  55.0000 330.0000 0000000   0.0000 210.0000 14.92546055    07
SATNET-590-05817 [DTC]
1  3337U 00000A   25274.57408802 .00000000  00000-0 0 000           2
2  3337  55.0000 330.0000 0000000   0.0000 216.0000 14.92546055    04
SATNET-590-05818 [DTC]
1  3338U 00000A   25274.57408802 .00000000  00000-0 0 000           3
2  3338  55.0000 330.0000 0000000   0.0000 222.0000 14.92546055    02
SATNET-590-05819 [DTC]
1  3339U 00000A   25274.57408802 .00000000  00000-0 0 000           4
2  3339  55.0000 330.0000 0000000   0.0000 228.0000 14.92546055    09
SATNET-590-05820 [DTC]
1  3340U 00000A   25274.57408802 .00000000  00000-0 0 000           6
2  3340  55.0000 330.0000 0000000   0.0000 234.0000 14.92546055    08
SATNET-590-05821 [DTC]
1  3341U 00000A   25274.57408802 .00000000  00000-0 0 000           7
2  3341  55.0000 330.0000 0000000   0.0000 240.0000 14.92546055    06
SATNET-590-05822 [DTC]
1  3342U 00000A   25274.57408802 .00000000  00000-0 0 000           8
2  3342  55.0000 330.0000 0000000   0.0000 246.0000 14.92546055    03
SATNET-590-05823 [DTC]
1  3343U 00000A   25274.57408802 .00000000  00000-0 0 000           9
2  3343  55.0000 330.0000 0000000   0.0000 252.0000 14.92546055    01
SATNET-590-05824 [DTC]
1  3344U 00000A   25274.57408802 .00000000  00000-0 0 000           0
2  3344  55.0000 330.0000 0000000   0.0000 258.0000 14.92546055    08
SATNET-590-05825 [DTC]
1  3345U 00000A   25274.57408802 .00000000  00000-0 0 000           1
2  3345  55.0000 330.0000 0000000   0.0000 264.0000 14.92546055    06
SATNET-590-05826 [DTC]
1  3346U 00000A   25274.57408802 .00000000  00000-0 0 000           2
2  3346  55.0000 330.0000 0000000   0.0000 270.0000 14.92546055    04
SATNET-590-05827 [DTC]
1  3347U 00000A   25274.57408802 .00000000  00000-0 0 000           3
2  3347  55.0000 330.0000 0000000   0.0000 276.0000 14.92546055    01
SATNET-590-05828 [DTC]
1  3348U 00000A   25274.57408802 .00000000  00000-0 0 000           4
2  3348  55.0000 330.0000 0000000   0.0000 282.0000 14.92546055    09
SATNET-590-05829 [DTC]
1  3349U 00000A   25274.57408802 .00000000  00000-0 0 000           5
2  3349  55.0000 330.0000 0000000   0.0000 288.0000 14.92546055    06
SATNET-590-05830 [DTC]
1  3350U 00000A   25274.57408802 .00000000  00000-0 0 000           7
2  3350  55.0000 330.0000 0000000   0.0000 294.0000 14.92546055    05
SATNET-590-05831 [DTC]
1  3351U 00000A   25274.57408802 .00000000  00000-0 0 000           8
2  3351  55.0000 330.0000 0000000   0.0000 300.0000 14.92546055    04
SATNET-590-05832 [DTC]
1  3352U 00000A   25274.57408802 .00000000  00000-0 0 000           9
2  3352  55.0000 330.0000 0000000   0.0000 306.0000 14.92546055    01
SATNET-590-05833 [DTC]
1  3353U 00000A   25274.57408802 .00000000  00000-0 0 000           0
2  3353  55.0000 330.0000 0000000   0.0000 312.0000 14.92546055    09
SATNET-590-05834 [DTC]
1  3354U 00000A   25274.57408802 .00000000  00000-0 0 000           1
2  3354  55.0000 330.0000 0000000   0.0000 318.0000 14.92546055    06
SATNET-590-05835 [DTC]
1  3355U 00000A   25274.57408802 .00000000  00000-0 0 000           2
2  3355  55.0000 330.0000 0000000   0.0000 324.0000 14.92546055    04
SATNET-590-05836 [DTC]
1  3356U 00000A   25274.57408802 .00000000  00000-0 0 000           3
2  3356  55.0000 330.0000 0000000   0.0000 330.0000 14.92546055    02
SATNET-590-05837 [DTC]
1  3357U 00000A   25274.57408802 .00000000  00000-0 0 000           4
2  3357  55.0000 330.0000 0000000   0.0000 336.0000 14.92546055    09
SATNET-590-05838 [DTC]
1  3358U 00000A   25274.57408802 .00000000  00000-0 0 000           5
2  3358  55.0000 330.0000 0000000   0.0000 342.0000 14.92546055    07
SATNET-590-05839 [DTC]
1  3359U 00000A   25274.57408802 .00000000  00000-0 0 000           6
2  3359  55.0000 330.0000 0000000   0.0000 348.0000 14.92546055    04
SATNET-590-05840 [DTC]
1  3360U 00000A   25274.57408802 .00000000  00000-0 0 000           8
2  3360  55.0000 330.0000 0000000   0.0000 354.0000 14.92546055    03
SATNET-590-05841 [DTC]
1  3361U 00000A   25274.57408802 .00000000  00000-0 0 000           9
2  3361  55.0000 336.0000 0000000   0.0000   0.0000 14.92546055    08
SATNET-590-05842 [DTC]
1  3362U 00000A   25274.57408802 .00000000  00000-0 0 000           0
2  3362  55.0000 336.0000 0000000   0.0000   6.0000 14.92546055    05
SATNET-590-05843 [DTC]
1  3363U 00000A   25274.57408802 .00000000  00000-0 0 000           1
2  3363  55.0000 336.0000 0000000   0.0000  12.0000 14.92546055    03
SATNET-590-05844 [DTC]
1  3364U 00000A   25274.57408802 .00000000  00000-0 0 000           2
2  3364  55.0000 336.0000 0000000   0.0000  18.0000 14.92546055    00
SATNET-590-05845 [DTC]
1  3365U 00000A   25274.57408802 .00000000  00000-0 0 000           3
2  3365  55.0000 336.0000 0000000   0.0000  24.0000 14.92546055    08
SATNET-590-05846 [DTC]
1  3366U 00000A   25274.57408802 .00000000  00000-0 0 000           4
2  3366  55.0000 336.0000 0000000   0.0000  30.0000 14.92546055    06
SATNET-590-05847 [DTC]
1  3367U 00000A   25274.57408802 .00000000  00000-0 0 000           5
2  3367  55.0000 336.0000 0000000   0.0000  36.0000 14.92546055    03
SATNET-590-05848 [DTC]
1  3368U 00000A   25274.57408802 .00000000  00000-0 0 000           6
2  3368  55.0000 336.0000 0000000   0.0000  42.0000 14.92546055    01
SATNET-590-05849 [DTC]
1  3369U 00000A   25274.57408802 .00000000  00000-0 0 000           7
2  3369  55.0000 336.0000 0000000   0.0000  48.0000 14.92546055    08
SATNET-590-05850 [DTC]
1  3370U 00000A   25274.57408802 .00000000  00000-0 0 000           9
2  3370  55.0000 336.0000 0000000   0.0000  54.0000 14.92546055    07
SATNET-590-05851 [DTC]
1  3371U 00000A   25274.57408802 .00000000  00000-0 0 000           0
2  3371  55.0000 336.0000 0000000   0.0000  60.0000 14.92546055    05
SATNET-590-05852 [DTC]
1  3372U 00000A   25274.57408802 .00000000  00000-0 0 000           1
2  3372  55.0000 336.0000 0000000   0.0000  66.0000 14.92546055    02
SATNET-590-05853 [DTC]
1  3373U 00000A   25274.57408802 .00000000  00000-0 0 000           2
2  3373  55.0000 336.0000 0000000   0.0000  72.0000 14.92546055    00
SATNET-590-05854 [DTC]
1  3374U 00000A   25274.57408802 .00000000  00000-0 0 000           3
2  3374  55.0000 336.0000 0000000   0.0000  78.0000 14.92546055    07
SATNET-590-05855 [DTC]
1  3375U 00000A   25274.57408802 .00000000  00000-0 0 000           4
2  3375  55.0000 336.0000 0000000   0.0000  84.0000 14.92546055    05
SATNET-590-05856 [DTC]
1  3376U 00000A   25274.57408802 .00000000  00000-0 0 000           5
2  3376  55.0000 336.0000 0000000   0.0000  90.0000 14.92546055    03
SATNET-590-05857 [DTC]
1  3377U 00000A   25274.57408802 .00000000  00000-0 0 000           6
2  3377  55.0000 336.0000 0000000   0.0000  96.0000 14.92546055    00
SATNET-590-05858 [DTC]
1  3378U 00000A   25274.57408802 .00000000  00000-0 0 000           7
2  3378  55.0000 336.0000 0000000   0.0000 102.0000 14.92546055    09
SATNET-590-05859 [DTC]
1  3379U 00000A   25274.57408802 .00000000  00000-0 0 000           8
2  3379  55.0000 336.0000 0000000   0.0000 108.0000 14.92546055    06
SATNET-590-05860 [DTC]
1  3380U 00000A   25274.57408802 .00000000  00000-0 0 000           0
2  3380  55.0000 336.0000 0000000   0.0000 114.0000 14.92546055    05
SATNET-590-05861 [DTC]
1  3381U 00000A   25274.57408802 .00000000  00000-0 0 000           1
2  3381  55.0000 336.0000 0000000   0.0000 120.0000 14.92546055    03
SATNET-590-05862 [DTC]
1  3382U 00000A   25274.57408802 .00000000  00000-0 0 000           2
2  3382  55.0000 336.0000 0000000   0.0000 126.0000 14.92546055    00
SATNET-590-05863 [DTC]
1  3383U 00000A   25274.57408802 .00000000  00000-0 0 000           3
2  3383  55.0000 336.0000 0000000   0.0000 132.0000 14.92546055    08
SATNET-590-05864 [DTC]
1  3384U 00000A   25274.57408802 .00000000  00000-0 0 000           4
2  3384  55.0000 336.0000 0000000   0.0000 138.0000 14.92546055    05
SATNET-590-05865 [DTC]
1  3385U 00000A   25274.57408802 .00000000  00000-0 0 000           5
2  3385  55.0000 336.0000 0000000   0.0000 144.0000 14.92546055    03
SATNET-590-05866 [DTC]
1  3386U 00000A   25274.57408802 .00000000  00000-0 0 000           6
2  3386  55.0000 336.0000 0000000   0.0000 150.0000 14.92546055    01
SATNET-590-05867 [DTC]
1  3387U 00000A   25274.57408802 .00000000  00000-0 0 000           7
2  3387  55.0000 336.0000 0000000   0.0000 156.0000 14.92546055    08
SATNET-590-05868 [DTC]
1  3388U 00000A   25274.57408802 .00000000  00000-0 0 000           8
2  3388  55.0000 336.0000 0000000   0.0000 162.0000 14.92546055    06
SATNET-590-05869 [DTC]
1  3389U 00000A   25274.57408802 .00000000  00000-0 0 000           9
2  3389  55.0000 336.0000 0000000   0.0000 168.0000 14.92546055    03
SATNET-590-05870 [DTC]
1  3390U 00000A   25274.57408802 .00000000  00000-0 0 000           1
2  3390  55.0000 336.0000 0000000   0.0000 174.0000 14.92546055    02
SATNET-590-05871 [DTC]
1  3391U 00000A   25274.57408802 .00000000  00000-0 0 000           2
2  3391  55.0000 336.0000 0000000   0.0000 180.0000 14.92546055    00
SATNET-590-05872 [DTC]
1  3392U 00000A   25274.57408802 .00000000  00000-0 0 000           3
2  3392  55.0000 336.0000 0000000   0.0000 186.0000 14.92546055    07
SATNET-590-05873 [DTC]
1  3393U 00000A   25274.57408802 .00000000  00000-0 0 000           4
2  3393  55.0000 336.0000 0000000   0.0000 192.0000 14.92546055    05
SATNET-590-05874 [DTC]
1  3394U 00000A   25274.57408802 .00000000  00000-0 0 000           5
2  3394  55.0000 336.0000 0000000   0.0000 198.0000 14.92546055    02
SATNET-590-05875 [DTC]
1  3395U 00000A   25274.57408802 .00000000  00000-0 0 000           6
2  3395  55.0000 336.0000 0000000   0.0000 204.0000 14.92546055    01
SATNET-590-05876 [DTC]
1  3396U 00000A   25274.57408802 .00000000  00000-0 0 000           7
2  3396  55.0000 336.0000 0000000   0.0000 210.0000 14.92546055    09
SATNET-590-05877 [DTC]
1  3397U 00000A   25274.57408802 .00000000  00000-0 0 000           8
2  3397  55.0000 336.0000 0000000   0.0000 216.0000 14.92546055    06
SATNET-590-05878 [DTC]
1  3398U 00000A   25274.57408802 .00000000  00000-0 0 000           9
2  3398  55.0000 336.0000 0000000   0.0000 222.0000 14.92546055    04
SATNET-590-05879 [DTC]
1  3399U 00000A   25274.57408802 .00000000  00000-0 0 000           0
2  3399  55.0000 336.0000 0000000   0.0000 228.0000 14.92546055    01
SATNET-590-05880 [DTC]
1  3400U 00000A   25274.57408802 .00000000  00000-0 0 000           3
2  3400  55.0000 336.0000 0000000   0.0000 234.0000 14.92546055    01
SATNET-590-05881 [DTC]
1  3401U 00000A   25274.57408802 .00000000  00000-0 0 000           4
2  3401  55.0000 336.0000 0000000   0.0000 240.0000 14.92546055    09
SATNET-590-05882 [DTC]
1  3402U 00000A   25274.57408802 .00000000  00000-0 0 000           5
2  3402  55.0000 336.0000 0000000   0.0000 246.0000 14.92546055    06
SATNET-590-05883 [DTC]
1  3403U 00000A   25274.57408802 .00000000  00000-0 0 000           6
2  3403  55.0000 336.0000 0000000   0.0000 252.0000 14.92546055    04
SATNET-590-05884 [DTC]
1  3404U 00000A   25274.57408802 .00000000  00000-0 0 000           7
2  3404  55.0000 336.0000 0000000   0.0000 258.0000 14.92546055    01
SATNET-590-05885 [DTC]
1  3405U 00000A   25274.57408802 .00000000  00000-0 0 000           8
2  3405  55.0000 336.0000 0000000   0.0000 264.0000 14.92546055    09
SATNET-590-05886 [DTC]
1  3406U 00000A   25274.57408802 .00000000  00000-0 0 000           9
2  3406  55.0000 336.0000 0000000   0.0000 270.0000 14.92546055    07
SATNET-590-05887 [DTC]
1  3407U 00000A   25274.57408802 .00000000  00000-0 0 000           0
2  3407  55.0000 336.0000 0000000   0.0000 276.0000 14.92546055    04
SATNET-590-05888 [DTC]
1  3408U 00000A   25274.57408802 .00000000  00000-0 0 000           1
2  3408  55.0000 336.0000 0000000   0.0000 282.0000 14.92546055    02
SATNET-590-05889 [DTC]
1  3409U 00000A   25274.57408802 .00000000  00000-0 0 000           2
2  3409  55.0000 336.0000 0000000   0.0000 288.0000 14.92546055    09
SATNET-590-05890 [DTC]
1  3410U 00000A   25274.57408802 .00000000  00000-0 0 000           4
2  3410  55.0000 336.0000 0000000   0.0000 294.0000 14.92546055    08
SATNET-590-05891 [DTC]
1  3411U 00000A   25274.57408802 .00000000  00000-0 0 000           5
2  3411  55.0000 336.0000 0000000   0.0000 300.0000 14.92546055    07
SATNET-590-05892 [DTC]
1  3412U 00000A   25274.57408802 .00000000  00000-0 0 000           6
2  3412  55.0000 336.0000 0000000   0.0000 306.0000 14.92546055    04
SATNET-590-05893 [DTC]
1  3413U 00000A   25274.57408802 .00000000  00000-0 0 000           7
2  3413  55.0000 336.0000 0000000   0.0000 312.0000 14.92546055    02
SATNET-590-05894 [DTC]
1  3414U 00000A   25274.57408802 .00000000  00000-0 0 000           8
2  3414  55.0000 336.0000 0000000   0.0000 318.0000 14.92546055    09
SATNET-590-05895 [DTC]
1  3415U 00000A   25274.57408802 .00000000  00000-0 0 000           9
2  3415  55.0000 336.0000 0000000   0.0000 324.0000 14.92546055    07
SATNET-590-05896 [DTC]
1  3416U 00000A   25274.57408802 .00000000  00000-0 0 000           0
2  3416  55.0000 336.0000 0000000   0.0000 330.0000 14.92546055    05
SATNET-590-05897 [DTC]
1  3417U 00000A   25274.57408802 .00000000  00000-0 0 000           1
2  3417  55.0000 336.0000 0000000   0.0000 336.0000 14.92546055    02
SATNET-590-05898 [DTC]
1  3418U 00000A   25274.57408802 .00000000  00000-0 0 000           2
2  3418  55.0000 336.0000 0000000   0.0000 342.0000 14.92546055    00
SATNET-590-05899 [DTC]
1  3419U 00000A   25274.57408802 .00000000  00000-0 0 000           3
2  3419  55.0000 336.0000 0000000   0.0000 348.0000 14.92546055    07
SATNET-590-05900 [DTC]
1  3420U 00000A   25274.57408802 .00000000  00000-0 0 000           5
2  3420  55.0000 336.0000 0000000   0.0000 354.0000 14.92546055    06
SATNET-590-05901 [DTC]
1  3421U 00000A   25274.57408802 .00000000  00000-0 0 000           6
2  3421  55.0000 342.0000 0000000   0.0000   0.0000 14.92546055    02
SATNET-590-05902 [DTC]
1  3422U 00000A   25274.57408802 .00000000  00000-0 0 000           7
2  3422  55.0000 342.0000 0000000   0.0000   6.0000 14.92546055    09
SATNET-590-05903 [DTC]
1  3423U 00000A   25274.57408802 .00000000  00000-0 0 000           8
2  3423  55.0000 342.0000 0000000   0.0000  12.0000 14.92546055    07
SATNET-590-05904 [DTC]
1  3424U 00000A   25274.57408802 .00000000  00000-0 0 000           9
2  3424  55.0000 342.0000 0000000   0.0000  18.0000 14.92546055    04
SATNET-590-05905 [DTC]
1  3425U 00000A   25274.57408802 .00000000  00000-0 0 000           0
2  3425  55.0000 342.0000 0000000   0.0000  24.0000 14.92546055    02
SATNET-590-05906 [DTC]
1  3426U 00000A   25274.57408802 .00000000  00000-0 0 000           1
2  3426  55.0000 342.0000 0000000   0.0000  30.0000 14.92546055    00
SATNET-590-05907 [DTC]
1  3427U 00000A   25274.57408802 .00000000  00000-0 0 000           2
2  3427  55.0000 342.0000 0000000   0.0000  36.0000 14.92546055    07
SATNET-590-05908 [DTC]
1  3428U 00000A   25274.57408802 .00000000  00000-0 0 000           3
2  3428  55.0000 342.0000 0000000   0.0000  42.0000 14.92546055    05
SATNET-590-05909 [DTC]
1  3429U 00000A   25274.57408802 .00000000  00000-0 0 000           4
2  3429  55.0000 342.0000 0000000   0.0000  48.0000 14.92546055    02
SATNET-590-05910 [DTC]
1  3430U 00000A   25274.57408802 .00000000  00000-0 0 000           6
2  3430  55.0000 342.0000 0000000   0.0000  54.0000 14.92546055    01
SATNET-590-05911 [DTC]
1  3431U 00000A   25274.57408802 .00000000  00000-0 0 000           7
2  3431  55.0000 342.0000 0000000   0.0000  60.0000 14.92546055    09
SATNET-590-05912 [DTC]
1  3432U 00000A   25274.57408802 .00000000  00000-0 0 000           8
2  3432  55.0000 342.0000 0000000   0.0000  66.0000 14.92546055    06
SATNET-590-05913 [DTC]
1  3433U 00000A   25274.57408802 .00000000  00000-0 0 000           9
2  3433  55.0000 342.0000 0000000   0.0000  72.0000 14.92546055    04
SATNET-590-05914 [DTC]
1  3434U 00000A   25274.57408802 .00000000  00000-0 0 000           0
2  3434  55.0000 342.0000 0000000   0.0000  78.0000 14.92546055    01
SATNET-590-05915 [DTC]
1  3435U 00000A   25274.57408802 .00000000  00000-0 0 000           1
2  3435  55.0000 342.0000 0000000   0.0000  84.0000 14.92546055    09
SATNET-590-05916 [DTC]
1  3436U 00000A   25274.57408802 .00000000  00000-0 0 000           2
2  3436  55.0000 342.0000 0000000   0.0000  90.0000 14.92546055    07
SATNET-590-05917 [DTC]
1  3437U 00000A   25274.57408802 .00000000  00000-0 0 000           3
2  3437  55.0000 342.0000 0000000   0.0000  96.0000 14.92546055    04
SATNET-590-05918 [DTC]
1  3438U 00000A   25274.57408802 .00000000  00000-0 0 000           4
2  3438  55.0000 342.0000 0000000   0.0000 102.0000 14.92546055    03
SATNET-590-05919 [DTC]
1  3439U 00000A   25274.57408802 .00000000  00000-0 0 000           5
2  3439  55.0000 342.0000 0000000   0.0000 108.0000 14.92546055    00
SATNET-590-05920 [DTC]
1  3440U 00000A   25274.57408802 .00000000  00000-0 0 000           7
2  3440  55.0000 342.0000 0000000   0.0000 114.0000 14.92546055    09
SATNET-590-05921 [DTC]
1  3441U 00000A   25274.57408802 .00000000  00000-0 0 000           8
2  3441  55.0000 342.0000 0000000   0.0000 120.0000 14.92546055    07
SATNET-590-05922 [DTC]
1  3442U 00000A   25274.57408802 .00000000  00000-0 0 000           9
2  3442  55.0000 342.0000 0000000   0.0000 126.0000 14.92546055    04
SATNET-590-05923 [DTC]
1  3443U 00000A   25274.57408802 .00000000  00000-0 0 000           0
2  3443  55.0000 342.0000 0000000   0.0000 132.0000 14.92546055    02
SATNET-590-05924 [DTC]
1  3444U 00000A   25274.57408802 .00000000  00000-0 0 000           1
2  3444  55.0000 342.0000 0000000   0.0000 138.0000 14.92546055    09
SATNET-590-05925 [DTC]
1  3445U 00000A   25274.57408802 .00000000  00000-0 0 000           2
2  3445  55.0000 342.0000 0000000   0.0000 144.0000 14.92546055    07
SATNET-590-05926 [DTC]
1  3446U 00000A   25274.57408802 .00000000  00000-0 0 000           3
2  3446  55.0000 342.0000 0000000   0.0000 150.0000 14.92546055    05
SATNET-590-05927 [DTC]
1  3447U 00000A   25274.57408802 .00000000  00000-0 0 000           4
2  3447  55.0000 342.0000 0000000   0.0000 156.0000 14.92546055    02
SATNET-590-05928 [DTC]
1  3448U 00000A   25274.57408802 .00000000  00000-0 0 000           5
2  3448  55.0000 342.0000 0000000   0.0000 162.0000 14.92546055    00
SATNET-590-05929 [DTC]
1  3449U 00000A   25274.57408802 .00000000  00000-0 0 000           6
2  3449  55.0000 342.0000 0000000   0.0000 168.0000 14.92546055    07
SATNET-590-05930 [DTC]
1  3450U 00000A   25274.57408802 .00000000  00000-0 0 000           8
2  3450  55.0000 342.0000 0000000   0.0000 174.0000 14.92546055    06
SATNET-590-05931 [DTC]
1  3451U 00000A   25274.57408802 .00000000  00000-0 0 000           9
2  3451  55.0000 342.0000 0000000   0.0000 180.0000 14.92546055    04
SATNET-590-05932 [DTC]
1  3452U 00000A   25274.57408802 .00000000  00000-0 0 000           0
2  3452  55.0000 342.0000 0000000   0.0000 186.0000 14.92546055    01
SATNET-590-05933 [DTC]
1  3453U 00000A   25274.57408802 .00000000  00000-0 0 000           1
2  3453  55.0000 342.0000 0000000   0.0000 192.0000 14.92546055    09
SATNET-590-05934 [DTC]
1  3454U 00000A   25274.57408802 .00000000  00000-0 0 000           2
2  3454  55.0000 342.0000 0000000   0.0000 198.0000 14.92546055    06
SATNET-590-05935 [DTC]
1  3455U 00000A   25274.57408802 .00000000  00000-0 0 000           3
2  3455  55.0000 342.0000 0000000   0.0000 204.0000 14.92546055    05
SATNET-590-05936 [DTC]
1  3456U 00000A   25274.57408802 .00000000  00000-0 0 000           4
2  3456  55.0000 342.0000 0000000   0.0000 210.0000 14.92546055    03
SATNET-590-05937 [DTC]
1  3457U 00000A   25274.57408802 .00000000  00000-0 0 000           5
2  3457  55.0000 342.0000 0000000   0.0000 216.0000 14.92546055    00
SATNET-590-05938 [DTC]
1  3458U 00000A   25274.57408802 .00000000  00000-0 0 000           6
2  3458  55.0000 342.0000 0000000   0.0000 222.0000 14.92546055    08
SATNET-590-05939 [DTC]
1  3459U 00000A   25274.57408802 .00000000  00000-0 0 000           7
2  3459  55.0000 342.0000 0000000   0.0000 228.0000 14.92546055    05
SATNET-590-05940 [DTC]
1  3460U 00000A   25274.57408802 .00000000  00000-0 0 000           9
2  3460  55.0000 342.0000 0000000   0.0000 234.0000 14.92546055    04
SATNET-590-05941 [DTC]
1  3461U 00000A   25274.57408802 .00000000  00000-0 0 000           0
2  3461  55.0000 342.0000 0000000   0.0000 240.0000 14.92546055    02
SATNET-590-05942 [DTC]
1  3462U 00000A   25274.57408802 .00000000  00000-0 0 000           1
2  3462  55.0000 342.0000 0000000   0.0000 246.0000 14.92546055    09
SATNET-590-05943 [DTC]
1  3463U 00000A   25274.57408802 .00000000  00000-0 0 000           2
2  3463  55.0000 342.0000 0000000   0.0000 252.0000 14.92546055    07
SATNET-590-05944 [DTC]
1  3464U 00000A   25274.57408802 .00000000  00000-0 0 000           3
2  3464  55.0000 342.0000 0000000   0.0000 258.0000 14.92546055    04
SATNET-590-05945 [DTC]
1  3465U 00000A   25274.57408802 .00000000  00000-0 0 000           4
2  3465  55.0000 342.0000 0000000   0.0000 264.0000 14.92546055    02
SATNET-590-05946 [DTC]
1  3466U 00000A   25274.57408802 .00000000  00000-0 0 000           5
2  3466  55.0000 342.0000 0000000   0.0000 270.0000 14.92546055    00
SATNET-590-05947 [DTC]
1  3467U 00000A   25274.57408802 .00000000  00000-0 0 000           6
2  3467  55.0000 342.0000 0000000   0.0000 276.0000 14.92546055    07
SATNET-590-05948 [DTC]
1  3468U 00000A   25274.57408802 .00000000  00000-0 0 000           7
2  3468  55.0000 342.0000 0000000   0.0000 282.0000 14.92546055    05
SATNET-590-05949 [DTC]
1  3469U 00000A   25274.57408802 .00000000  00000-0 0 000           8
2  3469  55.0000 342.0000 0000000   0.0000 288.0000 14.92546055    02
SATNET-590-05950 [DTC]
1  3470U 00000A   25274.57408802 .00000000  00000-0 0 000           0
2  3470  55.0000 342.0000 0000000   0.0000 294.0000 14.92546055    01
SATNET-590-05951 [DTC]
1  3471U 00000A   25274.57408802 .00000000  00000-0 0 000           1
2  3471  55.0000 342.0000 0000000   0.0000 300.0000 14.92546055    00
SATNET-590-05952 [DTC]
1  3472U 00000A   25274.57408802 .00000000  00000-0 0 000           2
2  3472  55.0000 342.0000 0000000   0.0000 306.0000 14.92546055    07
SATNET-590-05953 [DTC]
1  3473U 00000A   25274.57408802 .00000000  00000-0 0 000           3
2  3473  55.0000 342.0000 0000000   0.0000 312.0000 14.92546055    05
SATNET-590-05954 [DTC]
1  3474U 00000A   25274.57408802 .00000000  00000-0 0 000           4
2  3474  55.0000 342.0000 0000000   0.0000 318.0000 14.92546055    02
SATNET-590-05955 [DTC]
1  3475U 00000A   25274.57408802 .00000000  00000-0 0 000           5
2  3475  55.0000 342.0000 0000000   0.0000 324.0000 14.92546055    00
SATNET-590-05956 [DTC]
1  3476U 00000A   25274.57408802 .00000000  00000-0 0 000           6
2  3476  55.0000 342.0000 0000000   0.0000 330.0000 14.92546055    08
SATNET-590-05957 [DTC]
1  3477U 00000A   25274.57408802 .00000000  00000-0 0 000           7
2  3477  55.0000 342.0000 0000000   0.0000 336.0000 14.92546055    05
SATNET-590-05958 [DTC]
1  3478U 00000A   25274.57408802 .00000000  00000-0 0 000           8
2  3478  55.0000 342.0000 0000000   0.0000 342.0000 14.92546055    03
SATNET-590-05959 [DTC]
1  3479U 00000A   25274.57408802 .00000000  00000-0 0 000           9
2  3479  55.0000 342.0000 0000000   0.0000 348.0000 14.92546055    00
SATNET-590-05960 [DTC]
1  3480U 00000A   25274.57408802 .00000000  00000-0 0 000           1
2  3480  55.0000 342.0000 0000000   0.0000 354.0000 14.92546055    09
SATNET-590-05961 [DTC]
1  3481U 00000A   25274.57408802 .00000000  00000-0 0 000           2
2  3481  55.0000 348.0000 0000000   0.0000   0.0000 14.92546055    04
SATNET-590-05962 [DTC]
1  3482U 00000A   25274.57408802 .00000000  00000-0 0 000           3
2  3482  55.0000 348.0000 0000000   0.0000   6.0000 14.92546055    01
SATNET-590-05963 [DTC]
1  3483U 00000A   25274.57408802 .00000000  00000-0 0 000           4
2  3483  55.0000 348.0000 0000000   0.0000  12.0000 14.92546055    09
SATNET-590-05964 [DTC]
1  3484U 00000A   25274.57408802 .00000000  00000-0 0 000           5
2  3484  55.0000 348.0000 0000000   0.0000  18.0000 14.92546055    06
SATNET-590-05965 [DTC]
1  3485U 00000A   25274.57408802 .00000000  00000-0 0 000           6
2  3485  55.0000 348.0000 0000000   0.0000  24.0000 14.92546055    04
SATNET-590-05966 [DTC]
1  3486U 00000A   25274.57408802 .00000000  00000-0 0 000           7
2  3486  55.0000 348.0000 0000000   0.0000  30.0000 14.92546055    02
SATNET-590-05967 [DTC]
1  3487U 00000A   25274.57408802 .00000000  00000-0 0 000           8
2  3487  55.0000 348.0000 0000000   0.0000  36.0000 14.92546055    09
SATNET-590-05968 [DTC]
1  3488U 00000A   25274.57408802 .00000000  00000-0 0 000           9
2  3488  55.0000 348.0000 0000000   0.0000  42.0000 14.92546055    07
SATNET-590-05969 [DTC]
1  3489U 00000A   25274.57408802 .00000000  00000-0 0 000           0
2  3489  55.0000 348.0000 0000000   0.0000  48.0000 14.92546055    04
SATNET-590-05970 [DTC]
1  3490U 00000A   25274.57408802 .00000000  00000-0 0 000           2
2  3490  55.0000 348.0000 0000000   0.0000  54.0000 14.92546055    03
SATNET-590-05971 [DTC]
1  3491U 00000A   25274.57408802 .00000000  00000-0 0 000           3
2  3491  55.0000 348.0000 0000000   0.0000  60.0000 14.92546055    01
SATNET-590-05972 [DTC]
1  3492U 00000A   25274.57408802 .00000000  00000-0 0 000           4
2  3492  55.0000 348.0000 0000000   0.0000  66.0000 14.92546055    08
SATNET-590-05973 [DTC]
1  3493U 00000A   25274.57408802 .00000000  00000-0 0 000           5
2  3493  55.0000 348.0000 0000000   0.0000  72.0000 14.92546055    06
SATNET-590-05974 [DTC]
1  3494U 00000A   25274.57408802 .00000000  00000-0 0 000           6
2  3494  55.0000 348.0000 0000000   0.0000  78.0000 14.92546055    03
SATNET-590-05975 [DTC]
1  3495U 00000A   25274.57408802 .00000000  00000-0 0 000           7
2  3495  55.0000 348.0000 0000000   0.0000  84.0000 14.92546055    01
SATNET-590-05976 [DTC]
1  3496U 00000A   25274.57408802 .00000000  00000-0 0 000           8
2  3496  55.0000 348.0000 0000000   0.0000  90.0000 14.92546055    09
SATNET-590-05977 [DTC]
1  3497U 00000A   25274.57408802 .00000000  00000-0 0 000           9
2  3497  55.0000 348.0000 0000000   0.0000  96.0000 14.92546055    06
SATNET-590-05978 [DTC]
1  3498U 00000A   25274.57408802 .00000000  00000-0 0 000           0
2  3498  55.0000 348.0000 0000000   0.0000 102.0000 14.92546055    05
SATNET-590-05979 [DTC]
1  3499U 00000A   25274.57408802 .00000000  00000-0 0 000           1
2  3499  55.0000 348.0000 0000000   0.0000 108.0000 14.92546055    02
SATNET-590-05980 [DTC]
1  3500U 00000A   25274.57408802 .00000000  00000-0 0 000           4
2  3500  55.0000 348.0000 0000000   0.0000 114.0000 14.92546055    02
SATNET-590-05981 [DTC]
1  3501U 00000A   25274.57408802 .00000000  00000-0 0 000           5
2  3501  55.0000 348.0000 0000000   0.0000 120.0000 14.92546055    00
SATNET-590-05982 [DTC]
1  3502U 00000A   25274.57408802 .00000000  00000-0 0 000           6
2  3502  55.0000 348.0000 0000000   0.0000 126.0000 14.92546055    07
SATNET-590-05983 [DTC]
1  3503U 00000A   25274.57408802 .00000000  00000-0 0 000           7
2  3503  55.0000 348.0000 0000000   0.0000 132.0000 14.92546055    05
SATNET-590-05984 [DTC]
1  3504U 00000A   25274.57408802 .00000000  00000-0 0 000           8
2  3504  55.0000 348.0000 0000000   0.0000 138.0000 14.92546055    02
SATNET-590-05985 [DTC]
1  3505U 00000A   25274.57408802 .00000000  00000-0 0 000           9
2  3505  55.0000 348.0000 0000000   0.0000 144.0000 14.92546055    00
SATNET-590-05986 [DTC]
1  3506U 00000A   25274.57408802 .00000000  00000-0 0 000           0
2  3506  55.0000 348.0000 0000000   0.0000 150.0000 14.92546055    08
SATNET-590-05987 [DTC]
1  3507U 00000A   25274.57408802 .00000000  00000-0 0 000           1
2  3507  55.0000 348.0000 0000000   0.0000 156.0000 14.92546055    05
SATNET-590-05988 [DTC]
1  3508U 00000A   25274.57408802 .00000000  00000-0 0 000           2
2  3508  55.0000 348.0000 0000000   0.0000 162.0000 14.92546055    03
SATNET-590-05989 [DTC]
1  3509U 00000A   25274.57408802 .00000000  00000-0 0 000           3
2  3509  55.0000 348.0000 0000000   0.0000 168.0000 14.92546055    00
SATNET-590-05990 [DTC]
1  3510U 00000A   25274.57408802 .00000000  00000-0 0 000           5
2  3510  55.0000 348.0000 0000000   0.0000 174.0000 14.92546055    09
SATNET-590-05991 [DTC]
1  3511U 00000A   25274.57408802 .00000000  00000-0 0 000           6
2  3511  55.0000 348.0000 0000000   0.0000 180.0000 14.92546055    07
SATNET-590-05992 [DTC]
1  3512U 00000A   25274.57408802 .00000000  00000-0 0 000           7
2  3512  55.0000 348.0000 0000000   0.0000 186.0000 14.92546055    04
SATNET-590-05993 [DTC]
1  3513U 00000A   25274.57408802 .00000000  00000-0 0 000           8
2  3513  55.0000 348.0000 0000000   0.0000 192.0000 14.92546055    02
SATNET-590-05994 [DTC]
1  3514U 00000A   25274.57408802 .00000000  00000-0 0 000           9
2  3514  55.0000 348.0000 0000000   0.0000 198.0000 14.92546055    09
SATNET-590-05995 [DTC]
1  3515U 00000A   25274.57408802 .00000000  00000-0 0 000           0
2  3515  55.0000 348.0000 0000000   0.0000 204.0000 14.92546055    08
SATNET-590-05996 [DTC]
1  3516U 00000A   25274.57408802 .00000000  00000-0 0 000           1
2  3516  55.0000 348.0000 0000000   0.0000 210.0000 14.92546055    06
SATNET-590-05997 [DTC]
1  3517U 00000A   25274.57408802 .00000000  00000-0 0 000           2
2  3517  55.0000 348.0000 0000000   0.0000 216.0000 14.92546055    03
SATNET-590-05998 [DTC]
1  3518U 00000A   25274.57408802 .00000000  00000-0 0 000           3
2  3518  55.0000 348.0000 0000000   0.0000 222.0000 14.92546055    01
SATNET-590-05999 [DTC]
1  3519U 00000A   25274.57408802 .00000000  00000-0 0 000           4
2  3519  55.0000 348.0000 0000000   0.0000 228.0000 14.92546055    08
SATNET-590-06000 [DTC]
1  3520U 00000A   25274.57408802 .00000000  00000-0 0 000           6
2  3520  55.0000 348.0000 0000000   0.0000 234.0000 14.92546055    07
SATNET-590-06001 [DTC]
1  3521U 00000A   25274.57408802 .00000000  00000-0 0 000           7
2  3521  55.0000 348.0000 0000000   0.0000 240.0000 14.92546055    05
SATNET-590-06002 [DTC]
1  3522U 00000A   25274.57408802 .00000000  00000-0 0 000           8
2  3522  55.0000 348.0000 0000000   0.0000 246.0000 14.92546055    02
SATNET-590-06003 [DTC]
1  3523U 00000A   25274.57408802 .00000000  00000-0 0 000           9
2  3523  55.0000 348.0000 0000000   0.0000 252.0000 14.92546055    00
SATNET-590-06004 [DTC]
1  3524U 00000A   25274.57408802 .00000000  00000-0 0 000           0
2  3524  55.0000 348.0000 0000000   0.0000 258.0000 14.92546055    07
SATNET-590-06005 [DTC]
1  3525U 00000A   25274.57408802 .00000000  00000-0 0 000           1
2  3525  55.0000 348.0000 0000000   0.0000 264.0000 14.92546055    05
SATNET-590-06006 [DTC]
1  3526U 00000A   25274.57408802 .00000000  00000-0 0 000           2
2  3526  55.0000 348.0000 0000000   0.0000 270.0000 14.92546055    03
SATNET-590-06007 [DTC]
1  3527U 00000A   25274.57408802 .00000000  00000-0 0 000           3
2  3527  55.0000 348.0000 0000000   0.0000 276.0000 14.92546055    00
SATNET-590-06008 [DTC]
1  3528U 00000A   25274.57408802 .00000000  00000-0 0 000           4
2  3528  55.0000 348.0000 0000000   0.0000 282.0000 14.92546055    08
SATNET-590-06009 [DTC]
1  3529U 00000A   25274.57408802 .00000000  00000-0 0 000           5
2  3529  55.0000 348.0000 0000000   0.0000 288.0000 14.92546055    05
SATNET-590-06010 [DTC]
1  3530U 00000A   25274.57408802 .00000000  00000-0 0 000           7
2  3530  55.0000 348.0000 0000000   0.0000 294.0000 14.92546055    04
SATNET-590-06011 [DTC]
1  3531U 00000A   25274.57408802 .00000000  00000-0 0 000           8
2  3531  55.0000 348.0000 0000000   0.0000 300.0000 14.92546055    03
SATNET-590-06012 [DTC]
1  3532U 00000A   25274.57408802 .00000000  00000-0 0 000           9
2  3532  55.0000 348.0000 0000000   0.0000 306.0000 14.92546055    00
SATNET-590-06013 [DTC]
1  3533U 00000A   25274.57408802 .00000000  00000-0 0 000           0
2  3533  55.0000 348.0000 0000000   0.0000 312.0000 14.92546055    08
SATNET-590-06014 [DTC]
1  3534U 00000A   25274.57408802 .00000000  00000-0 0 000           1
2  3534  55.0000 348.0000 0000000   0.0000 318.0000 14.92546055    05
SATNET-590-06015 [DTC]
1  3535U 00000A   25274.57408802 .00000000  00000-0 0 000           2
2  3535  55.0000 348.0000 0000000   0.0000 324.0000 14.92546055    03
SATNET-590-06016 [DTC]
1  3536U 00000A   25274.57408802 .00000000  00000-0 0 000           3
2  3536  55.0000 348.0000 0000000   0.0000 330.0000 14.92546055    01
SATNET-590-06017 [DTC]
1  3537U 00000A   25274.57408802 .00000000  00000-0 0 000           4
2  3537  55.0000 348.0000 0000000   0.0000 336.0000 14.92546055    08
SATNET-590-06018 [DTC]
1  3538U 00000A   25274.57408802 .00000000  00000-0 0 000           5
2  3538  55.0000 348.0000 0000000   0.0000 342.0000 14.92546055    06
SATNET-590-06019 [DTC]
1  3539U 00000A   25274.57408802 .00000000  00000-0 0 000           6
2  3539  55.0000 348.0000 0000000   0.0000 348.0000 14.92546055    03
SATNET-590-06020 [DTC]
1  3540U 00000A   25274.57408802 .00000000  00000-0 0 000           8
2  3540  55.0000 348.0000 0000000   0.0000 354.0000 14.92546055    02
SATNET-590-06021 [DTC]
1  3541U 00000A   25274.57408802 .00000000  00000-0 0 000           9
2  3541  55.0000 354.0000 0000000   0.0000   0.0000 14.92546055    08
SATNET-590-06022 [DTC]
1  3542U 00000A   25274.57408802 .00000000  00000-0 0 000           0
2  3542  55.0000 354.0000 0000000   0.0000   6.0000 14.92546055    05
SATNET-590-06023 [DTC]
1  3543U 00000A   25274.57408802 .00000000  00000-0 0 000           1
2  3543  55.0000 354.0000 0000000   0.0000  12.0000 14.92546055    03
SATNET-590-06024 [DTC]
1  3544U 00000A   25274.57408802 .00000000  00000-0 0 000           2
2  3544  55.0000 354.0000 0000000   0.0000  18.0000 14.92546055    00
SATNET-590-06025 [DTC]
1  3545U 00000A   25274.57408802 .00000000  00000-0 0 000           3
2  3545  55.0000 354.0000 0000000   0.0000  24.0000 14.92546055    08
SATNET-590-06026 [DTC]
1  3546U 00000A   25274.57408802 .00000000  00000-0 0 000           4
2  3546  55.0000 354.0000 0000000   0.0000  30.0000 14.92546055    06
SATNET-590-06027 [DTC]
1  3547U 00000A   25274.57408802 .00000000  00000-0 0 000           5
2  3547  55.0000 354.0000 0000000   0.0000  36.0000 14.92546055    03
SATNET-590-06028 [DTC]
1  3548U 00000A   25274.57408802 .00000000  00000-0 0 000           6
2  3548  55.0000 354.0000 0000000   0.0000  42.0000 14.92546055    01
SATNET-590-06029 [DTC]
1  3549U 00000A   25274.57408802 .00000000  00000-0 0 000           7
2  3549  55.0000 354.0000 0000000   0.0000  48.0000 14.92546055    08
SATNET-590-06030 [DTC]
1  3550U 00000A   25274.57408802 .00000000  00000-0 0 000           9
2  3550  55.0000 354.0000 0000000   0.0000  54.0000 14.92546055    07
SATNET-590-06031 [DTC]
1  3551U 00000A   25274.57408802 .00000000  00000-0 0 000           0
2  3551  55.0000 354.0000 0000000   0.0000  60.0000 14.92546055    05
SATNET-590-06032 [DTC]
1  3552U 00000A   25274.57408802 .00000000  00000-0 0 000           1
2  3552  55.0000 354.0000 0000000   0.0000  66.0000 14.92546055    02
SATNET-590-06033 [DTC]
1  3553U 00000A   25274.57408802 .00000000  00000-0 0 000           2
2  3553  55.0000 354.0000 0000000   0.0000  72.0000 14.92546055    00
SATNET-590-06034 [DTC]
1  3554U 00000A   25274.57408802 .00000000  00000-0 0 000           3
2  3554  55.0000 354.0000 0000000   0.0000  78.0000 14.92546055    07
SATNET-590-06035 [DTC]
1  3555U 00000A   25274.57408802 .00000000  00000-0 0 000           4
2  3555  55.0000 354.0000 0000000   0.0000  84.0000 14.92546055    05
SATNET-590-06036 [DTC]
1  3556U 00000A   25274.57408802 .00000000  00000-0 0 000           5
2  3556  55.0000 354.0000 0000000   0.0000  90.0000 14.92546055    03
SATNET-590-06037 [DTC]
1  3557U 00000A   25274.57408802 .00000000  00000-0 0 000           6
2  3557  55.0000 354.0000 0000000   0.0000  96.0000 14.92546055    00
SATNET-590-06038 [DTC]
1  3558U 00000A   25274.57408802 .00000000  00000-0 0 000           7
2  3558  55.0000 354.0000 0000000   0.0000 102.0000 14.92546055    09
SATNET-590-06039 [DTC]
1  3559U 00000A   25274.57408802 .00000000  00000-0 0 000           8
2  3559  55.0000 354.0000 0000000   0.0000 108.0000 14.92546055    06
SATNET-590-06040 [DTC]
1  3560U 00000A   25274.57408802 .00000000  00000-0 0 000           0
2  3560  55.0000 354.0000 0000000   0.0000 114.0000 14.92546055    05
SATNET-590-06041 [DTC]
1  3561U 00000A   25274.57408802 .00000000  00000-0 0 000           1
2  3561  55.0000 354.0000 0000000   0.0000 120.0000 14.92546055    03
SATNET-590-06042 [DTC]
1  3562U 00000A   25274.57408802 .00000000  00000-0 0 000           2
2  3562  55.0000 354.0000 0000000   0.0000 126.0000 14.92546055    00
SATNET-590-06043 [DTC]
1  3563U 00000A   25274.57408802 .00000000  00000-0 0 000           3
2  3563  55.0000 354.0000 0000000   0.0000 132.0000 14.92546055    08
SATNET-590-06044 [DTC]
1  3564U 00000A   25274.57408802 .00000000  00000-0 0 000           4
2  3564  55.0000 354.0000 0000000   0.0000 138.0000 14.92546055    05
SATNET-590-06045 [DTC]
1  3565U 00000A   25274.57408802 .00000000  00000-0 0 000           5
2  3565  55.0000 354.0000 0000000   0.0000 144.0000 14.92546055    03
SATNET-590-06046 [DTC]
1  3566U 00000A   25274.57408802 .00000000  00000-0 0 000           6
2  3566  55.0000 354.0000 0000000   0.0000 150.0000 14.92546055    01
SATNET-590-06047 [DTC]
1  3567U 00000A   25274.57408802 .00000000  00000-0 0 000           7
2  3567  55.0000 354.0000 0000000   0.0000 156.0000 14.92546055    08
SATNET-590-06048 [DTC]
1  3568U 00000A   25274.57408802 .00000000  00000-0 0 000           8
2  3568  55.0000 354.0000 0000000   0.0000 162.0000 14.92546055    06
SATNET-590-06049 [DTC]
1  3569U 00000A   25274.57408802 .00000000  00000-0 0 000           9
2  3569  55.0000 354.0000 0000000   0.0000 168.0000 14.92546055    03
SATNET-590-06050 [DTC]
1  3570U 00000A   25274.57408802 .00000000  00000-0 0 000           1
2  3570  55.0000 354.0000 0000000   0.0000 174.0000 14.92546055    02
SATNET-590-06051 [DTC]
1  3571U 00000A   25274.57408802 .00000000  00000-0 0 000           2
2  3571  55.0000 354.0000 0000000   0.0000 180.0000 14.92546055    00
SATNET-590-06052 [DTC]
1  3572U 00000A   25274.57408802 .00000000  00000-0 0 000           3
2  3572  55.0000 354.0000 0000000   0.0000 186.0000 14.92546055    07
SATNET-590-06053 [DTC]
1  3573U 00000A   25274.57408802 .00000000  00000-0 0 000           4
2  3573  55.0000 354.0000 0000000   0.0000 192.0000 14.92546055    05
SATNET-590-06054 [DTC]
1  3574U 00000A   25274.57408802 .00000000  00000-0 0 000           5
2  3574  55.0000 354.0000 0000000   0.0000 198.0000 14.92546055    02
SATNET-590-06055 [DTC]
1  3575U 00000A   25274.57408802 .00000000  00000-0 0 000           6
2  3575  55.0000 354.0000 0000000   0.0000 204.0000 14.92546055    01
SATNET-590-06056 [DTC]
1  3576U 00000A   25274.57408802 .00000000  00000-0 0 000           7
2  3576  55.0000 354.0000 0000000   0.0000 210.0000 14.92546055    09
SATNET-590-06057 [DTC]
1  3577U 00000A   25274.57408802 .00000000  00000-0 0 000           8
2  3577  55.0000 354.0000 0000000   0.0000 216.0000 14.92546055    06
SATNET-590-06058 [DTC]
1  3578U 00000A   25274.57408802 .00000000  00000-0 0 000           9
2  3578  55.0000 354.0000 0000000   0.0000 222.0000 14.92546055    04
SATNET-590-06059 [DTC]
1  3579U 00000A   25274.57408802 .00000000  00000-0 0 000           0
2  3579  55.0000 354.0000 0000000   0.0000 228.0000 14.92546055    01
SATNET-590-06060 [DTC]
1  3580U 00000A   25274.57408802 .00000000  00000-0 0 000           2
2  3580  55.0000 354.0000 0000000   0.0000 234.0000 14.92546055    00
SATNET-590-06061 [DTC]
1  3581U 00000A   25274.57408802 .00000000  00000-0 0 000           3
2  3581  55.0000 354.0000 0000000   0.0000 240.0000 14.92546055    08
SATNET-590-06062 [DTC]
1  3582U 00000A   25274.57408802 .00000000  00000-0 0 000           4
2  3582  55.0000 354.0000 0000000   0.0000 246.0000 14.92546055    05
SATNET-590-06063 [DTC]
1  3583U 00000A   25274.57408802 .00000000  00000-0 0 000           5
2  3583  55.0000 354.0000 0000000   0.0000 252.0000 14.92546055    03
SATNET-590-06064 [DTC]
1  3584U 00000A   25274.57408802 .00000000  00000-0 0 000           6
2  3584  55.0000 354.0000 0000000   0.0000 258.0000 14.92546055    00
SATNET-590-06065 [DTC]
1  3585U 00000A   25274.57408802 .00000000  00000-0 0 000           7
2  3585  55.0000 354.0000 0000000   0.0000 264.0000 14.92546055    08
SATNET-590-06066 [DTC]
1  3586U 00000A   25274.57408802 .00000000  00000-0 0 000           8
2  3586  55.0000 354.0000 0000000   0.0000 270.0000 14.92546055    06
SATNET-590-06067 [DTC]
1  3587U 00000A   25274.57408802 .00000000  00000-0 0 000           9
2  3587  55.0000 354.0000 0000000   0.0000 276.0000 14.92546055    03
SATNET-590-06068 [DTC]
1  3588U 00000A   25274.57408802 .00000000  00000-0 0 000           0
2  3588  55.0000 354.0000 0000000   0.0000 282.0000 14.92546055    01
SATNET-590-06069 [DTC]
1  3589U 00000A   25274.57408802 .00000000  00000-0 0 000           1
2  3589  55.0000 354.0000 0000000   0.0000 288.0000 14.92546055    08
SATNET-590-06070 [DTC]
1  3590U 00000A   25274.57408802 .00000000  00000-0 0 000           3
2  3590  55.0000 354.0000 0000000   0.0000 294.0000 14.92546055    07
SATNET-590-06071 [DTC]
1  3591U 00000A   25274.57408802 .00000000  00000-0 0 000           4
2  3591  55.0000 354.0000 0000000   0.0000 300.0000 14.92546055    06
SATNET-590-06072 [DTC]
1  3592U 00000A   25274.57408802 .00000000  00000-0 0 000           5
2  3592  55.0000 354.0000 0000000   0.0000 306.0000 14.92546055    03
SATNET-590-06073 [DTC]
1  3593U 00000A   25274.57408802 .00000000  00000-0 0 000           6
2  3593  55.0000 354.0000 0000000   0.0000 312.0000 14.92546055    01
SATNET-590-06074 [DTC]
1  3594U 00000A   25274.57408802 .00000000  00000-0 0 000           7
2  3594  55.0000 354.0000 0000000   0.0000 318.0000 14.92546055    08
SATNET-590-06075 [DTC]
1  3595U 00000A   25274.57408802 .00000000  00000-0 0 000           8
2  3595  55.0000 354.0000 0000000   0.0000 324.0000 14.92546055    06
SATNET-590-06076 [DTC]
1  3596U 00000A   25274.57408802 .00000000  00000-0 0 000           9
2  3596  55.0000 354.0000 0000000   0.0000 330.0000 14.92546055    04
SATNET-590-06077 [DTC]
1  3597U 00000A   25274.57408802 .00000000  00000-0 0 000           0
2  3597  55.0000 354.0000 0000000   0.0000 336.0000 14.92546055    01
SATNET-590-06078 [DTC]
1  3598U 00000A   25274.57408802 .00000000  00000-0 0 000           1
2  3598  55.0000 354.0000 0000000   0.0000 342.0000 14.92546055    09
SATNET-590-06079 [DTC]
1  3599U 00000A   25274.57408802 .00000000  00000-0 0 000           2
2  3599  55.0000 354.0000 0000000   0.0000 348.0000 14.92546055    06
SATNET-590-06080 [DTC]
1  3600U 00000A   25274.57408802 .00000000  00000-0 0 000           5
2  3600  55.0000 354.0000 0000000   0.0000 354.0000 14.92546055    06
